AARDVARK	5
ABACUS	4
ABALONE	7
ABANDON	3
ABANDONER	7
ABANDONMENT	5
ABASE	10
ABASEMENT	10
ABATE	9
ABATEMENT	10
ABATTOIR	10
ABBACY	10
ABBESS	10
ABBEY	8
ABBOT	7
ABBREVIATE	5
ABBREVIATED	6
ABBREVIATION	4
ABDICATE	8
ABDICATION	10
ABDOMEN	4
ABDOMINAL	5
ABDUCT	6
ABDUCTION	7
ABDUCTOR	6
ABEAM	8
ABERRANT	8
ABERRATION	8
ABET	7
ABETTOR	11
ABEYANCE	10
ABHOR	9
ABHORRENT	7
ABIDE	5
ABIDING	5
ABILITY	4
ABJECT	9
ABJURATION	12
ABJURE	10
ABLATION	8
ABLAZE	6
ABLE	3
ABLUTION	9
ABNORMAL	5
ABNORMALITY	7
ABOARD	4
ABODE	7
ABOLISH	5
ABOLITION	8
ABOLITIONISM	7
ABOLITIONIST	8
ABOMINABLE	4
ABOMINATE	10
ABOMINATION	6
ABORIGINAL	10
ABORIGINE	8
ABORNING	8
ABORT	7
ABORTION	8
ABORTIONIST	10
ABORTIVE	9
ABOUND	7
ABOUT	0
ABOVE	0
ABOVEBOARD	8
ABOVEGROUND	3
ABOVEMENTIONED	9
ABRACADABRA	2
ABRADE	9
ABRASION	7
ABRASIVE	7
ABRASIVENESS	7
ABREACTION	11
ABREAST	8
ABRIDGE	9
ABRIDGED	8
ABRIDGEMENT	7
ABROAD	5
ABROGATE	10
ABRUPT	6
ABRUPTION	7
ABRUPTNESS	7
ABSCESS	8
ABSCOND	8
ABSCONDER	12
ABSENCE	3
ABSENT	2
ABSENTEE	6
ABSENTEEISM	8
ABSENTMINDED	6
ABSENTMINDEDNESS	5
ABSINTHE	11
ABSOLUTE	4
ABSOLUTELY	2
ABSOLUTENESS	8
ABSOLUTION	7
ABSOLVE	8
ABSOLVER	9
ABSORB	4
ABSORBENT	5
ABSORBER	5
ABSORPTION	6
ABSTAIN	8
ABSTENTION	10
ABSTINENCE	8
ABSTRACT	6
ABSTRACTION	9
ABSTRACTIONIST	10
ABSTRUSE	10
ABSURD	6
ABSURDIST	8
ABSURDITY	8
ABUNDANCE	5
ABUNDANT	8
ABUSE	4
ABUSER	5
ABUSIVE	5
ABUSIVENESS	5
ABUT	8
ABUTMENT	10
ABUZZ	8
ABYSM	10
ABYSMAL	9
ABYSS	6
ABYSSAL	12
ACACIA	9
ACADEME	8
ACADEMIA	9
ACADEMIC	5
ACADEMICIAN	10
ACADEMICISM	10
ACADEMY	4
ACANTHUS	10
ACCEDE	9
ACCELERANDO	10
ACCELERANT	8
ACCELERATE	6
ACCELERATED	5
ACCELERATION	5
ACCELERATOR	5
ACCENT	4
ACCENTUATE	8
ACCEPT	2
ACCEPTABLE	5
ACCEPTANCE	4
ACCEPTANT	7
ACCESS	4
ACCESSIBILITY	6
ACCESSIBLE	5
ACCESSION	7
ACCESSORIZE	6
ACCESSORY	6
ACCIDENT	0
ACCIDENTAL	2
ACCLAIM	7
ACCLAMATION	9
ACCLIMATE	9
ACCLIMATIZATION	11
ACCLIMATIZE	9
ACCOLADE	7
ACCOMMODATE	5
ACCOMMODATION	5
ACCOMMODATIVE	10
ACCOMPANIMENT	6
ACCOMPANIST	8
ACCOMPANY	6
ACCOMPLICE	5
ACCOMPLISH	3
ACCOMPLISHMENT	4
ACCORD	5
ACCORDANCE	7
ACCORDING	3
ACCORDION	4
ACCOST	8
ACCOUNT	3
ACCOUNTABILITY	7
ACCOUNTABLE	7
ACCOUNTANCY	10
ACCOUNTANT	7
ACCOUNTING	7
ACCOUTREMENT	9
ACCREDITATION	11
ACCREDITED	9
ACCRETE	9
ACCRUAL	10
ACCRUE	9
ACCUMULATE	7
ACCUMULATION	6
ACCUMULATIVE	8
ACCUMULATOR	9
ACCURACY	5
ACCURATE	4
ACCURSED	8
ACCUSATION	5
ACCUSATIVE	8
ACCUSATORY	6
ACCUSE	4
ACCUSER	7
ACCUSTOM	7
ACE	4
ACERB	11
ACERBIC	12
ACERBITY	11
ACETAMINOPHEN	8
ACETATE	8
ACETIC	9
ACETONE	9
ACETYL	11
ACETYLCHOLINE	11
ACETYLENE	12
ACETYLSALICYLIC	12
ACHE	1
ACHIEVABLE	5
ACHIEVE	4
ACHIEVEMENT	4
ACHIEVER	4
ACHINESS	5
ACHY	3
ACID	5
ACIDIC	6
ACIDITY	8
ACIDOPHILUS	12
ACIDOSIS	12
ACIDULOUS	10
ACKNOWLEDGE	4
ACKNOWLEDGEMENT	5
ACME	5
ACNE	6
ACOLYTE	9
ACONITUM	6
ACORN	1
ACOUSTIC	7
ACOUSTICAL	8
ACOUSTICS	6
ACQUAINTANCE	5
ACQUAINTANCESHIP	9
ACQUIESCE	9
ACQUIESCENCE	9
ACQUIESCENT	9
ACQUIRE	5
ACQUIRER	7
ACQUISITION	9
ACQUISITIVE	9
ACQUISITIVENESS	9
ACQUIT	8
ACQUITTAL	7
ACRE	5
ACREAGE	8
ACRID	9
ACRIMONIOUS	11
ACRIMONY	10
ACROBAT	3
ACROBATIC	4
ACROBATICS	4
ACRONYM	7
ACROPHOBIA	9
ACROPOLIS	10
ACROSS	2
ACROSTIC	10
ACRYLIC	7
ACT	1
ACTINIC	11
ACTION	2
ACTIONABLE	8
ACTIVATE	6
ACTIVATION	5
ACTIVATOR	7
ACTIVE	2
ACTIVISM	7
ACTIVIST	7
ACTIVITY	1
ACTOR	2
ACTRESS	1
ACTUAL	2
ACTUALITY	7
ACTUALIZATION	9
ACTUALIZE	9
ACTUALLY	2
ACTUARIAL	11
ACTUARY	12
ACTUATION	10
ACTUATOR	9
ACUITY	9
ACUMEN	9
ACUPRESSURE	9
ACUPUNCTURE	7
ACUPUNCTURIST	10
ACUTE	7
ACUTENESS	8
ACYCLOVIR	8
ADAGE	11
ADAGIO	8
ADAMANT	9
ADAMANTINE	11
ADAPT	4
ADAPTABILITY	7
ADAPTABLE	4
ADAPTATION	6
ADAPTER	7
ADAPTION	7
ADAPTIVE	6
ADAPTOR	5
ADD	0
ADDENDUM	11
ADDER	7
ADDICT	6
ADDICTION	7
ADDICTIVE	5
ADDICTIVENESS	7
ADDITION	1
ADDITIONAL	4
ADDITIVE	7
ADDLE	8
ADDLED	7
ADDRESS	0
ADDRESSEE	5
ADDUCE	8
ADDUCTOR	9
ADENOIDAL	10
ADENOMA	9
ADENOSINE	11
ADEPT	8
ADEPTNESS	9
ADEQUACY	8
ADEQUATE	5
ADHERE	6
ADHERENCE	7
ADHERENT	9
ADHESION	9
ADHESIVE	4
ADIABATIC	12
ADIPOSE	11
ADIPOSITY	11
ADJACENT	6
ADJECTIVE	4
ADJOINING	7
ADJOURN	8
ADJOURNMENT	9
ADJUDGE	10
ADJUDICATE	10
ADJUDICATION	11
ADJUDICATOR	11
ADJUNCT	8
ADJURATION	11
ADJURE	8
ADJUST	3
ADJUSTABILITY	7
ADJUSTABLE	4
ADJUSTER	6
ADJUSTMENT	5
ADJUSTOR	8
ADJUTANT	9
ADJUVANT	9
ADMIN	9
ADMINISTER	4
ADMINISTRATE	8
ADMINISTRATION	6
ADMINISTRATIVE	7
ADMINISTRATOR	7
ADMIRABLE	6
ADMIRAL	4
ADMIRALTY	6
ADMIRATION	4
ADMIRE	2
ADMIRER	4
ADMISSIBILITY	9
ADMISSIBLE	8
ADMISSION	4
ADMIT	3
ADMITTANCE	5
ADMIXTURE	9
ADMONISH	8
ADMONITION	9
ADO	7
ADOBE	7
ADOLESCENCE	5
ADOLESCENT	6
ADOPT	3
ADOPTABLE	4
ADOPTER	5
ADOPTION	3
ADOPTIVE	4
ADORABILITY	7
ADORABLE	2
ADORABLENESS	3
ADORATION	7
ADORE	3
ADORING	4
ADORN	7
ADORNMENT	7
ADRENAL	9
ADRENALIN	7
ADRENALINE	7
ADRIFT	6
ADROIT	8
ADROITNESS	10
ADULATION	8
ADULT	0
ADULTERANT	8
ADULTERATE	9
ADULTERER	7
ADULTERESS	7
ADULTEROUS	7
ADULTERY	7
ADULTHOOD	5
ADUMBRATION	12
ADVANCE	3
ADVANCED	4
ADVANCEMENT	6
ADVANTAGE	4
ADVANTAGEOUS	8
ADVENT	5
ADVENTURE	1
ADVENTURER	3
ADVENTURESOME	5
ADVENTURESS	5
ADVENTURIST	4
ADVENTUROUS	5
ADVENTUROUSNESS	7
ADVERB	3
ADVERBIAL	8
ADVERSARIAL	9
ADVERSARY	8
ADVERSE	6
ADVERSITY	7
ADVERT	9
ADVERTISE	5
ADVERTISEMENT	3
ADVERTISER	6
ADVERTISING	5
ADVICE	4
ADVISABLE	6
ADVISE	4
ADVISEE	8
ADVISEMENT	8
ADVISER	6
ADVISOR	6
ADVISORY	7
ADVOCACY	9
ADVOCATE	6
AEGIS	12
AERATE	8
AERATION	7
AERIAL	7
AERIALIST	9
AERIE	8
AERO	6
AEROBATICS	5
AEROBIC	5
AEROBICS	6
AERODYNAMIC	8
AERODYNAMICS	7
AERONAUT	8
AERONAUTICAL	9
AERONAUTICS	7
AEROSOL	4
AEROSPACE	7
AESTHETE	10
AESTHETIC	11
AESTHETICS	10
AFAR	3
AFEARD	6
AFFABILITY	9
AFFABLE	8
AFFAIR	6
AFFAIRE	6
AFFECT	5
AFFECTATION	9
AFFECTION	4
AFFECTIONATE	4
AFFECTIVE	7
AFFECTLESS	9
AFFIANT	9
AFFIDAVIT	11
AFFILIATE	7
AFFILIATION	7
AFFINITY	7
AFFIRM	7
AFFIRMATION	8
AFFIRMATIVE	6
AFFIX	7
AFFLICT	7
AFFLICTION	6
AFFLICTIVE	9
AFFLUENCE	9
AFFLUENT	8
AFFORD	2
AFFORDABILITY	6
AFFORDABLE	3
AFFRAY	8
AFFRIGHT	8
AFFRONT	7
AFGHAN	4
AFICIONADO	9
AFIRE	7
AFLAME	6
AFLOAT	4
AFOOT	6
AFOREMENTIONED	10
AFORESAID	9
AFORETHOUGHT	9
AFOUL	7
AFRAID	0
AFRO	5
AFT	9
AFTER	1
AFTERBIRTH	9
AFTERBURNER	6
AFTERCARE	7
AFTERDECK	11
AFTEREFFECT	7
AFTERGLOW	8
AFTERIMAGE	9
AFTERLIFE	3
AFTERMARKET	9
AFTERMATH	7
AFTERNOON	0
AFTERSCHOOL	2
AFTERSHAVE	5
AFTERSHOCK	5
AFTERTASTE	5
AFTERTHOUGHT	8
AFTERWARDS	3
AFTERWORLD	5
AGAIN	1
AGAINST	3
AGATE	8
AGAVE	10
AGE	0
AGEISM	12
AGEIST	11
AGELESS	5
AGENCY	6
AGENDA	5
AGENT	5
AGERATUM	8
AGGLOMERATE	11
AGGLUTINATE	10
AGGRANDIZE	10
AGGRANDIZEMENT	10
AGGRAVATE	3
AGGRAVATED	4
AGGRAVATION	4
AGGREGATE	9
AGGREGATION	10
AGGRESS	7
AGGRESSION	4
AGGRESSIVE	3
AGGRESSIVENESS	6
AGGRESSOR	6
AGGRIEVED	7
AGHAST	7
AGILE	7
AGILITY	5
AGING	2
AGITATE	5
AGITATED	5
AGITATION	7
AGITATOR	7
AGITPROP	12
AGLEAM	10
AGLITTER	9
AGLOW	5
AGNATE	12
AGNOSTIC	9
AGO	2
AGOG	10
AGONIST	10
AGONIZE	7
AGONIZING	6
AGONY	4
AGORA	9
AGORAPHOBIA	9
AGORAPHOBIC	10
AGRARIAN	10
AGREE	3
AGREEABLE	3
AGREEMENT	3
AGRIBUSINESS	12
AGRICULTURAL	5
AGRICULTURALIST	8
AGRICULTURE	5
AGUE	10
AHEAD	0
AHOY	3
AID	2
AIDE	3
AIDER	8
AIDS	4
AIGRETTE	10
AIKIDO	9
AIL	5
AILERON	10
AILING	6
AILMENT	5
AIM	2
AIMER	5
AIMLESS	5
AIR	0
AIRBAG	7
AIRBASE	5
AIRBOAT	6
AIRBORNE	5
AIRBRUSH	7
AIRCRAFT	3
AIRCRAFTSMAN	7
AIRCREW	5
AIRDROME	10
AIRDROP	4
AIRFARE	5
AIRFIELD	4
AIRFLOW	7
AIRFOIL	10
AIRFORCE	2
AIRHEAD	5
AIRINESS	6
AIRLESS	5
AIRLIFT	7
AIRLINE	4
AIRLINER	5
AIRLOCK	7
AIRMAIL	7
AIRMAN	6
AIRMATTRESS	4
AIRMOBILE	8
AIRPLANE	0
AIRPLAY	8
AIRPORT	2
AIRSHIP	6
AIRSICK	6
AIRSICKNESS	5
AIRSPACE	7
AIRSPEED	6
AIRSTREAM	7
AIRSTRIKE	8
AIRSTRIP	3
AIRTIGHT	5
AIRTIME	7
AIRWAVE	6
AIRWAY	6
AIRWORTHY	8
AIRY	5
AISLE	1
AJAR	5
AKA	6
AKIMBO	9
AKIN	8
ALABASTER	9
ALACRITY	10
ALARM	1
ALARMCLOCK	1
ALARMING	5
ALARMIST	8
ALARUM	7
ALAS	5
ALBACORE	9
ALBATROSS	7
ALBINISM	9
ALBINO	5
ALBUM	2
ALBUMEN	10
ALBUMIN	9
ALCALDE	6
ALCHEMICAL	11
ALCHEMIST	7
ALCHEMY	8
ALCOHOL	4
ALCOHOLIC	5
ALCOHOLISM	7
ALCOVE	7
ALDER	9
ALDERMAN	9
ALE	5
ALEHOUSE	9
ALEPH	9
ALERT	4
ALERTNESS	4
ALEXANDRINE	9
ALFALFA	4
ALFRESCO	10
ALGA	8
ALGEBRA	6
ALGEBRAIC	6
ALGINATE	10
ALGORITHM	10
ALGORITHMIC	10
ALIAS	4
ALIBI	8
ALIEN	3
ALIENATE	8
ALIENATION	8
ALIENIST	9
ALIENS	4
ALIGHT	6
ALIGN	5
ALIGNMENT	7
ALIKE	1
ALIMENTARY	8
ALIMONY	9
ALIT	8
ALIVE	0
ALKALI	9
ALKALINE	9
ALKALOID	9
ALKY	9
ALKYD	12
ALL	0
ALLAY	11
ALLEGATION	7
ALLEGE	8
ALLEGED	7
ALLEGIANCE	3
ALLEGIANT	10
ALLEGORICAL	7
ALLEGORY	9
ALLEGRO	8
ALLELE	10
ALLERGEN	7
ALLERGIC	3
ALLERGIST	7
ALLERGY	3
ALLEVIATE	6
ALLEY	2
ALLEYWAY	3
ALLIANCE	6
ALLIED	6
ALLIGATOR	0
ALLITERATION	9
ALLITERATIVE	10
ALLOCATE	9
ALLOCATION	7
ALLOCUTION	10
ALLOGRAFT	10
ALLOT	9
ALLOTMENT	8
ALLOW	0
ALLOWABLE	5
ALLOWANCE	2
ALLOY	10
ALLUDE	8
ALLURE	7
ALLURING	8
ALLUSION	8
ALLUVIAL	12
ALLY	5
ALMANAC	6
ALMANDINE	12
ALMIGHTINESS	4
ALMIGHTY	3
ALMOND	3
ALMONER	8
ALMOST	0
ALMS	5
ALMSHOUSE	12
ALOE	4
ALOFT	5
ALOHA	5
ALONE	0
ALONENESS	4
ALONG	0
ALONGSHORE	7
ALOOF	8
ALOPECIA	12
ALOUD	1
ALP	7
ALPACA	6
ALPHA	7
ALPHABET	0
ALPHABETICAL	1
ALPHABETIZE	2
ALPHANUMERIC	8
ALPHORN	10
ALPINE	6
ALRIGHT	1
ALSO	2
ALTAR	2
ALTARPIECE	6
ALTER	4
ALTERATION	5
ALTERCATION	7
ALTERNATE	4
ALTERNATING	7
ALTERNATION	7
ALTERNATIVE	5
ALTERNATOR	6
ALTHOUGH	3
ALTIMETER	9
ALTITUDE	5
ALTO	5
ALTOGETHER	3
ALTRUISM	11
ALTRUIST	11
ALTRUISTIC	9
ALUM	8
ALUMINA	7
ALUMINUM	2
ALUMNA	9
ALUMNUS	9
ALVEOLAR	10
ALVEOLUS	10
ALWAYS	1
AMAH	9
AMALGAM	10
AMALGAMATED	10
AMALGAMATION	12
AMANDINE	10
AMANITA	11
AMANUENSIS	7
AMARANTH	11
AMARETTO	10
AMARYLLIS	10
AMASS	7
AMASSMENT	10
AMATEUR	6
AMATEURISH	8
AMATEURISM	8
AMAZE	3
AMAZED	2
AMAZEMENT	4
AMAZING	0
AMBASSADOR	6
AMBASSADORIAL	8
AMBASSADORSHIP	8
AMBER	4
AMBERGRIS	12
AMBIANCE	10
AMBIDEXTROUS	7
AMBIENCE	8
AMBIENT	8
AMBIGUITY	9
AMBIGUOUS	9
AMBITION	6
AMBITIOUS	6
AMBIVALENCE	8
AMBIVALENT	7
AMBLE	7
AMBROSIA	9
AMBROSIAL	12
AMBULANCE	1
AMBULATION	10
AMBULATORY	8
AMBUSH	4
AMELIORATE	9
AMELIORATION	11
AMEN	1
AMENABLE	9
AMEND	6
AMENDMENT	5
AMENDS	5
AMERICANIZE	7
AMETHYST	7
AMIABILITY	8
AMIABLE	8
AMICABLE	8
AMICE	7
AMICUS	10
AMID	6
AMIDST	5
AMINO	9
AMISS	6
AMITY	8
AMMETER	12
AMMO	3
AMMONIA	6
AMMONIUM	7
AMMUNITION	5
AMNESIA	6
AMNESIAC	8
AMNESIC	9
AMNESTY	8
AMNIOCENTESIS	9
AMNIOTIC	9
AMOEBA	8
AMOEBIC	9
AMONG	3
AMONGST	4
AMONTILLADO	9
AMORAL	7
AMORALITY	10
AMOROUS	9
AMORPHOUS	10
AMORTIZATION	12
AMORTIZE	11
AMOUNT	2
AMOUR	8
AMP	7
AMPERAGE	7
AMPERSAND	8
AMPHETAMINE	11
AMPHIBIAN	3
AMPHIBIOUS	6
AMPHITHEATER	7
AMPHORA	10
AMPLE	7
AMPLIFICATION	6
AMPLIFIER	6
AMPLIFY	7
AMPLITUDE	7
AMPUTATE	5
AMPUTATION	7
AMPUTEE	6
AMUCK	6
AMULET	7
AMUSE	4
AMUSED	3
AMUSEMENT	4
AMUSING	3
AMYL	11
AMYLASE	12
ANABOLIC	11
ANACHRONISM	9
ANACHRONISTIC	11
ANACONDA	5
ANAEROBIC	8
ANAESTHETIZE	9
ANAGOGIC	10
ANAGRAM	6
ANAL	8
ANALEPTIC	11
ANALGESIA	10
ANALGESIC	10
ANALOG	9
ANALOGOUS	9
ANALOGUE	7
ANALOGY	6
ANALYSIS	6
ANALYST	7
ANALYTIC	8
ANALYTICAL	7
ANALYZABLE	6
ANALYZE	6
ANALYZER	6
ANAPESTIC	11
ANAPHYLACTIC	11
ANAPHYLAXIS	12
ANARCHIC	9
ANARCHISM	7
ANARCHIST	8
ANARCHISTIC	11
ANARCHY	9
ANATHEMA	8
ANATOMIC	8
ANATOMICAL	7
ANATOMIST	9
ANATOMIZE	9
ANATOMY	7
ANCESTOR	4
ANCESTORS	4
ANCESTRAL	6
ANCESTRY	5
ANCHOR	1
ANCHORAGE	7
ANCHORITE	10
ANCHORMAN	3
ANCHORWOMAN	6
ANCHOVY	4
ANCIENT	3
ANCILLARY	9
AND	0
ANDIRON	8
ANDROGYNOUS	11
ANDROGYNY	12
ANDROID	9
ANECDOTAL	7
ANECDOTE	9
ANEMIA	7
ANEMIC	8
ANEMONE	8
ANENT	12
ANEROID	7
ANESTHESIA	8
ANESTHESIOLOGIST	8
ANESTHETIC	8
ANESTHETIST	8
ANESTHETIZE	8
ANEURISM	10
ANEURYSM	10
ANEW	6
ANGEL	0
ANGELFISH	2
ANGELIC	3
ANGELICAL	6
ANGER	1
ANGINA	11
ANGIOGRAM	10
ANGIOGRAPHY	11
ANGIOPLASTY	12
ANGLE	3
ANGLER	7
ANGLEWORM	5
ANGLOPHILE	12
ANGORA	10
ANGRY	0
ANGST	8
ANGUISH	7
ANGUISHED	7
ANGULAR	6
ANHYDRIDE	12
ANILINE	12
ANIMAL	0
ANIMALISTIC	8
ANIMATE	4
ANIMATED	2
ANIMATION	4
ANIMATOR	5
ANIME	9
ANIMOSITY	8
ANIMUS	10
ANION	8
ANISE	9
ANISETTE	12
ANKH	10
ANKLE	0
ANKLEBONE	2
ANKLET	4
ANNALS	9
ANNATTO	10
ANNEX	8
ANNEXATION	9
ANNIHILATE	6
ANNIHILATION	7
ANNIVERSARY	2
ANNOTATE	10
ANNOTATOR	10
ANNOUNCE	4
ANNOUNCEMENT	3
ANNOUNCER	2
ANNOY	2
ANNOYANCE	4
ANNOYED	3
ANNOYER	4
ANNOYING	2
ANNUAL	4
ANNUITY	11
ANNUL	8
ANNULAR	9
ANNULMENT	7
ANNUNCIATION	7
ANODE	10
ANODIC	9
ANODIZED	9
ANODYNE	10
ANOINT	4
ANOINTED	8
ANOMALOUS	10
ANOMALY	7
ANONYMITY	8
ANONYMOUS	5
ANORECTIC	10
ANOREXIA	8
ANOREXIC	7
ANOSMATIC	10
ANOTHER	0
ANOXIA	10
ANSWER	0
ANSWERABLE	4
ANT	0
ANTACID	8
ANTAGONISM	7
ANTAGONIST	6
ANTAGONISTIC	9
ANTAGONIZE	7
ANTE	7
ANTEATER	4
ANTEBELLUM	12
ANTECEDENT	10
ANTECHAMBER	11
ANTEDILUVIAN	10
ANTELOPE	3
ANTENATAL	12
ANTENNA	2
ANTERIOR	9
ANTEROOM	11
ANTHEM	4
ANTHER	7
ANTHILL	2
ANTHOLOGY	9
ANTHRACITE	9
ANTHRAX	9
ANTHROPOID	9
ANTHROPOLOGICAL	10
ANTHROPOLOGIST	8
ANTHROPOLOGY	10
ANTI	4
ANTIAIRCRAFT	7
ANTIBACTERIAL	7
ANTIBIOTIC	5
ANTIBIOTICS	5
ANTIBODY	7
ANTIC	7
ANTICHRIST	8
ANTICIPATE	6
ANTICIPATION	5
ANTICIPATORY	9
ANTICLIMACTIC	9
ANTICLIMAX	10
ANTICLINE	6
ANTICOAGULANT	10
ANTICOAGULATION	11
ANTICOMMUNISM	9
ANTICOMMUNIST	8
ANTICORROSIVE	9
ANTICS	5
ANTIDEMOCRATIC	9
ANTIDEPRESSANT	9
ANTIDOTAL	10
ANTIDOTE	5
ANTIESTABLISHMENT	10
ANTIFASCIST	11
ANTIFEMINIST	8
ANTIFREEZE	5
ANTIFUNGAL	7
ANTIGEN	9
ANTIGOVERNMENT	7
ANTIGRAVITY	6
ANTIGUN	9
ANTIHISTAMINE	8
ANTIHUMAN	6
ANTIMATTER	10
ANTIMILITARY	8
ANTIMISSILE	10
ANTIMONY	7
ANTINUCLEAR	8
ANTIOXIDANT	10
ANTIPASTO	11
ANTIPATHY	8
ANTIPERSONNEL	8
ANTIPERSPIRANT	6
ANTIPHONAL	11
ANTIPSYCHOTIC	9
ANTIQUARIAN	9
ANTIQUATED	9
ANTIQUE	3
ANTIQUES	6
ANTIQUITY	8
ANTISEPTIC	5
ANTISEPTICS	6
ANTISERUM	9
ANTISLAVERY	6
ANTISOCIAL	6
ANTISPASMODIC	11
ANTITANK	9
ANTITHESIS	8
ANTITHETICAL	10
ANTITOXIN	9
ANTITRUST	10
ANTIVENIN	9
ANTIVIRAL	10
ANTIVIRUS	8
ANTIVIVISECTION	11
ANTIVIVISECTIONIST	10
ANTIWAR	7
ANTLER	1
ANTSY	4
ANUS	6
ANVIL	6
ANXIETY	3
ANXIOUS	5
ANY	1
ANYBODY	0
ANYHOW	3
ANYONE	0
ANYTHING	1
ANYTIME	1
ANYWAY	1
AORTA	8
AORTAL	9
AORTIC	8
APACHE	6
APART	2
APARTHEID	10
APARTMENT	3
APARTMENTS	2
APARTNESS	5
APATHETIC	10
APATHY	9
APATITE	7
APE	1
APELIKE	5
APERITIF	10
APERTURE	10
APEX	8
APHASIA	12
APHASIC	10
APHID	6
APHIS	12
APHORISM	11
APHRODISIAC	8
APIARY	10
APISH	8
APLENTY	8
APLOMB	10
APNEA	11
APOCALYPSE	8
APOGEE	12
APOLITICAL	12
APOLLONIAN	10
APOLOGETIC	5
APOLOGIA	9
APOLOGIST	7
APOLOGIZE	1
APOLOGY	1
APOPLECTIC	10
APOPLEXY	11
APOSTATE	8
APOSTLE	5
APOSTOLATE	12
APOSTROPHE	3
APOTHECARY	9
APOTHEGM	11
APOTHEOSIS	11
APP	12
APPALLED	7
APPALLING	7
APPALOOSA	7
APPARATCHIK	11
APPARATUS	6
APPAREL	6
APPARENT	5
APPARITION	7
APPEAL	5
APPEAR	2
APPEARANCE	4
APPEASE	7
APPEASEMENT	8
APPEASER	8
APPELLANT	9
APPELLATE	9
APPELLATION	11
APPEND	8
APPENDAGE	7
APPENDECTOMY	7
APPENDICITIS	7
APPENDIX	6
APPERCEPTION	9
APPETITE	4
APPETIZER	4
APPETIZING	6
APPLAUD	2
APPLAUSE	1
APPLE	0
APPLECART	4
APPLEJACK	2
APPLESAUCE	0
APPLIANCE	4
APPLICABILITY	10
APPLICABLE	8
APPLICANT	7
APPLICATION	4
APPLICATOR	6
APPLY	4
APPOINT	5
APPOINTEE	9
APPOINTMENT	3
APPRAISAL	8
APPRAISE	10
APPRAISER	8
APPRECIABLE	5
APPRECIATE	4
APPRECIATION	4
APPRECIATIVE	5
APPRECIATOR	7
APPREHEND	6
APPREHENSIBILITY	9
APPREHENSION	6
APPREHENSIVE	6
APPRENTICE	6
APPRENTICESHIP	9
APPRISE	9
APPROACH	4
APPROACHABLE	5
APPROBATION	10
APPROPRIATE	4
APPROPRIATENESS	5
APPROPRIATION	8
APPROVAL	3
APPROVE	3
APPROXIMATE	6
APPROXIMATION	8
APRICOT	1
APRIORITY	9
APRON	2
APSE	8
APT	8
APTITUDE	7
AQUALUNG	10
AQUAMARINE	5
AQUAPLANE	9
AQUARIUM	2
AQUATIC	4
AQUATICS	4
AQUAVIT	10
AQUEDUCT	7
AQUEOUS	7
AQUIFER	8
ARABESQUE	8
ARABLE	8
ARACHNID	7
ARACHNOPHOBIA	7
ARAGONITE	10
ARBITER	11
ARBITRAGE	12
ARBITRARY	9
ARBITRATE	10
ARBITRATION	9
ARBITRATOR	9
ARBOR	6
ARBOREAL	9
ARBORETUM	9
ARBORIST	9
ARC	4
ARCADE	3
ARCANE	10
ARCH	3
ARCHAEOLOGICAL	4
ARCHAEOLOGIST	5
ARCHAEOLOGY	5
ARCHAEOPTERYX	9
ARCHAIC	10
ARCHAISM	10
ARCHANGEL	7
ARCHBISHOP	5
ARCHDEACON	10
ARCHDIOCESE	7
ARCHDUCHESS	8
ARCHDUKE	7
ARCHED	5
ARCHENEMY	6
ARCHER	4
ARCHERY	4
ARCHETYPAL	11
ARCHETYPE	9
ARCHIEPISCOPAL	11
ARCHIMANDRITE	12
ARCHIPELAGO	8
ARCHITECT	5
ARCHITECTONIC	9
ARCHITECTURAL	7
ARCHITECTURE	5
ARCHITRAVE	12
ARCHIVAL	6
ARCHIVE	8
ARCHIVES	6
ARCHIVIST	9
ARCHON	12
ARCHWAY	5
ARCSINE	9
ARCTIC	3
ARDENCY	12
ARDENT	8
ARDOR	9
ARDUOUS	9
AREA	2
AREAL	9
ARENA	5
AREOLA	8
ARGENT	9
ARGENTINE	8
ARGILLACEOUS	10
ARGON	10
ARGOSY	8
ARGOT	11
ARGUE	0
ARGUMENT	3
ARGUMENTATIVE	7
ARIA	9
ARID	6
ARIDITY	8
ARIOSO	10
ARISE	2
ARISTOCRACY	6
ARISTOCRAT	7
ARISTOCRATIC	7
ARITHMETIC	2
ARITHMETICAL	6
ARK	2
ARM	0
ARMADA	9
ARMADILLO	4
ARMAGEDDON	7
ARMAMENT	9
ARMATURE	9
ARMBAND	5
ARMCHAIR	2
ARMED	4
ARMFUL	5
ARMISTICE	9
ARMLESS	4
ARMLOAD	4
ARMOIRE	7
ARMOR	2
ARMORED	5
ARMORIAL	10
ARMORY	6
ARMPIT	1
ARMREST	2
ARMS	0
ARMY	2
AROMA	4
AROMATHERAPY	10
AROMATIC	6
AROUND	1
AROUSAL	8
AROUSE	8
ARPEGGIO	9
ARRAIGN	7
ARRAIGNMENT	11
ARRANGE	3
ARRANGEMENT	5
ARRANGER	7
ARRANT	7
ARRAY	6
ARREARS	12
ARREST	2
ARRESTEE	7
ARRESTMENT	6
ARRHYTHMIA	11
ARRHYTHMIC	9
ARRIVAL	3
ARRIVE	1
ARROGANCE	7
ARROGANT	5
ARROW	1
ARROWROOT	7
ARSENAL	7
ARSENIC	7
ARSENICAL	10
ARSINE	9
ARSON	6
ARSONIST	6
ART	1
ARTERIAL	10
ARTERIOGRAM	12
ARTERIOSCLEROSIS	12
ARTERY	8
ARTFUL	5
ARTHRITIC	7
ARTHRITIS	7
ARTHROPOD	8
ARTHROSCOPIC	10
ARTICHOKE	5
ARTICLE	4
ARTICULAR	8
ARTICULATE	8
ARTICULATION	8
ARTIFACT	5
ARTIFICE	8
ARTIFICIAL	5
ARTIFICIALITY	7
ARTILLERY	6
ARTILLERYMAN	8
ARTISAN	8
ARTIST	2
ARTISTE	7
ARTISTIC	4
ARTISTRY	6
ARTLESS	9
ARTS	1
ARTSY	6
ARTWORK	2
ARTY	5
ARUGULA	12
ASBESTOS	9
ASCEND	6
ASCENDANCY	11
ASCENDANT	9
ASCENDING	6
ASCENSION	8
ASCENT	6
ASCERTAIN	8
ASCERTAINABLE	11
ASCETIC	9
ASCORBIC	8
ASCRIBE	10
ASEPTIC	9
ASEXUAL	11
ASH	2
ASHAMED	2
ASHCAN	6
ASHEN	8
ASHES	2
ASHORE	4
ASHRAM	12
ASHTRAY	1
ASHY	4
ASIDE	3
ASININE	8
ASININITY	11
ASK	0
ASKER	3
ASKEW	6
ASLEEP	0
ASP	6
ASPARAGUS	2
ASPECT	5
ASPEN	5
ASPERSE	9
ASPERSION	9
ASPHALT	4
ASPHYXIA	9
ASPHYXIATE	8
ASPHYXIATION	10
ASPIC	11
ASPIDISTRA	12
ASPIRANT	8
ASPIRATE	9
ASPIRATION	6
ASPIRE	7
ASPIRIN	3
ASPIRING	6
ASS	3
ASSAIL	7
ASSAILABLE	8
ASSAILANT	7
ASSASSIN	6
ASSASSINATE	5
ASSASSINATION	4
ASSASSINATOR	6
ASSAULT	5
ASSAULTIVE	10
ASSAY	10
ASSEGAI	12
ASSEMBLAGE	9
ASSEMBLE	4
ASSEMBLY	2
ASSEMBLYMAN	8
ASSENT	6
ASSERT	6
ASSERTION	7
ASSERTIVE	5
ASSERTIVENESS	6
ASSESS	6
ASSESSMENT	7
ASSESSOR	10
ASSET	7
ASSHOLE	5
ASSIDUITY	12
ASSIDUOUS	8
ASSIGN	4
ASSIGNATION	8
ASSIGNMENT	2
ASSIMILATE	8
ASSIMILATION	10
ASSIST	4
ASSISTANCE	4
ASSISTANT	4
ASSOCIATE	6
ASSOCIATION	6
ASSOCIATIVE	9
ASSORTED	4
ASSORTMENT	4
ASSUAGE	10
ASSUME	3
ASSUMPTION	5
ASSURANCE	7
ASSURE	7
ASSUREDNESS	8
ASTER	8
ASTERISK	7
ASTEROID	4
ASTHMA	5
ASTHMATIC	4
ASTIGMATISM	9
ASTONISH	7
ASTONISHED	6
ASTONISHING	4
ASTONISHMENT	5
ASTOUND	7
ASTOUNDED	6
ASTRADDLE	8
ASTRAL	8
ASTRAY	5
ASTRINGENT	9
ASTROBIOLOGY	11
ASTRODOME	8
ASTROLABE	9
ASTROLOGER	6
ASTROLOGICAL	5
ASTROLOGIST	6
ASTROLOGY	5
ASTRONAUT	1
ASTRONAUTICS	7
ASTRONOMER	5
ASTRONOMIC	7
ASTRONOMICAL	8
ASTRONOMY	4
ASTROPHYSICAL	9
ASTROPHYSICIST	8
ASTROPHYSICS	8
ASTUTE	10
ASTUTENESS	8
ASYLUM	8
ASYMMETRIC	7
ASYMMETRICAL	7
ASYMMETRY	7
ASYMPTOMATIC	9
ATAVISM	11
ATAVISTIC	12
ATELIER	10
ATHEISM	8
ATHEIST	7
ATHEISTIC	10
ATHENEUM	9
ATHLETE	2
ATHLETIC	4
ATHLETICISM	5
ATHLETICS	3
ATILT	7
ATLAS	3
ATMOSPHERE	5
ATMOSPHERIC	5
ATOLL	10
ATOM	5
ATOMIC	5
ATOMIZE	8
ATOMIZER	8
ATONAL	8
ATONALITY	12
ATONE	7
ATONEMENT	7
ATRABILIOUS	12
ATREMBLE	6
ATRIUM	7
ATROCIOUS	7
ATROCITY	8
ATROPHY	11
ATROPINE	11
ATTACH	1
ATTACHE	9
ATTACHMENT	5
ATTACK	2
ATTACKER	2
ATTAIN	6
ATTAINABILITY	9
ATTAINABLE	4
ATTAINMENT	9
ATTAR	12
ATTEMPT	3
ATTEMPTED	4
ATTEND	3
ATTENDANCE	2
ATTENDANT	5
ATTENDEE	6
ATTENTION	2
ATTENTIVE	4
ATTENTIVENESS	7
ATTENUATE	11
ATTENUATION	10
ATTEST	9
ATTIC	0
ATTIRE	6
ATTITUDE	2
ATTITUDINAL	10
ATTORNEY	6
ATTRACT	4
ATTRACTION	5
ATTRACTIVE	4
ATTRACTIVENESS	5
ATTRACTOR	6
ATTRIBUTABLE	10
ATTRIBUTE	8
ATTRIBUTION	6
ATTRIBUTIVE	9
ATTRITION	9
ATTUNE	6
ATTUNEMENT	10
ATYPICAL	8
AUBURN	6
AUCTION	6
AUCTIONEER	4
AUDACIOUS	9
AUDACITY	8
AUDIBLE	6
AUDIENCE	2
AUDIO	4
AUDIOLOGIST	9
AUDIOLOGY	11
AUDIOPHILE	10
AUDIOTAPE	5
AUDIOVISUAL	6
AUDIT	9
AUDITION	3
AUDITOR	10
AUDITORIUM	2
AUDITORY	8
AUGER	9
AUGMENT	9
AUGMENTATION	9
AUGUR	10
AUGURY	11
AUGUST	1
AUNT	0
AUNTIE	0
AURA	7
AURAL	10
AUREOLE	9
AURICLE	11
AURICULAR	9
AURIFEROUS	12
AURORA	8
AUSCULTATION	11
AUSPICES	10
AUSPICIOUS	9
AUSTERE	9
AUSTERITY	12
AUSTRAL	9
AUSTRALOPITHECINE	8
AUTEUR	10
AUTHENTIC	3
AUTHENTICATE	7
AUTHENTICATION	8
AUTHENTICATOR	9
AUTHENTICITY	7
AUTHOR	2
AUTHORESS	8
AUTHORIAL	11
AUTHORITARIAN	8
AUTHORITARIANISM	8
AUTHORITATIVE	7
AUTHORITY	3
AUTHORIZATION	6
AUTHORIZE	5
AUTHORSHIP	6
AUTISM	9
AUTISTIC	9
AUTO	2
AUTOBIOGRAPHER	5
AUTOBIOGRAPHICAL	4
AUTOBIOGRAPHY	5
AUTOBUS	6
AUTOCLAVE	11
AUTOCRACY	8
AUTOCRAT	9
AUTOCRATIC	9
AUTODIDACTIC	11
AUTOEROTIC	10
AUTOGENESIS	9
AUTOGIRO	11
AUTOGRAPH	2
AUTOGRAPHED	2
AUTOHYPNOSIS	12
AUTOIMMUNE	8
AUTOLYSIS	10
AUTOMAKER	6
AUTOMAT	6
AUTOMATE	7
AUTOMATED	6
AUTOMATIC	4
AUTOMATION	7
AUTOMATISM	9
AUTOMATON	9
AUTOMOBILE	2
AUTOMOTIVE	3
AUTONOMIC	8
AUTONOMOUS	8
AUTONOMY	9
AUTOPILOT	5
AUTOPSY	7
AUTOSUGGESTION	12
AUTUMN	1
AUTUMNAL	8
AUXILIARY	9
AVAIL	7
AVAILABILITY	4
AVAILABLE	4
AVALANCHE	5
AVARICE	9
AVARICIOUS	11
AVARICIOUSNESS	10
AVAST	9
AVATAR	8
AVE	5
AVENGE	6
AVENGER	6
AVENGING	6
AVENUE	2
AVER	7
AVERAGE	4
AVERSE	9
AVERSION	7
AVERT	6
AVIAN	7
AVIARY	7
AVIATION	5
AVIATOR	4
AVIATRIX	8
AVID	6
AVIONICS	9
AVOCADO	4
AVOCATION	11
AVOID	4
AVOIDABLE	4
AVOIDANCE	7
AVOIDANT	7
AVOIDER	5
AVOUCH	11
AVOW	9
AVOWAL	8
AVULSION	11
AVUNCULAR	10
AWAIT	4
AWAKE	0
AWAKEN	2
AWAKENER	7
AWAKENING	6
AWARD	3
AWARE	2
AWARENESS	4
AWASH	6
AWAY	0
AWE	4
AWED	5
AWEIGH	8
AWELESS	5
AWESOME	2
AWESOMENESS	6
AWESTRUCK	5
AWFUL	1
AWFULNESS	5
AWHILE	2
AWKWARD	4
AWKWARDNESS	5
AWL	6
AWN	6
AWNING	6
AWRY	7
AXE	1
AXIAL	7
AXIOM	11
AXIOMATIC	8
AXIS	7
AXLE	6
AXON	9
AXONAL	9
AYATOLLAH	10
AYE	5
AZALEA	8
AZIMUTH	11
AZURE	8
BABBLE	2
BABE	2
BABOON	4
BABUSHKA	8
BABY	0
BABYCARRIAGE	1
BABYHOOD	3
BABYISH	2
BABYSIT	1
BABYSITTER	1
BACCALAUREATE	10
BACCARAT	9
BACCHANAL	12
BACCHANALIA	10
BACHELOR	7
BACHELORETTE	8
BACHELORHOOD	8
BACILLARY	12
BACILLUS	8
BACK	0
BACKACHE	3
BACKBEAT	8
BACKBENCHER	10
BACKBEND	4
BACKBITER	7
BACKBITING	8
BACKBOARD	4
BACKBONE	2
BACKBREAKER	7
BACKCHAT	5
BACKCOUNTRY	4
BACKCOURT	7
BACKDOOR	1
BACKDROP	5
BACKER	8
BACKFIELD	6
BACKFIRE	5
BACKFLOW	9
BACKGAMMON	5
BACKGROUND	4
BACKGROUNDER	6
BACKHAND	4
BACKHANDED	5
BACKHOE	4
BACKLASH	5
BACKLESS	7
BACKLIT	8
BACKLOG	7
BACKPACK	0
BACKPACKER	5
BACKPEDAL	6
BACKPLANE	7
BACKREST	3
BACKROOM	5
BACKSCATTER	11
BACKSCRATCHER	2
BACKSEAT	0
BACKSIDE	1
BACKSLAPPER	6
BACKSLASH	8
BACKSLID	6
BACKSLIDE	8
BACKSPIN	7
BACKSTAB	5
BACKSTABBER	5
BACKSTAGE	4
BACKSTAIRS	4
BACKSTOP	5
BACKSTREET	6
BACKSTRETCH	6
BACKSTROKE	4
BACKSWING	7
BACKTALK	3
BACKTRACK	7
BACKUP	6
BACKWARD	1
BACKWARDNESS	2
BACKWARDS	1
BACKWASH	4
BACKWATER	8
BACKWOODS	5
BACKYARD	0
BACON	0
BACTERIA	4
BACTERIAL	6
BACTERIOLOGICAL	9
BACTERIUM	8
BAD	0
BADASS	7
BADDIE	4
BADDY	4
BADGE	1
BADGER	4
BADINAGE	10
BADLY	2
BADMINTON	6
BADMOUTH	3
BADNESS	1
BAFFLE	5
BAFFLING	6
BAG	0
BAGATELLE	8
BAGEL	4
BAGFUL	1
BAGGAGE	3
BAGGIE	2
BAGGY	2
BAGMAN	7
BAGPIPE	4
BAGPIPER	4
BAGUETTE	9
BAIL	5
BAILER	7
BAILIFF	7
BAILIWICK	9
BAIRN	7
BAIT	2
BAITS	3
BAKE	1
BAKER	1
BAKERY	2
BAKESHOP	4
BAKLAVA	11
BALACLAVA	10
BALALAIKA	11
BALANCE	5
BALANCED	3
BALANCER	3
BALCONY	3
BALD	2
BALDACHIN	12
BALDHEAD	1
BALDING	3
BALDNESS	2
BALDY	4
BALE	3
BALEEN	10
BALEFUL	8
BALER	7
BALK	8
BALL	0
BALLAD	6
BALLADE	9
BALLADEER	11
BALLAST	10
BALLERINA	0
BALLET	2
BALLETIC	7
BALLGAME	1
BALLISTA	12
BALLISTIC	11
BALLISTICS	8
BALLOON	0
BALLOONIST	5
BALLOT	4
BALLOTING	7
BALLPARK	0
BALLPLAYER	2
BALLPOINT	3
BALLROOM	2
BALLSY	6
BALLYHOO	6
BALM	5
BALMY	6
BALSA	7
BALSAM	9
BALSAMIC	10
BALSAWOOD	8
BAM	1
BAMBOO	4
BAMBOOZLE	9
BAMBOOZLED	6
BAN	5
BANAL	12
BANALITY	7
BANANA	0
BAND	1
BANDAGE	1
BANDAID	0
BANDANNA	4
BANDBOX	6
BANDICOOT	8
BANDIT	3
BANDITRY	9
BANDITTI	12
BANDLEADER	5
BANDMASTER	7
BANDOLEER	9
BANDSTAND	4
BANDWAGON	6
BANDWIDTH	10
BANDY	7
BANE	5
BANEFUL	8
BANG	1
BANGER	6
BANGLE	4
BANGTAIL	5
BANISH	5
BANISHMENT	6
BANISTER	5
BANJO	3
BANK	1
BANKABLE	8
BANKBOOK	6
BANKER	2
BANKING	4
BANKNOTE	7
BANKROLL	6
BANKRUPT	6
BANKRUPTCY	6
BANNER	4
BANNISTER	3
BANNOCK	12
BANNS	7
BANQUET	3
BANQUETTE	5
BANSHEE	7
BANTAM	9
BANTAMWEIGHT	11
BANTER	6
BANTLING	0
BANYAN	6
BANZAI	8
BAOBAB	10
BAP	7
BAPTISM	2
BAPTISMAL	4
BAPTIZE	2
BAPTIZER	5
BAR	2
BARB	5
BARBARIAN	5
BARBARIC	7
BARBARISM	7
BARBARITY	8
BARBAROUS	8
BARBECUE	3
BARBED	5
BARBEDWIRE	3
BARBELL	6
BARBER	2
BARBERSHOP	2
BARBET	8
BARBICAN	8
BARBITURATE	10
BARBWIRE	2
BARD	8
BARE	1
BAREBACKED	7
BAREFACED	6
BAREFOOT	0
BAREFOOTED	0
BARELY	2
BARF	3
BARGAIN	4
BARGAINER	7
BARGAINING	5
BARGE	4
BARISTA	12
BARITE	9
BARITONE	6
BARIUM	9
BARK	0
BARKEEP	9
BARKEEPER	6
BARLEY	5
BARLEYCORN	8
BARMAID	7
BARMAN	8
BARMY	8
BARN	0
BARNACLE	7
BARNSTORM	8
BARNSTORMER	7
BARNYARD	0
BAROMETER	7
BAROMETRIC	7
BARON	7
BARONESS	7
BARONET	6
BARONIAL	7
BARONY	9
BAROQUE	9
BAROUCHE	10
BARRACK	6
BARRACUDA	5
BARRAGE	5
BARRATRY	12
BARREL	3
BARRELFUL	6
BARRELHEAD	7
BARRELHOUSE	11
BARREN	6
BARRENNESS	7
BARRETTE	2
BARRICADE	6
BARRIER	4
BARRISTER	10
BARROOM	8
BARSTOOL	3
BARTEND	6
BARTENDER	4
BARTER	6
BAS	4
BASAL	6
BASALT	8
BASE	1
BASEBALL	0
BASEBOARD	6
BASELESS	8
BASELINE	7
BASEMAN	4
BASEMENT	2
BASENESS	7
BASH	4
BASHER	7
BASHFUL	2
BASHFULNESS	4
BASIC	4
BASICS	1
BASIL	5
BASILAR	11
BASILICA	9
BASILISK	9
BASIN	5
BASIS	6
BASK	6
BASKET	1
BASKETBALL	0
BASKETFUL	4
BASOPHILIC	12
BASS	4
BASSET	6
BASSINET	4
BASSIST	7
BASSO	12
BASSOON	5
BASTARD	5
BASTARDIZE	8
BASTE	6
BASTINADO	11
BASTION	10
BAT	0
BATBOY	4
BATCH	2
BATED	4
BATH	0
BATHE	0
BATHER	3
BATHHOUSE	7
BATHING	0
BATHMAT	1
BATHROBE	3
BATHROOM	0
BATHTUB	0
BATHWATER	0
BATHYSPHERE	10
BATIK	12
BATON	3
BATSMAN	6
BATTALION	7
BATTEN	8
BATTER	2
BATTERED	5
BATTERING	5
BATTERY	1
BATTLE	2
BATTLEAXE	6
BATTLEDRESS	8
BATTLEFIELD	3
BATTLEFRONT	5
BATTLEGROUND	3
BATTLEMENT	8
BATTLEMENTS	7
BATTLER	5
BATTLESHIP	3
BATTLEWAGON	5
BATTY	5
BATWING	4
BAUBLE	6
BAUD	9
BAUXITE	8
BAWD	10
BAWDY	9
BAWL	6
BAY	4
BAYBERRY	7
BAYONET	6
BAYOU	7
BAYOUS	9
BAZAAR	5
BAZOOKA	6
BEACH	0
BEACHBALL	0
BEACHCOMBER	7
BEACHFRONT	4
BEACHHEAD	7
BEACHSIDE	4
BEACHWEAR	3
BEACON	6
BEAD	1
BEADED	3
BEADWORK	3
BEADY	5
BEAGLE	2
BEAK	0
BEAKER	6
BEAM	4
BEAMER	8
BEAMISH	8
BEAN	0
BEANBAG	1
BEANERY	9
BEANIE	6
BEANPOLE	2
BEANSTALK	1
BEAR	0
BEARABLE	4
BEARD	0
BEARDED	2
BEARDLESS	3
BEARDY	2
BEARER	4
BEARINGS	5
BEARISH	7
BEARLIKE	2
BEARSKIN	4
BEAST	1
BEASTLINESS	7
BEASTLY	4
BEAT	1
BEATABLE	4
BEATER	3
BEATIFIC	10
BEATNIK	7
BEAU	7
BEAUTEOUS	6
BEAUTICIAN	5
BEAUTIFICATION	6
BEAUTIFUL	1
BEAUTIFY	5
BEAUTY	0
BEAVER	0
BEAVERBOARD	7
BEBOP	7
BECALMED	8
BECAUSE	0
BECK	7
BECKON	6
BECLOUD	8
BECOME	1
BED	0
BEDBUG	2
BEDCHAMBER	7
BEDCLOTHES	4
BEDDING	2
BEDFELLOW	7
BEDIM	10
BEDLAM	8
BEDLAMITE	9
BEDMATE	6
BEDPAN	6
BEDPOST	2
BEDRIDDEN	6
BEDROCK	6
BEDROLL	4
BEDROOM	0
BEDSIDE	3
BEDSIT	7
BEDSORE	6
BEDSPREAD	3
BEDSPRING	4
BEDSTEAD	7
BEDTIME	0
BEE	0
BEECH	7
BEEF	2
BEEFALO	10
BEEFSTEAK	5
BEEFY	4
BEEHIVE	2
BEEKEEPER	4
BEEKEEPING	4
BEELINE	8
BEEP	0
BEEPER	6
BEER	1
BEERHOUSE	8
BEESWAX	4
BEET	2
BEETLE	0
BEETROOT	6
BEFALL	6
BEFORE	0
BEFOUL	8
BEFRIEND	4
BEFUDDLED	7
BEG	1
BEGET	9
BEGGAR	3
BEGGARY	7
BEGIN	0
BEGINNER	2
BEGINNING	0
BEGONIA	6
BEGRUDGE	8
BEGUILE	8
BEGUILEMENT	11
BEGUILING	9
BEGUINE	9
BEHALF	4
BEHAVE	0
BEHAVIOR	2
BEHAVIORAL	7
BEHAVIORIST	10
BEHEAD	7
BEHEMOTH	7
BEHEST	9
BEHIND	0
BEHOLD	6
BEHOLDEN	8
BEHOLDER	6
BEHOOVE	10
BEHOOVED	10
BEIGE	3
BEING	1
BELABOR	9
BELATED	6
BELAY	8
BELCH	1
BELDAME	6
BELEAGUER	10
BELEAGUERED	9
BELFRY	6
BELIE	7
BELIEF	2
BELIEVABILITY	6
BELIEVABLE	4
BELIEVE	1
BELIEVER	2
BELIKE	8
BELITTLE	8
BELL	0
BELLADONNA	10
BELLBOY	3
BELLE	5
BELLHOP	6
BELLICOSE	10
BELLIGERENCE	7
BELLIGERENCY	9
BELLIGERENT	8
BELLMAN	5
BELLOW	6
BELLOWS	8
BELLY	0
BELLYACHE	2
BELLYBAND	8
BELLYBUTTON	0
BELLYFUL	1
BELONG	1
BELONGINGS	4
BELOVED	5
BELOW	1
BELT	0
BELTER	6
BELTLESS	5
BELTLINE	7
BELTWAY	7
BELUGA	6
BEMOAN	9
BEMUSED	10
BEMUSEMENT	8
BENCH	0
BENCHMARK	7
BENCHMARKING	9
BENCHWARMER	5
BEND	1
BENDED	5
BENDY	3
BENEATH	1
BENEDICTION	9
BENEFACTION	9
BENEFACTOR	6
BENEFACTRESS	10
BENEFICENT	10
BENEFICIAL	6
BENEFICIARY	10
BENEFIT	4
BENEVOLENCE	10
BENEVOLENT	9
BENGALINE	7
BENIGHTED	9
BENIGN	6
BENISON	12
BENTHIC	8
BENTWOOD	7
BENZENE	9
BENZOATE	10
BEQUEATH	9
BEQUEST	10
BERATE	9
BEREAVED	7
BEREAVEMENT	9
BEREFT	10
BERET	5
BERIBERI	10
BERKELIUM	12
BERRETTA	8
BERRY	0
BERSERK	6
BERSERKER	8
BERTH	6
BERYLLIUM	10
BESEECH	8
BESET	9
BESIDE	2
BESIEGE	8
BESIEGER	8
BESMIRCH	9
BESOM	9
BESPEAK	9
BESPECTACLED	6
BEST	0
BESTIAL	9
BESTIALITY	10
BESTOW	9
BESTOWMENT	11
BESTRIDE	8
BESTSELLER	5
BESTSELLING	4
BET	2
BETA	9
BETAKE	8
BETHINK	8
BETIDE	6
BETOKEN	11
BETRAY	4
BETRAYAL	5
BETRAYER	4
BETROTH	7
BETROTHAL	9
BETTER	0
BETTERMENT	7
BETTERNESS	5
BETTOR	7
BETWEEN	0
BETWEENS	4
BEVERAGE	2
BEVY	9
BEWARE	3
BEWILDER	5
BEWILDERED	7
BEWILDERING	7
BEWILDERMENT	8
BEWITCH	6
BEWITCHER	8
BEWITCHMENT	5
BEYOND	1
BEZANT	11
BEZEL	11
BEZIQUE	12
BIANNUAL	4
BIAS	6
BIASED	6
BIATHLON	8
BIB	0
BIBLE	0
BIBLICAL	2
BIBLIOGRAPHY	6
BIBLIOMANIA	8
BIBULOUS	12
BICARBONATE	11
BICENTENNIAL	6
BICEP	4
BICEPS	4
BICKER	4
BICONVEX	10
BICULTURAL	9
BICUSPID	8
BICYCLE	0
BID	5
BIDDER	4
BIDDING	5
BIDDY	7
BIDE	9
BIDET	8
BIENNIAL	9
BIER	6
BIFF	7
BIFOCAL	6
BIFOCALS	6
BIFURCATE	12
BIFURCATION	11
BIG	0
BIGAMIST	9
BIGAMOUS	10
BIGAMY	8
BIGGIE	2
BIGGISH	2
BIGHEADED	5
BIGHEARTED	4
BIGHORN	6
BIGHT	9
BIGMOUTH	2
BIGNESS	3
BIGOT	7
BIGOTED	8
BIGOTRY	8
BIGWIG	4
BIJOU	9
BIKE	0
BIKER	2
BIKINI	3
BILATERAL	9
BILBERRY	9
BILE	7
BILGE	8
BILINGUAL	7
BILIOUS	9
BILK	9
BILL	1
BILLABLE	8
BILLABONG	10
BILLBOARD	3
BILLET	8
BILLETING	11
BILLFOLD	4
BILLIARD	6
BILLIARDS	6
BILLING	6
BILLION	3
BILLIONAIRE	5
BILLIONTH	4
BILLON	5
BILLOW	5
BILLOWY	6
BIMANUAL	9
BIMBO	7
BIMODAL	11
BIN	0
BINARY	8
BIND	5
BINDER	5
BINDING	6
BINDLE	10
BINGE	10
BINGO	2
BINMAN	9
BINNACLE	9
BINOCULAR	2
BINOCULARS	2
BINOMIAL	9
BIO	5
BIOASSAY	10
BIOCHEMICAL	7
BIOCHEMIST	8
BIOCHEMISTRY	9
BIODEGRADABLE	7
BIODIVERSITY	9
BIOELECTRIC	10
BIOELECTRICAL	9
BIOELECTRICITY	9
BIOFEEDBACK	10
BIOGENETIC	9
BIOGENETICS	12
BIOGENIC	11
BIOGRAPHER	5
BIOGRAPHICAL	5
BIOGRAPHY	4
BIOHAZARD	7
BIOLOGIC	7
BIOLOGICAL	6
BIOLOGIST	6
BIOLOGY	4
BIOLUMINESCENCE	11
BIOLUMINESCENT	11
BIOMASS	11
BIOMECHANICAL	10
BIOMEDICAL	8
BIOMETRIC	9
BIOMETRICS	10
BIOMORPHIC	11
BIONIC	9
BIOPHYSICAL	9
BIOPHYSICIST	12
BIOPHYSICS	10
BIOPIC	10
BIOPSY	10
BIORHYTHM	9
BIOSPHERE	8
BIOSYNTHESIS	11
BIOTECH	9
BIOTECHNOLOGY	9
BIPARENTAL	9
BIPARTISAN	11
BIPED	8
BIPEDAL	7
BIPLANE	10
BIPOLAR	10
BIRACIAL	5
BIRCH	6
BIRD	0
BIRDBATH	1
BIRDBRAIN	3
BIRDCAGE	1
BIRDHOUSE	0
BIRDIE	2
BIRDMAN	5
BIRDSEED	2
BIRDSHOT	7
BIRDSONG	5
BIREFRINGENCE	10
BIRETTA	10
BIRTH	0
BIRTHDAY	0
BIRTHING	6
BIRTHMARK	2
BIRTHPLACE	2
BIRTHRATE	6
BIRTHRIGHT	8
BIRTHSTONE	4
BISCUIT	0
BISECT	7
BISECTION	9
BISEXUAL	8
BISEXUALITY	9
BISHOP	6
BISON	3
BISQUE	9
BISTRO	7
BIT	1
BITCH	5
BITCHERY	9
BITCHINESS	8
BITCHY	6
BITE	0
BITER	1
BITSY	1
BITTER	4
BITTERN	10
BITTERNESS	5
BITTERSWEET	7
BITTY	2
BITUMEN	12
BITUMINOUS	8
BIVOUAC	10
BIZ	5
BIZARRE	4
BLAB	3
BLABBER	5
BLABBERMOUTH	3
BLACK	0
BLACKBALL	6
BLACKBERRY	4
BLACKBIRD	1
BLACKBOARD	0
BLACKCURRANT	8
BLACKEN	4
BLACKENED	5
BLACKFACE	8
BLACKFISH	6
BLACKGUARD	9
BLACKHEAD	6
BLACKJACK	5
BLACKLIST	7
BLACKMAIL	5
BLACKMAILER	7
BLACKNESS	2
BLACKOUT	5
BLACKSMITH	5
BLACKSNAKE	4
BLACKTOP	3
BLADDER	6
BLADE	2
BLADED	4
BLAH	4
BLAIN	9
BLAME	1
BLAMEFUL	5
BLAMELESS	5
BLAMER	6
BLANCH	8
BLANCMANGE	9
BLAND	3
BLANDISH	8
BLANDISHMENTS	10
BLANDNESS	7
BLANK	1
BLANKET	0
BLANKNESS	4
BLARE	5
BLARNEY	9
BLASE	8
BLASPHEME	6
BLASPHEMER	9
BLASPHEMOUS	6
BLASPHEMY	6
BLAST	2
BLASTER	4
BLASTOFF	2
BLAT	8
BLATANT	7
BLATHER	8
BLAZE	2
BLAZER	5
BLAZON	10
BLEACH	3
BLEAK	6
BLEAKNESS	8
BLEARY	7
BLEAT	8
BLEED	0
BLEEDER	5
BLEEP	4
BLEMISH	6
BLENCH	10
BLEND	5
BLENDER	2
BLESS	0
BLESSED	1
BLESSEDNESS	5
BLESSING	3
BLESSINGS	2
BLEU	8
BLIGHT	7
BLIGHTER	9
BLIMP	2
BLIND	2
BLINDFOLD	3
BLINDING	2
BLINDNESS	2
BLINDSIDE	8
BLINDWORM	6
BLINK	1
BLINKER	4
BLINTZ	8
BLIP	6
BLISS	5
BLISSFUL	5
BLISTER	2
BLISTERING	5
BLITHE	11
BLITHERING	7
BLITZ	5
BLITZKRIEG	11
BLIZZARD	3
BLOAT	7
BLOATED	6
BLOATER	6
BLOB	1
BLOBBY	3
BLOCK	0
BLOCKADE	6
BLOCKAGE	4
BLOCKBUSTER	7
BLOCKER	4
BLOCKHEAD	4
BLOCKHEADED	5
BLOCKHOUSE	6
BLOCKY	6
BLOG	12
BLOKE	9
BLOND	2
BLONDE	1
BLONDENESS	5
BLONDISH	6
BLONDNESS	5
BLOOD	0
BLOODBATH	6
BLOODCURDLING	8
BLOODHOUND	6
BLOODLESS	6
BLOODLINE	5
BLOODLUST	9
BLOODMOBILE	8
BLOODROOT	9
BLOODSHED	6
BLOODSHOT	6
BLOODSTAIN	2
BLOODSTAINED	3
BLOODSTREAM	4
BLOODSUCKER	5
BLOODTHIRSTY	5
BLOODWORM	8
BLOODY	1
BLOOM	2
BLOOMER	6
BLOOMERS	4
BLOOMING	2
BLOOPER	4
BLOSSOM	2
BLOT	3
BLOTCH	4
BLOTCHY	6
BLOTTER	7
BLOTTO	8
BLOUSE	2
BLOUSON	12
BLOW	0
BLOWBACK	9
BLOWER	3
BLOWFISH	4
BLOWGUN	6
BLOWHARD	8
BLOWHOLE	4
BLOWJOB	7
BLOWOUT	4
BLOWPIPE	7
BLOWTORCH	5
BLOWUP	2
BLOWZY	9
BLUB	3
BLUBBER	3
BLUBBERY	5
BLUDGEON	9
BLUE	0
BLUEBEARD	5
BLUEBELL	4
BLUEBERRY	1
BLUEBIRD	0
BLUEBLOOD	7
BLUEBONNET	6
BLUEBOOK	8
BLUEBOTTLE	10
BLUEFISH	4
BLUEGRASS	5
BLUEJACKET	7
BLUEJAY	1
BLUENESS	4
BLUENOSE	9
BLUEPOINT	7
BLUEPRINT	4
BLUES	5
BLUESMAN	8
BLUESY	7
BLUFF	4
BLUFFER	7
BLUISH	3
BLUNDER	6
BLUNDERBUSS	7
BLUNDERER	6
BLUNT	6
BLUNTED	7
BLUNTNESS	6
BLUR	4
BLURB	7
BLURRINESS	4
BLURRY	2
BLURT	4
BLUSH	3
BLUSHER	4
BLUSTER	7
BLUSTERY	4
BOA	5
BOAR	5
BOARD	1
BOARDER	4
BOARDING	4
BOARDINGHOUSE	6
BOARDROOM	6
BOARDWALK	4
BOAST	3
BOASTER	6
BOASTFUL	4
BOASTFULNESS	6
BOAT	0
BOATER	2
BOATHOUSE	5
BOATING	3
BOATLOAD	6
BOATMAN	4
BOATSWAIN	10
BOATYARD	4
BOB	1
BOBBIN	5
BOBBLE	5
BOBCAT	2
BOBOLINK	12
BOBSLED	4
BOBSLEDDER	3
BOBSLEIGH	4
BOBTAIL	5
BOBWHITE	6
BOCCE	8
BODACIOUS	9
BODE	6
BODEGA	9
BODICE	10
BODILESS	6
BODILY	3
BODKIN	6
BODY	0
BODYBUILDER	6
BODYBUILDING	6
BODYGUARD	5
BODYSURF	4
BODYWORK	7
BOG	4
BOGEY	6
BOGEYMAN	1
BOGGLE	7
BOGGY	6
BOGUS	5
BOGYMAN	1
BOHEMIAN	10
BOIL	2
BOILER	4
BOILERMAKER	8
BOILERPLATE	9
BOISTEROUS	7
BOLD	4
BOLDFACE	7
BOLDFACED	6
BOLDNESS	5
BOLERO	9
BOLIVIANO	12
BOLLIX	8
BOLLOCKS	10
BOLO	8
BOLSHEVISM	9
BOLSTER	8
BOLT	2
BOLUS	11
BOMB	3
BOMBARD	7
BOMBARDIER	8
BOMBARDMENT	6
BOMBAST	7
BOMBASTIC	11
BOMBAZINE	12
BOMBER	4
BOMBING	3
BOMBPROOF	6
BOMBSHELL	6
BOMBSIGHT	7
BONA	10
BONANZA	5
BONBON	4
BOND	5
BONDAGE	10
BONDER	6
BONDING	6
BONDMAID	9
BONDMAN	9
BONDSERVANT	9
BONDSMAN	9
BONE	1
BONEHEAD	4
BONELESS	3
BONER	7
BONESHAKER	8
BONEY	4
BONFIRE	4
BONG	9
BONGO	3
BONHOMIE	10
BONK	1
BONKERS	3
BONNET	2
BONNY	5
BONSAI	6
BONUS	3
BONY	5
BOO	0
BOOB	3
BOOBY	2
BOODLE	8
BOOGER	0
BOOGEYMAN	0
BOOGIE	5
BOOGIEMAN	0
BOOHOO	0
BOOK	0
BOOKCASE	1
BOOKEND	4
BOOKIE	9
BOOKISH	6
BOOKKEEPER	4
BOOKKEEPING	6
BOOKLESS	5
BOOKLET	2
BOOKMAKER	5
BOOKMARK	3
BOOKMARKER	2
BOOKMOBILE	5
BOOKSELLER	2
BOOKSHELF	3
BOOKSHOP	2
BOOKSTORE	1
BOOKWORK	3
BOOKWORM	1
BOOM	1
BOOMER	7
BOOMERANG	5
BOOMTOWN	8
BOON	8
BOONDOGGLE	9
BOOR	7
BOORISH	8
BOORISHNESS	11
BOOST	3
BOOSTER	4
BOOT	0
BOOTBLACK	8
BOOTH	2
BOOTIE	2
BOOTLACE	5
BOOTLEG	8
BOOTLEGGER	8
BOOTLESS	3
BOOTLICKER	9
BOOTS	0
BOOTSTRAP	5
BOOTY	5
BOOZE	5
BOOZER	7
BOOZY	8
BOP	1
BOPPER	5
BORAX	9
BORDELAISE	8
BORDELLO	11
BORDER	2
BORDEREAU	10
BORDERLAND	10
BORDERLINE	5
BORE	4
BOREALIS	8
BORED	1
BOREDOM	3
BOREHOLE	9
BORER	9
BORIC	10
BORING	0
BORINGNESS	4
BORN	0
BOROUGH	6
BORROW	2
BORROWER	4
BORSCHT	10
BORZOI	7
BOSH	7
BOSOM	8
BOSOMY	8
BOSS	1
BOSSY	2
BOTANIC	7
BOTANICAL	6
BOTANIST	6
BOTANY	8
BOTCH	6
BOTH	0
BOTHER	2
BOTHERATION	10
BOTHERSOME	6
BOTTLE	0
BOTTLENECK	7
BOTTLENOSE	5
BOTTLER	5
BOTTLING	5
BOTTOM	0
BOTTOMLAND	7
BOTTOMLESS	3
BOTULISM	9
BOUDOIR	8
BOUFFANT	9
BOUGAINVILLEA	12
BOUGH	7
BOUILLABAISSE	11
BOUILLON	8
BOULDER	3
BOULEVARD	4
BOULEVARDIER	11
BOUNCE	1
BOUNCER	8
BOUNCINESS	2
BOUNCY	0
BOUND	4
BOUNDARY	3
BOUNDEN	12
BOUNDER	5
BOUNDING	5
BOUNDLESS	7
BOUNTEOUS	9
BOUNTIFUL	5
BOUNTY	4
BOUQUET	4
BOURBON	6
BOURGEOIS	11
BOURGEOISIE	10
BOURN	9
BOUT	7
BOUTIQUE	5
BOUTONNIERE	8
BOVINE	7
BOW	0
BOWEL	5
BOWELS	5
BOWER	8
BOWERY	7
BOWL	0
BOWLEGGED	5
BOWLER	6
BOWLFUL	2
BOWLINE	6
BOWLING	2
BOWTIE	3
BOWWOW	0
BOX	0
BOXCAR	4
BOXER	3
BOXFUL	3
BOXING	2
BOXINGGLOVE	3
BOXY	5
BOY	0
BOYCOTT	8
BOYFRIEND	2
BOYHOOD	4
BOYISH	5
BOYSENBERRY	4
BOZO	1
BRA	3
BRACE	3
BRACELET	1
BRACER	7
BRACES	4
BRACHIAL	10
BRACHIOSAURUS	5
BRACKEN	10
BRACKET	4
BRACKISH	10
BRAE	7
BRAG	3
BRAGGADOCIO	10
BRAGGART	8
BRAGGER	2
BRAID	2
BRAILLE	4
BRAIN	1
BRAINCHILD	9
BRAINER	6
BRAINLESS	3
BRAINPAN	5
BRAINPOWER	4
BRAINSTEM	9
BRAINSTORM	5
BRAINWASH	7
BRAINWASHER	8
BRAINWAVE	5
BRAINWORK	6
BRAINY	3
BRAISE	9
BRAISED	9
BRAKE	1
BRAKEMAN	7
BRALESS	5
BRAN	5
BRANCH	0
BRANCHY	6
BRAND	3
BRANDIED	10
BRANDISH	7
BRANDY	7
BRASH	6
BRASHNESS	6
BRASS	4
BRASSERIE	9
BRASSIERE	6
BRASSY	7
BRAT	1
BRATTLE	11
BRATTY	1
BRATWURST	5
BRAVADO	8
BRAVE	1
BRAVENESS	3
BRAVERY	3
BRAW	7
BRAWL	4
BRAWLER	7
BRAWN	5
BRAWNY	7
BRAZE	6
BRAZEN	7
BRAZIER	8
BREACH	7
BREAD	0
BREADBASKET	4
BREADBIN	5
BREADBOARD	6
BREADBOX	2
BREADED	4
BREADFRUIT	8
BREADLINE	8
BREADTH	6
BREADWINNER	7
BREAK	0
BREAKABLE	3
BREAKAGE	6
BREAKAWAY	7
BREAKDOWN	5
BREAKER	5
BREAKFAST	0
BREAKNECK	8
BREAKOUT	4
BREAKTHROUGH	7
BREAKUP	4
BREAKWATER	7
BREAST	2
BREASTBONE	6
BREASTFEED	6
BREASTFEEDING	5
BREASTPLATE	7
BREASTS	3
BREASTSTROKE	5
BREATH	1
BREATHABLE	6
BREATHALYZER	10
BREATHE	0
BREATHER	3
BREATHLESS	5
BREATHLESSNESS	5
BREATHTAKING	6
BREATHY	8
BREECH	7
BREECHES	7
BREED	4
BREEDER	7
BREEDING	4
BREEZE	1
BREEZEWAY	6
BREEZY	1
BRETHREN	5
BREVIARY	10
BREVITY	8
BREW	4
BREWER	6
BREWERY	6
BREWING	5
BRIAR	5
BRIBABLE	8
BRIBE	5
BRIBERY	6
BRICK	1
BRICKBAT	7
BRICKLAYER	5
BRICKLAYING	4
BRICKWORK	6
BRICKYARD	5
BRIDAL	3
BRIDE	0
BRIDEGROOM	6
BRIDESMAID	3
BRIDGE	1
BRIDGEHEAD	8
BRIDGELESS	6
BRIDGEWORK	5
BRIDLE	5
BRIE	8
BRIEF	3
BRIEFCASE	1
BRIEFING	8
BRIER	7
BRIG	8
BRIGADE	7
BRIGADIER	10
BRIGAND	8
BRIGANDAGE	9
BRIGANTINE	8
BRIGHT	2
BRIGHTEN	2
BRIGHTNESS	2
BRILLIANCE	6
BRILLIANCY	7
BRILLIANT	3
BRILLIANTINE	9
BRIM	6
BRIMSTONE	6
BRINDLE	8
BRINE	9
BRING	0
BRINGER	4
BRINK	5
BRINKSMANSHIP	9
BRINY	7
BRIO	9
BRIOCHE	10
BRIQUETTE	9
BRISK	5
BRISKET	7
BRISTLE	6
BRISTLY	7
BRITTLE	5
BRO	4
BROACH	6
BROAD	6
BROADBAND	9
BROADBILL	6
BROADCAST	4
BROADCASTER	4
BROADCASTING	5
BROADCLOTH	8
BROADEN	5
BROADLOOM	9
BROADMINDED	8
BROADSIDE	7
BROADSWORD	8
BROCADE	9
BROCCOLI	0
BROCHE	8
BROCHURE	5
BROGUE	5
BROIL	4
BROILER	5
BROKENHEARTED	6
BROKER	6
BROKERAGE	11
BROMELIAD	11
BROMIDE	9
BRONCHIAL	8
BRONCHITIS	7
BRONCHODILATOR	9
BRONCHUS	8
BRONCO	4
BRONCOBUSTER	8
BRONTOSAURUS	3
BRONZE	5
BRONZED	5
BRONZER	9
BRONZY	6
BROOCH	6
BROOD	5
BROODER	7
BROODINESS	8
BROODING	8
BROODY	7
BROOK	3
BROOM	1
BROOMSTICK	1
BROTH	4
BROTHEL	10
BROTHER	0
BROTHERHOOD	4
BROTHERLY	3
BROUHAHA	7
BROW	5
BROWBEAT	8
BROWN	0
BROWNIE	0
BROWNISH	3
BROWNNOSE	7
BROWNNOSER	7
BROWNOUT	10
BROWNSTONE	8
BROWSE	5
BROWSER	9
BRUISE	0
BRUISING	4
BRUMBY	11
BRUMMAGEM	8
BRUNCH	4
BRUNETTE	4
BRUNT	8
BRUSH	0
BRUSHFIRE	5
BRUSHLESS	6
BRUSHSTROKE	4
BRUSHWOOD	8
BRUSHWORK	6
BRUSQUE	10
BRUT	8
BRUTAL	5
BRUTALITY	7
BRUTALIZE	7
BRUTE	6
BRUTISH	8
BUBBLE	0
BUBBLEGUM	1
BUBBLY	3
BUBBY	4
BUBO	9
BUBOES	12
BUBONIC	6
BUCCANEER	4
BUCCANEERING	9
BUCK	3
BUCKAROO	4
BUCKBOARD	8
BUCKET	1
BUCKETFUL	2
BUCKEYE	7
BUCKHORN	9
BUCKLE	1
BUCKO	3
BUCKRAM	12
BUCKSAW	9
BUCKSHOT	5
BUCKSKIN	5
BUCKTOOTH	5
BUCKTOOTHED	4
BUCKWHEAT	4
BUCOLIC	7
BUD	2
BUDDHIST	5
BUDDING	5
BUDDLE	8
BUDDY	0
BUDGE	4
BUDGERIGAR	4
BUDGET	5
BUDGETARY	10
BUDGIE	8
BUFF	7
BUFFALO	2
BUFFER	7
BUFFET	3
BUFFO	11
BUFFOON	4
BUFFOONERY	8
BUG	0
BUGABOO	6
BUGGER	6
BUGGERY	8
BUGGY	2
BUGHOUSE	5
BUGLE	4
BUGLER	5
BUILD	0
BUILDER	1
BUILDING	1
BUILDUP	5
BULB	2
BULBAR	10
BULBOUS	8
BULBUL	12
BULGE	3
BULGUR	8
BULGY	7
BULIMIA	8
BULIMIC	8
BULK	5
BULKHEAD	8
BULKY	5
BULL	0
BULLDOG	2
BULLDOZE	3
BULLDOZER	1
BULLET	2
BULLETIN	5
BULLETPROOF	4
BULLFIGHT	4
BULLFIGHTER	4
BULLFIGHTING	4
BULLFROG	1
BULLHEADED	7
BULLHEADEDNESS	7
BULLHORN	6
BULLION	8
BULLISH	8
BULLPEN	5
BULLRING	6
BULLSHIT	5
BULLWHIP	6
BULLY	1
BULLYBOY	6
BULLYRAG	8
BULWARK	10
BUM	3
BUMBERSHOOT	9
BUMBLE	2
BUMBLEBEE	0
BUMBLER	7
BUMMER	2
BUMP	0
BUMPER	2
BUMPINESS	4
BUMPKIN	5
BUMPTIOUS	11
BUMPY	0
BUN	1
BUNCH	0
BUND	10
BUNDLE	2
BUNDLER	6
BUNG	7
BUNGALOW	8
BUNGEE	6
BUNGHOLE	6
BUNGLE	4
BUNGLER	8
BUNGLING	6
BUNION	5
BUNK	1
BUNKBED	1
BUNKER	5
BUNKHOUSE	5
BUNKMATE	6
BUNKO	12
BUNKUM	8
BUNNY	0
BUNT	4
BUNTER	7
BUNTING	6
BUOY	5
BUOYANCY	7
BUOYANT	8
BURBLE	8
BURDEN	4
BURDENSOME	6
BUREAU	7
BUREAUCRACY	7
BUREAUCRAT	8
BUREAUCRATIC	9
BURG	7
BURGEE	10
BURGEONING	9
BURGER	0
BURGH	8
BURGLAR	2
BURGLARIZE	6
BURGLARY	4
BURGLE	5
BURGOMASTER	12
BURIAL	4
BURL	7
BURLAP	5
BURLESQUE	10
BURLINESS	8
BURLY	5
BURN	0
BURNER	3
BURNOUT	7
BURP	0
BURR	4
BURRITO	4
BURRO	6
BURROW	3
BURROWER	6
BURSA	11
BURSAR	11
BURSE	7
BURSITIS	11
BURST	3
BURTHEN	10
BURY	1
BUS	0
BUSBOY	5
BUSBY	9
BUSH	0
BUSHEL	3
BUSHMAN	6
BUSHMASTER	7
BUSHWHACK	7
BUSHWHACKER	6
BUSHY	2
BUSINESS	2
BUSINESSLIKE	6
BUSINESSMAN	4
BUSINESSPERSON	5
BUSINESSWOMAN	6
BUSKIN	11
BUSLOAD	2
BUSMAN	7
BUST	4
BUSTARD	11
BUSTER	3
BUSTLE	7
BUSTLING	6
BUSTY	6
BUSY	1
BUSYBODY	5
BUSYNESS	4
BUSYWORK	4
BUT	0
BUTANE	9
BUTCH	6
BUTCHER	3
BUTCHERBIRD	10
BUTCHERY	6
BUTLER	3
BUTT	0
BUTTER	1
BUTTERBALL	4
BUTTERCUP	2
BUTTERFAT	7
BUTTERFLY	0
BUTTERMILK	3
BUTTERNUT	5
BUTTERSCOTCH	2
BUTTERY	1
BUTTOCK	5
BUTTOCKS	3
BUTTON	0
BUTTONHOLE	2
BUTTONHOOK	6
BUTTRESS	8
BUXOM	7
BUY	1
BUYABLE	4
BUYER	2
BUYOUT	6
BUZZ	2
BUZZARD	5
BUZZER	1
BUZZWORD	10
BYE	0
BYGONE	7
BYLAW	9
BYLINE	7
BYPASS	5
BYPRODUCT	8
BYSTANDER	6
BYTE	9
BYWAY	7
BYWORD	9
BYZANTINE	10
CAB	2
CABAL	11
CABALA	12
CABALISM	8
CABALIST	11
CABALISTIC	11
CABALLERO	8
CABANA	8
CABARET	8
CABBAGE	1
CABBIE	4
CABDRIVER	4
CABER	8
CABERNET	10
CABIN	1
CABINET	1
CABLE	4
CABLEGRAM	8
CABLING	7
CABMAN	4
CABOODLE	6
CABOOSE	1
CABRIOLE	10
CABRIOLET	11
CABSTAND	6
CACCIATORE	12
CACHE	10
CACHET	10
CACKLE	4
CACOPHONOUS	10
CACOPHONY	12
CACTUS	2
CADASTRE	11
CADAVER	8
CADAVERIC	12
CADAVEROUS	10
CADDIE	5
CADENCE	8
CADENZA	10
CADET	5
CADGE	10
CADMIUM	10
CADRE	10
CADUCEUS	12
CAESAREAN	9
CAFE	4
CAFETERIA	2
CAFFEINE	4
CAFTAN	10
CAGE	0
CAGEY	9
CAHOOTS	7
CAIRN	10
CAISSON	12
CAJOLE	8
CAKE	0
CAKEWALK	5
CAKEY	5
CALABASH	12
CALABOOSE	8
CALAMARI	8
CALAMINE	3
CALAMITE	11
CALAMITOUS	9
CALAMITY	6
CALCEOLARIA	12
CALCIFICATION	10
CALCIFY	10
CALCITE	9
CALCIUM	5
CALCULATE	4
CALCULATION	4
CALCULATIVE	5
CALCULATOR	3
CALCULUS	9
CALDERA	10
CALENDAR	1
CALENDULA	10
CALF	2
CALFSKIN	8
CALIBER	6
CALIBRATE	8
CALIBRATION	7
CALICO	6
CALIF	9
CALIFORNIUM	9
CALIGINOUS	11
CALIPH	10
CALK	9
CALL	0
CALLBACK	6
CALLER	2
CALLIGRAPHER	6
CALLIGRAPHIC	6
CALLIGRAPHY	8
CALLIOPE	7
CALLOUS	6
CALLOUSNESS	6
CALLOW	8
CALLUS	5
CALM	1
CALMNESS	3
CALOMEL	9
CALORIC	8
CALORIE	6
CALORIFIC	10
CALORIMETER	10
CALUMNIOUS	9
CALVE	4
CALYPSO	10
CALZONE	8
CAM	4
CAMARADERIE	7
CAMBRIC	11
CAMCORDER	7
CAMEL	0
CAMELBACK	5
CAMELLIA	8
CAMEMBERT	11
CAMEO	6
CAMERA	1
CAMERAMAN	5
CAMERAWORK	6
CAMION	6
CAMISOLE	9
CAMOUFLAGE	3
CAMP	1
CAMPAIGN	8
CAMPAIGNER	8
CAMPANILE	9
CAMPER	2
CAMPFIRE	0
CAMPGROUND	3
CAMPHOR	8
CAMPING	0
CAMPOREE	5
CAMPOUT	1
CAMPSITE	2
CAMPSTOOL	9
CAMPUS	6
CAMPY	7
CAMSHAFT	9
CAN	0
CANAL	3
CANALIZATION	8
CANAPE	11
CANARD	10
CANARY	2
CANASTA	8
CANCAN	7
CANCEL	3
CANCELLATION	5
CANCELLER	8
CANCER	3
CANCEROUS	7
CANDELABRUM	7
CANDID	6
CANDIDACY	7
CANDIDATE	5
CANDIDNESS	9
CANDLE	0
CANDLEHOLDER	3
CANDLELIGHT	2
CANDLELIT	4
CANDLEPOWER	4
CANDLESTICK	1
CANDOR	7
CANDY	0
CANE	1
CANEBRAKE	7
CANINE	3
CANISTER	4
CANKER	5
CANNABIS	8
CANNED	3
CANNELLONI	8
CANNERY	6
CANNIBAL	4
CANNIBALISM	7
CANNIBALISTIC	8
CANNIBALIZE	6
CANNING	3
CANNON	3
CANNONADE	10
CANNONBALL	1
CANNOT	0
CANNY	9
CANOE	2
CANOEING	2
CANOLA	8
CANON	5
CANONESS	9
CANONICAL	10
CANONIZE	10
CANOODLE	9
CANOPENER	2
CANOPY	5
CANTABILE	7
CANTALOUPE	2
CANTANKEROUS	9
CANTATA	9
CANTATRICE	11
CANTEEN	4
CANTILEVER	10
CANTINA	9
CANTLE	10
CANTO	9
CANTONAL	11
CANVAS	3
CANVASBACK	9
CANVASS	6
CANYON	3
CAP	1
CAPABILITY	4
CAPABLE	4
CAPACIOUS	9
CAPACITANCE	10
CAPACITOR	7
CAPACITY	5
CAPE	2
CAPED	3
CAPER	7
CAPFUL	2
CAPILLARITY	10
CAPILLARY	8
CAPITAL	3
CAPITALISM	6
CAPITALIST	8
CAPITALISTIC	9
CAPITALIZATION	4
CAPITALIZE	3
CAPITULATE	9
CAPITULATION	8
CAPLET	6
CAPO	9
CAPON	7
CAPORAL	8
CAPPER	7
CAPPUCCINO	7
CAPRICIOUS	10
CAPRICORN	6
CAPSAICIN	11
CAPSICUM	11
CAPSIZE	5
CAPSTAN	6
CAPSTONE	8
CAPSULAR	8
CAPSULE	5
CAPTAIN	1
CAPTAINCY	11
CAPTAINSHIP	5
CAPTION	4
CAPTIVATE	5
CAPTIVATING	6
CAPTIVATION	6
CAPTIVE	4
CAPTIVITY	4
CAPTOR	4
CAPTURE	1
CAPUCHIN	10
CAR	0
CARABAO	12
CARACAL	10
CARAFE	6
CARAMEL	2
CARAMELIZE	9
CARAPACE	11
CARAT	8
CARAVAN	4
CARAVANSARY	10
CARAVEL	9
CARAWAY	9
CARBIDE	9
CARBINE	8
CARBOHYDRATE	6
CARBOLIC	10
CARBON	6
CARBONACEOUS	11
CARBONATE	7
CARBONATION	7
CARBONIC	7
CARBONIFEROUS	11
CARBOXYLIC	12
CARBOY	7
CARBUNCLE	12
CARBURETION	9
CARCASS	7
CARCINOGEN	9
CARCINOGENIC	9
CARCINOMA	10
CARD	1
CARDAMOM	10
CARDBOARD	0
CARDHOLDER	6
CARDIAC	7
CARDIGAN	5
CARDINAL	3
CARDIOGRAM	10
CARDIOGRAPH	8
CARDIOLOGIST	8
CARDIOLOGY	9
CARDIOPULMONARY	11
CARDIOVASCULAR	8
CARDSHARP	8
CARE	1
CAREEN	7
CAREER	5
CAREFREE	5
CAREFUL	0
CAREGIVER	4
CARELESS	3
CARELESSNESS	2
CARER	5
CARESS	6
CARETAKER	5
CARETAKING	5
CAREWORN	7
CARFARE	6
CARFUL	3
CARGO	4
CARHOP	6
CARIBOU	7
CARICATURE	7
CARICATURIST	9
CARILLON	12
CARJACK	7
CARJACKER	7
CARLESS	6
CARLOAD	3
CARMAGNOLE	8
CARMAKER	4
CARMINE	11
CARNAGE	8
CARNAL	7
CARNALITY	9
CARNATION	5
CARNAUBA	9
CARNELIAN	10
CARNIVAL	2
CARNIVORA	10
CARNIVORE	6
CARNIVOROUS	5
CAROB	10
CAROL	2
CAROM	12
CAROTENE	10
CAROTID	12
CAROUSAL	3
CAROUSE	8
CAROUSEL	2
CARP	6
CARPAL	9
CARPEL	10
CARPENTER	2
CARPENTRY	5
CARPET	1
CARPETBAG	6
CARPETBAGGER	8
CARPETING	1
CARPOOL	5
CARPORT	6
CARRIAGE	1
CARRIER	3
CARRION	8
CARRONADE	10
CARROT	0
CARRY	0
CARRYALL	7
CARRYON	4
CARSICK	1
CARSICKNESS	4
CART	1
CARTAGE	9
CARTE	7
CARTEL	9
CARTILAGE	6
CARTILAGINOUS	9
CARTLOAD	3
CARTOGRAPHER	8
CARTOGRAPHIC	9
CARTOGRAPHICAL	10
CARTOGRAPHY	8
CARTON	2
CARTOON	0
CARTOONIST	3
CARTOUCHE	10
CARTRIDGE	6
CARTWHEEL	1
CARVE	1
CARWASH	2
CASABA	11
CASCADE	7
CASCARA	9
CASE	2
CASEBOOK	5
CASEIN	9
CASELOAD	8
CASEMENT	7
CASEWORK	8
CASEWORKER	5
CASH	0
CASHBOOK	7
CASHBOX	4
CASHER	5
CASHEW	4
CASHIER	2
CASHMERE	8
CASING	7
CASINO	5
CASK	8
CASKET	3
CASQUE	7
CASSAVA	12
CASSEROLE	2
CASSETTE	1
CASSIS	7
CASSOCK	10
CAST	2
CASTANET	6
CASTAWAY	4
CASTE	8
CASTELLATED	11
CASTER	7
CASTIGATE	11
CASTLE	1
CASTLED	4
CASTOFF	5
CASTRATE	7
CASTRATI	9
CASTRATION	7
CASUAL	5
CASUALNESS	6
CASUALTY	8
CASUISTIC	12
CASUISTRY	12
CAT	0
CATACLYSM	8
CATACLYSMIC	7
CATACOMB	7
CATALEPSY	10
CATALEPTIC	11
CATALOG	4
CATALOGER	7
CATALOGUE	3
CATALOGUER	10
CATALPA	10
CATALYST	8
CATALYTIC	9
CATALYZE	9
CATAMARAN	11
CATAMITE	11
CATAMOUNT	9
CATAPLEXY	11
CATAPULT	6
CATARACT	10
CATARRH	12
CATARRHAL	12
CATASTASIS	11
CATASTROPHE	6
CATASTROPHIC	7
CATATONIA	10
CATATONIC	9
CATBIRD	6
CATCH	0
CATCHABLE	5
CATCHER	3
CATCHMENT	7
CATCHPHRASE	6
CATCHY	4
CATECHISM	6
CATEGORICAL	7
CATEGORIZATION	5
CATEGORIZE	4
CATEGORY	3
CATER	6
CATERER	7
CATERESS	7
CATERPILLAR	0
CATERWAULING	11
CATFIGHT	4
CATFISH	2
CATGUT	10
CATHARSIS	9
CATHARTIC	10
CATHEDRAL	6
CATHETER	9
CATHETERIZATION	10
CATHODE	10
CATHODIC	11
CATHOLIC	3
CATHOLICISM	5
CATHOUSE	6
CATLIKE	4
CATNAP	2
CATNIP	2
CATSUP	2
CATTERY	8
CATTINESS	6
CATTLE	2
CATTLEMAN	3
CATTY	6
CATWALK	5
CAUCUS	10
CAUDATE	8
CAULDRON	5
CAULIFLOWER	1
CAUSABLE	8
CAUSAL	5
CAUSALITY	7
CAUSATION	9
CAUSATIVE	9
CAUSE	1
CAUSER	7
CAUSEWAY	7
CAUSTIC	10
CAUTERIZATION	10
CAUTERIZE	10
CAUTION	1
CAUTIONARY	5
CAUTIOUS	3
CAUTIOUSNESS	5
CAVA	10
CAVALCADE	8
CAVALIER	7
CAVALRY	4
CAVALRYMAN	5
CAVE	2
CAVEAT	11
CAVEMAN	1
CAVERN	4
CAVERNOUS	6
CAVIAR	8
CAVING	5
CAVITY	3
CAVORT	7
CAVY	10
CAY	10
CAYENNE	8
CEASE	4
CEASEFIRE	7
CEASELESS	7
CECUM	12
CEDAR	5
CEDE	11
CEILING	0
CELADON	10
CELANDINE	12
CELEB	6
CELEBRANT	7
CELEBRATE	1
CELEBRATION	2
CELEBRATORY	5
CELEBRITY	3
CELERIAC	12
CELERITY	10
CELERY	1
CELESTE	9
CELESTIAL	6
CELIAC	12
CELIBACY	7
CELIBATE	7
CELL	5
CELLAR	4
CELLBLOCK	7
CELLIST	7
CELLMATE	6
CELLO	5
CELLOPHANE	6
CELLPHONE	10
CELLULAR	7
CELLULITE	9
CELLULOID	9
CELLULOSE	8
CELLULOSIC	10
CEMENT	2
CEMETERY	3
CENOBITE	11
CENSOR	5
CENSORABLE	7
CENSORSHIP	8
CENSURE	8
CENSUS	6
CENT	1
CENTAUR	4
CENTAVO	8
CENTENARY	8
CENTENNIAL	5
CENTER	2
CENTERBOARD	7
CENTERFOLD	6
CENTERLINE	6
CENTERPIECE	4
CENTERPIECES	5
CENTIGRADE	5
CENTIGRAM	7
CENTIME	8
CENTIMETER	4
CENTIPEDE	2
CENTRAL	3
CENTRALIZATION	10
CENTRALIZE	7
CENTRALIZED	7
CENTRALIZER	7
CENTRIFUGAL	8
CENTRIFUGATION	10
CENTRIFUGE	10
CENTRIPETAL	9
CENTRIST	11
CENTURION	8
CENTURY	2
CEPHALIC	10
CEPHALOPOD	9
CERAMIC	3
CERAMICS	5
CEREAL	0
CEREBELLUM	9
CEREBRAL	7
CEREBRATE	5
CEREBRATION	11
CEREBROSPINAL	11
CEREBRUM	8
CEREMONIAL	6
CEREMONIOUS	7
CEREMONY	2
CERISE	12
CERIUM	11
CERT	8
CERTAIN	3
CERTAINLY	2
CERTAINTY	5
CERTIFIABLE	6
CERTIFICATE	3
CERTIFICATION	7
CERTIFIED	6
CERTIFY	6
CERTIORARI	10
CERTITUDE	9
CERULEAN	8
CERVICAL	9
CERVIX	10
CESAREAN	7
CESIUM	9
CESSATION	10
CESSPIT	11
CESSPOOL	9
CETACEAN	8
CHAFE	7
CHAFF	5
CHAFFER	11
CHAFFINCH	3
CHAGRIN	8
CHAGRINED	9
CHAIN	0
CHAINSAW	2
CHAIR	0
CHAIRLADY	7
CHAIRLIFT	7
CHAIRMAN	6
CHAIRMANSHIP	7
CHAIRPERSON	6
CHAIRWOMAN	8
CHAISE	8
CHALET	9
CHALICE	6
CHALK	0
CHALKBOARD	1
CHALKY	3
CHALLENGE	3
CHALLENGER	3
CHALYBEATE	9
CHAMBER	4
CHAMBERED	9
CHAMBERMAID	7
CHAMELEON	5
CHAMOIS	10
CHAMP	3
CHAMPAGNE	5
CHAMPION	4
CHAMPIONSHIP	4
CHANCE	3
CHANCELLERY	9
CHANCELLOR	6
CHANCERY	7
CHANCINESS	8
CHANCRE	8
CHANCY	7
CHANDELIER	4
CHANDELLE	5
CHANDLERY	11
CHANGE	0
CHANGEABLE	5
CHANGEFULNESS	7
CHANGELESS	7
CHANGELESSNESS	7
CHANGELING	7
CHANGEOVER	5
CHANGER	6
CHANNEL	1
CHANSON	11
CHANT	2
CHANTER	7
CHANTERELLE	11
CHANTEUSE	10
CHANTEY	7
CHANTICLEER	8
CHANTRY	8
CHAOS	5
CHAOTIC	4
CHAP	5
CHAPARRAL	11
CHAPBOOK	6
CHAPEAU	10
CHAPEL	2
CHAPERON	4
CHAPLAIN	7
CHAPLET	10
CHAPTER	1
CHAR	4
CHARACTER	1
CHARACTERISTIC	5
CHARACTERISTICS	5
CHARACTERIZATION	6
CHARACTERIZE	6
CHARADE	5
CHARBROIL	7
CHARCOAL	3
CHARD	9
CHARDONNAY	11
CHARGE	3
CHARGER	6
CHARIOT	4
CHARIOTEER	8
CHARISMA	7
CHARISMATIC	7
CHARITABLE	6
CHARITY	3
CHARLADY	8
CHARLATAN	7
CHARLATANISM	10
CHARM	3
CHARMER	6
CHARMING	1
CHARMLESS	6
CHARNEL	8
CHARRED	5
CHART	3
CHARTER	5
CHARTREUSE	9
CHARWOMAN	6
CHASE	1
CHASER	6
CHASM	9
CHASSE	7
CHASSIS	7
CHASTE	8
CHASTEN	10
CHASTENED	7
CHASTISE	8
CHASTISEMENT	7
CHASTITY	7
CHAT	2
CHATEAU	8
CHATEAUBRIAND	11
CHATTEL	10
CHATTER	3
CHATTERBOX	4
CHATTY	3
CHAUFFER	5
CHAUFFEUR	5
CHAUVINISM	8
CHAUVINIST	8
CHAUVINISTIC	8
CHAW	7
CHEAP	2
CHEAPEN	4
CHEAPIE	5
CHEAPISH	6
CHEAPJACK	6
CHEAPNESS	5
CHEAPO	5
CHEAPSKATE	4
CHEAT	0
CHEATER	1
CHECK	1
CHECKBOOK	4
CHECKER	2
CHECKERBOARD	2
CHECKERED	4
CHECKERS	1
CHECKLIST	3
CHECKMARK	4
CHECKMATE	4
CHECKOUT	1
CHECKPOINT	8
CHECKROOM	7
CHECKSUM	9
CHECKUP	1
CHEDDAR	2
CHEEK	0
CHEEKBONE	2
CHEEKINESS	6
CHEEKY	6
CHEEP	2
CHEER	0
CHEERFUL	3
CHEERFULNESS	3
CHEERLEADER	1
CHEERLESS	4
CHEERS	4
CHEERY	2
CHEESE	0
CHEESEBOARD	5
CHEESEBURGER	0
CHEESECAKE	3
CHEESECLOTH	8
CHEESY	1
CHEETAH	3
CHEF	3
CHELA	10
CHEMICAL	5
CHEMICALS	5
CHEMISE	8
CHEMIST	4
CHEMISTRY	5
CHEMO	9
CHEMOSYNTHESIS	11
CHEMOTHERAPEUTIC	11
CHEMOTHERAPY	8
CHENILLE	10
CHEONGSAM	12
CHERISH	4
CHEROOT	10
CHERRY	1
CHERT	9
CHERUB	7
CHERUBIC	7
CHERVIL	10
CHESS	0
CHESSBOARD	3
CHESSMAN	6
CHEST	0
CHESTNUT	2
CHESTY	7
CHEVALIER	9
CHEVIOT	12
CHEVRON	6
CHEW	0
CHEWABLE	1
CHEWER	2
CHEWY	2
CHIAROSCURO	10
CHIASM	9
CHIC	5
CHICANE	9
CHICANERY	8
CHICHI	8
CHICK	1
CHICKADEE	5
CHICKEN	0
CHICKENPOX	1
CHICKWEED	8
CHICORY	8
CHID	5
CHIDE	7
CHIEF	3
CHIEFTAIN	6
CHIFFON	9
CHIGGER	6
CHILD	0
CHILDBEARING	5
CHILDBED	3
CHILDBIRTH	4
CHILDHOOD	3
CHILDISH	1
CHILDISHNESS	4
CHILDLESS	4
CHILDLIKE	3
CHILDPROOF	3
CHILDREN	0
CHILI	2
CHILIASTIC	8
CHILIDOG	3
CHILL	1
CHILLER	5
CHILLINESS	2
CHILLING	4
CHILLY	1
CHIME	3
CHIMNEY	2
CHIMP	2
CHIMPANZEE	2
CHIN	0
CHINAWARE	5
CHINCHILLA	8
CHINE	5
CHINK	5
CHINLESS	3
CHINTZ	8
CHINTZY	8
CHINWAG	7
CHIP	1
CHIPMUNK	0
CHIPPER	3
CHIPPIE	9
CHIROGRAPHY	11
CHIROPODIST	12
CHIROPODY	10
CHIROPRACTIC	9
CHIROPRACTOR	8
CHIRP	0
CHIRPY	4
CHIRRUP	9
CHISEL	6
CHISELER	4
CHIT	6
CHITCHAT	5
CHITIN	7
CHITLINS	7
CHIVALRIC	10
CHIVALROUS	7
CHIVALRY	9
CHIVE	6
CHLORAL	10
CHLORATE	8
CHLORDANE	12
CHLORIDE	7
CHLORINATE	7
CHLORINE	4
CHLOROFORM	9
CHLOROMETHANE	12
CHLOROPHYLL	7
CHLORPROMAZINE	12
CHOCK	6
CHOCKABLOCK	8
CHOCOHOLIC	8
CHOCOLATE	0
CHOCOLATY	2
CHOICE	0
CHOIR	2
CHOIRBOY	3
CHOKE	1
CHOKECHERRY	9
CHOKER	6
CHOKY	4
CHOLER	12
CHOLERA	8
CHOLERIC	9
CHOLESTEROL	8
CHOLINESTERASE	11
CHOMP	1
CHON	12
CHOOSE	0
CHOOSER	2
CHOOSY	3
CHOP	2
CHOPHOUSE	6
CHOPPER	3
CHOPPERS	6
CHOPPY	4
CHOPSTICK	4
CHOPSTICKS	3
CHORAL	3
CHORALE	7
CHORD	5
CHORE	1
CHOREOGRAPH	8
CHOREOGRAPHER	7
CHOREOGRAPHY	7
CHORISTER	8
CHORIZO	8
CHOROGRAPHY	7
CHOROLOGY	10
CHORTLE	9
CHORUS	3
CHOW	3
CHOWDER	3
CHOWHOUND	6
CHOWTIME	3
CHRESTOMATHY	12
CHRISM	9
CHRISTEN	3
CHRISTENING	6
CHRISTMAS	0
CHRISTMASTREE	0
CHROMATIC	8
CHROMATOGRAPH	10
CHROMATOGRAPHY	12
CHROME	3
CHROMIC	9
CHROMIUM	8
CHROMO	6
CHROMOSOMAL	8
CHROMOSOME	7
CHRONIC	6
CHRONICLE	4
CHRONICLER	8
CHRONOGRAPH	8
CHRONOLOGICAL	7
CHRONOLOGIST	10
CHRONOLOGY	8
CHRONOMETER	9
CHRONOMETRIC	11
CHRYSALIS	7
CHRYSANTHEMUM	3
CHUB	6
CHUBBY	3
CHUCK	2
CHUCKER	6
CHUCKLE	1
CHUCKLEHEAD	7
CHUFF	8
CHUG	4
CHUGALUG	4
CHUKKA	9
CHUM	4
CHUMMY	5
CHUMP	6
CHUNK	4
CHUNKY	2
CHURCH	0
CHURCHGOER	2
CHURCHGOING	4
CHURCHMAN	4
CHURCHY	4
CHURCHYARD	1
CHURL	9
CHURLISH	8
CHURN	4
CHUTE	3
CHUTNEY	10
CHUTZPAH	9
CICADA	7
CICATRICES	11
CICATRIX	10
CICERONE	11
CIDER	1
CIG	7
CIGAR	3
CIGARETTE	1
CIGARILLO	10
CILANTRO	7
CILIA	10
CILIATE	9
CINCH	6
CINCHONA	10
CINCTURE	9
CINDER	3
CINE	9
CINEMA	4
CINEMATIC	6
CINEMATOGRAPH	9
CINEMATOGRAPHER	9
CINEMATOGRAPHY	9
CINNAMON	0
CIPHER	9
CIRC	8
CIRCA	8
CIRCADIAN	9
CIRCLE	0
CIRCUIT	7
CIRCUITOUS	10
CIRCUITRY	8
CIRCULAR	3
CIRCULARIZE	8
CIRCULATE	5
CIRCULATION	5
CIRCULATORY	8
CIRCUM	8
CIRCUMAMBULATE	12
CIRCUMCISE	7
CIRCUMCISION	7
CIRCUMFERENCE	7
CIRCUMFERENTIAL	8
CIRCUMNAVIGATE	6
CIRCUMSPECT	9
CIRCUMSPECTION	12
CIRCUMSTANCE	5
CIRCUMSTANTIAL	9
CIRCUMVENT	9
CIRCUS	0
CIRQUE	9
CIRRHOSIS	8
CIRRHOTIC	12
CIRRUS	6
CISALPINE	10
CISTERN	7
CITADEL	8
CITATION	8
CITE	8
CITHARA	11
CITIZEN	3
CITIZENRY	8
CITIZENSHIP	5
CITRATE	11
CITRIC	7
CITRUS	2
CITY	2
CITYSCAPE	8
CITYWIDE	5
CIVET	6
CIVIC	7
CIVICS	6
CIVIL	6
CIVILIAN	5
CIVILITY	8
CIVILIZATION	5
CIVILIZE	5
CIVILIZED	5
CIVILIZING	6
CLABBER	6
CLACK	4
CLACKER	4
CLAD	5
CLAIM	4
CLAIMER	8
CLAIRAUDIENT	11
CLAIRSENTIENCE	10
CLAIRVOYANCE	8
CLAIRVOYANT	7
CLAM	2
CLAMBAKE	7
CLAMBER	6
CLAMMY	6
CLAMOR	7
CLAMP	6
CLAMPDOWN	8
CLAMSHELL	3
CLAN	6
CLANDESTINE	8
CLANG	5
CLANK	2
CLANNISH	8
CLANSMAN	7
CLAP	0
CLAPBOARD	6
CLAPPER	4
CLAPPERBOARD	7
CLAPTRAP	7
CLAQUE	11
CLARET	11
CLARIFICATION	7
CLARIFIER	9
CLARIFY	6
CLARINET	4
CLARION	11
CLARITY	6
CLASH	4
CLASP	4
CLASS	0
CLASSIC	3
CLASSICAL	3
CLASSICIST	8
CLASSICS	4
CLASSIFICATION	6
CLASSIFIED	7
CLASSIFY	5
CLASSIS	9
CLASSISM	10
CLASSIST	11
CLASSLESS	5
CLASSMATE	2
CLASSROOM	1
CLASSY	5
CLATTER	4
CLAUSE	7
CLAUSTROPHOBIA	5
CLAUSTROPHOBIC	7
CLAVICHORD	7
CLAVICLE	8
CLAVIER	9
CLAW	0
CLAWLESS	3
CLAXON	7
CLAY	0
CLEAN	0
CLEANER	1
CLEANLINESS	3
CLEANNESS	2
CLEANSE	3
CLEANSER	3
CLEANSING	4
CLEANUP	0
CLEAR	1
CLEARANCE	4
CLEARHEADED	6
CLEARINGHOUSE	8
CLEARNESS	3
CLEARWAY	9
CLEAT	4
CLEAVAGE	8
CLEAVE	8
CLEAVER	4
CLEF	8
CLEFT	7
CLEMENCY	9
CLENCH	5
CLERGY	5
CLERGYMAN	5
CLERIC	7
CLERICAL	6
CLERK	2
CLERKSHIP	9
CLEVER	3
CLEVERNESS	3
CLEVIS	9
CLEW	11
CLICHE	7
CLICK	2
CLICKER	2
CLIENT	7
CLIENTELE	9
CLIFF	2
CLIFFHANGER	5
CLIMACTIC	8
CLIMATE	3
CLIMATIC	5
CLIMAX	6
CLIMB	0
CLIMBABLE	3
CLIMBER	3
CLIME	9
CLINCH	6
CLINCHER	5
CLING	3
CLINGER	5
CLINGY	2
CLINIC	4
CLINICAL	7
CLINICIAN	8
CLINK	4
CLINKER	6
CLIP	2
CLIPBOARD	3
CLIPPER	5
CLIPPING	4
CLIQUE	7
CLIQUEY	8
CLITORAL	10
CLITORIS	9
CLOAK	2
CLOAKING	5
CLOAKROOM	4
CLOBBER	4
CLOCK	0
CLOCKMAKER	4
CLOCKWORK	4
CLOD	6
CLODHOPPER	8
CLODPOLL	11
CLOG	4
CLOGGY	5
CLOISONNE	12
CLOISTER	10
CLOISTERED	7
CLONE	4
CLONING	9
CLOP	4
CLOSE	0
CLOSENESS	2
CLOSET	0
CLOSETFUL	5
CLOSEUP	3
CLOSURE	7
CLOT	6
CLOTH	0
CLOTHE	4
CLOTHES	0
CLOTHESHORSE	10
CLOTHESLINE	2
CLOTHESPIN	3
CLOTHIER	10
CLOTHING	0
CLOUD	0
CLOUDBURST	9
CLOUDINESS	3
CLOUDLESS	3
CLOUDLIKE	5
CLOUDY	1
CLOUT	12
CLOVE	6
CLOVEN	7
CLOVER	1
CLOVERLEAF	1
CLOWN	0
CLOWNISH	4
CLOWNISHNESS	5
CLOY	10
CLOYING	10
CLUB	1
CLUBBY	8
CLUBFOOT	6
CLUBHOUSE	2
CLUBWOMAN	9
CLUCK	0
CLUE	1
CLUELESS	3
CLUMP	4
CLUMPY	2
CLUMSINESS	3
CLUMSY	2
CLUNK	3
CLUNKER	4
CLUNKY	3
CLUSTER	5
CLUTCH	5
CLUTTER	3
COACH	2
COACHMAN	6
COADJUTOR	12
COAGULANT	9
COAGULATE	9
COAGULATION	9
COAGULATOR	11
COAL	2
COALESCE	11
COALESCENCE	11
COALITION	9
COALMINE	5
COARSE	4
COARSENESS	7
COAST	1
COASTAL	3
COASTER	3
COASTGUARD	4
COASTLINE	4
COASTWISE	9
COAT	0
COATHANGER	0
COATING	4
COATROOM	4
COATTAIL	6
COAUTHOR	6
COAX	6
COAXIAL	10
COB	2
COBALT	8
COBBER	5
COBBLE	5
COBBLER	4
COBBLESTONE	6
COBRA	2
COBWEB	3
COCAINE	7
COCCYX	9
COCHINEAL	9
COCHLEAR	10
COCK	6
COCKADE	8
COCKALORUM	10
COCKAMAMIE	7
COCKATIEL	5
COCKATOO	4
COCKATRICE	8
COCKCROW	6
COCKER	6
COCKEREL	8
COCKEYED	5
COCKFIGHT	7
COCKHORSE	9
COCKINESS	6
COCKLE	9
COCKNEY	11
COCKPIT	4
COCKROACH	1
COCKSUCKER	7
COCKSURE	9
COCKTAIL	5
COCKY	6
COCOA	2
COCONSPIRATOR	9
COCONUT	2
COCOON	4
COD	7
CODA	8
CODDLE	8
CODE	3
CODEBOOK	6
CODEFENDANT	10
CODEINE	11
CODEPENDENCY	8
CODEPENDENT	10
CODER	8
CODEWORD	5
CODEX	10
CODFISH	5
CODGER	7
CODICES	10
CODICIL	12
CODIFY	12
CODING	7
CODLING	7
CODPIECE	8
CODSWALLOP	9
COED	7
COEDUCATIONAL	8
COEFFICIENT	8
COELACANTH	10
COENZYME	9
COEQUAL	10
COEQUALITY	10
COERCE	8
COERCION	7
COERCIVE	9
COEXIST	7
COEXISTENCE	8
COFFEE	0
COFFEEHOUSE	5
COFFEEMAKER	3
COFFEEPOT	1
COFFER	7
COFFERDAM	9
COFFIN	3
COFFLE	9
COFOUNDER	6
COG	6
COGENT	9
COGITATE	10
COGITATION	9
COGITO	12
COGNAC	9
COGNITION	10
COGNITIVE	9
COGNIZANCE	10
COGNIZANT	7
COGNOMEN	8
COGWHEEL	7
COHABITATE	10
COHABITATION	8
COHERENCE	7
COHERENCY	9
COHERENT	7
COHESION	9
COHESIVE	7
COHORT	10
COIF	11
COIFFEUR	9
COIFFURE	9
COIL	5
COIN	0
COINAGE	6
COINCIDE	6
COINCIDENCE	5
COINCIDENT	6
COINCIDENTAL	6
COITAL	11
COITUS	10
COKE	0
COLA	0
COLANDER	4
COLD	0
COLDBLOODED	4
COLDHEARTED	5
COLDNESS	2
COLESLAW	2
COLEUS	9
COLIC	8
COLICKY	10
COLISEUM	7
COLITIS	12
COLLABORATE	7
COLLABORATION	6
COLLABORATIONIST	9
COLLABORATIVE	7
COLLABORATOR	7
COLLAGE	3
COLLAGEN	10
COLLAPSE	4
COLLAPSIBLE	6
COLLAR	2
COLLARBONE	4
COLLARD	7
COLLARLESS	6
COLLATE	10
COLLATERAL	9
COLLATION	9
COLLEAGUE	7
COLLECT	1
COLLECTABLE	3
COLLECTIBLE	3
COLLECTION	2
COLLECTIVE	5
COLLECTOR	3
COLLEGE	3
COLLEGIAL	11
COLLEGIAN	9
COLLEGIATE	8
COLLIDE	5
COLLIE	2
COLLIERY	11
COLLISION	4
COLLODION	12
COLLOQUIAL	9
COLLOQUIALISM	10
COLLOQUIUM	9
COLLOQUY	9
COLLUDE	9
COLLUSION	6
COLLYWOBBLES	7
COLOGNE	3
COLON	6
COLONEL	5
COLONIAL	4
COLONIALISM	7
COLONIALIST	5
COLONIC	9
COLONIST	6
COLONIZATION	5
COLONIZE	5
COLONIZER	5
COLONOSCOPY	11
COLONY	3
COLOPHON	9
COLOR	0
COLORABLE	3
COLORATION	6
COLORATURA	10
COLORBLIND	5
COLORED	1
COLORFAST	8
COLORFUL	0
COLORING	0
COLORIST	8
COLORIZE	7
COLORLESS	2
COLOSSAL	4
COLOSSUS	7
COLOSTOMY	12
COLPORTEUR	9
COLT	4
COLTISH	9
COLUMN	3
COLUMNIST	6
COM	10
COMA	6
COMATOSE	9
COMB	1
COMBAT	5
COMBATANT	7
COMBATIVE	7
COMBATIVENESS	7
COMBINATION	3
COMBINE	2
COMBO	4
COMBUST	6
COMBUSTIBLE	6
COMBUSTION	6
COME	0
COMEBACK	5
COMEDIAN	4
COMEDIC	6
COMEDIENNE	6
COMEDOWN	4
COMEDY	3
COMELY	8
COMER	5
COMESTIBLE	10
COMET	3
COMEUPPANCE	9
COMFIT	10
COMFORT	2
COMFORTABLE	2
COMFORTER	4
COMFORTING	4
COMFORTLESS	5
COMFREY	12
COMFY	1
COMIC	2
COMICAL	4
COMICS	1
COMIDA	11
COMING	0
COMMA	2
COMMAND	4
COMMANDANT	7
COMMANDEER	7
COMMANDER	3
COMMANDING	8
COMMANDMENT	3
COMMANDO	6
COMMEMORATE	7
COMMEMORATION	9
COMMEMORATIVE	5
COMMENCE	6
COMMENCEMENT	7
COMMEND	6
COMMENDABLE	5
COMMENDATION	7
COMMENDATORY	7
COMMENSURATE	9
COMMENT	4
COMMENTARY	7
COMMENTATE	7
COMMENTATOR	6
COMMERCE	8
COMMERCIAL	1
COMMERCIALISM	9
COMMERCIALIZATION	10
COMMERCIALIZE	9
COMMIE	8
COMMINGLE	9
COMMINUTED	11
COMMISERATE	8
COMMISSAR	9
COMMISSARIAT	12
COMMISSARY	9
COMMISSION	10
COMMISSIONER	8
COMMIT	5
COMMITMENT	4
COMMITTABLE	9
COMMITTAL	8
COMMITTEE	5
COMMITTEEWOMAN	9
COMMODE	6
COMMODIOUS	10
COMMODITY	9
COMMODORE	7
COMMON	2
COMMONALITY	8
COMMONER	4
COMMONNESS	7
COMMONPLACE	5
COMMONSENSE	4
COMMONWEALTH	7
COMMOTION	5
COMMUNAL	7
COMMUNALIST	10
COMMUNE	7
COMMUNICABILITY	8
COMMUNICABLE	7
COMMUNICATE	3
COMMUNICATION	3
COMMUNICATIONAL	9
COMMUNICATIVE	5
COMMUNICATOR	5
COMMUNION	3
COMMUNIQUE	9
COMMUNISM	7
COMMUNIST	8
COMMUNISTIC	9
COMMUNITY	2
COMMUTABLE	8
COMMUTATION	7
COMMUTATOR	9
COMMUTE	4
COMMUTER	7
COMP	11
COMPACT	6
COMPACTED	6
COMPACTOR	6
COMPANION	5
COMPANIONABLE	7
COMPANIONSHIP	6
COMPANIONWAY	8
COMPANY	2
COMPARABLE	4
COMPARATIVE	7
COMPARE	4
COMPARISON	4
COMPARTMENT	3
COMPARTMENTALIZATION	8
COMPARTMENTALIZE	10
COMPASS	3
COMPASSION	4
COMPASSIONATE	7
COMPATIBILITY	6
COMPATIBLE	5
COMPATRIOT	7
COMPEL	8
COMPELLING	4
COMPENDIUM	8
COMPENSATE	7
COMPENSATION	7
COMPENSATOR	8
COMPENSATORY	9
COMPETE	2
COMPETENCE	8
COMPETENCY	6
COMPETENT	7
COMPETITION	3
COMPETITIVE	4
COMPETITIVENESS	5
COMPETITOR	4
COMPILATION	9
COMPILE	6
COMPILER	8
COMPLACENCY	9
COMPLACENT	9
COMPLAIN	2
COMPLAINANT	9
COMPLAINER	3
COMPLAINT	3
COMPLAISANCE	10
COMPLEMENT	5
COMPLEMENTARY	6
COMPLETE	2
COMPLETENESS	5
COMPLETION	4
COMPLEX	6
COMPLEXION	6
COMPLEXITY	7
COMPLIANCE	8
COMPLIANT	7
COMPLICATE	4
COMPLICATED	3
COMPLICATION	5
COMPLICIT	8
COMPLICITY	9
COMPLIMENT	2
COMPLIMENTARY	5
COMPLY	6
COMPONENT	6
COMPORT	9
COMPORTMENT	11
COMPOSE	4
COMPOSER	4
COMPOSITE	7
COMPOSITION	4
COMPOSITIONAL	10
COMPOST	5
COMPOSURE	7
COMPOTE	9
COMPOUND	6
COMPOUNDER	8
COMPREHEND	6
COMPREHENSIBLE	6
COMPREHENSION	5
COMPREHENSIVE	8
COMPREHENSIVENESS	8
COMPRESS	5
COMPRESSED	6
COMPRESSION	7
COMPRESSOR	7
COMPRISE	7
COMPROMISE	4
COMPROMISER	6
COMPULSION	9
COMPULSIVE	8
COMPULSIVENESS	6
COMPULSORY	7
COMPUNCTION	10
COMPUNCTIOUS	9
COMPUTATION	7
COMPUTATIONAL	7
COMPUTE	6
COMPUTER	5
COMPUTERIZATION	8
COMPUTERIZE	7
COMPUTERIZED	5
COMPUTING	5
COMRADE	5
COMRADESHIP	8
CON	5
CONCATENATE	12
CONCATENATION	10
CONCAVE	7
CONCEAL	6
CONCEALABLE	6
CONCEALMENT	6
CONCEDE	7
CONCEIT	7
CONCEITED	7
CONCEIVABLE	7
CONCEIVE	5
CONCENTRATE	3
CONCENTRATION	3
CONCENTRATOR	8
CONCENTRIC	7
CONCEPT	6
CONCEPTION	6
CONCEPTUAL	8
CONCEPTUALIZE	10
CONCERN	2
CONCERNED	4
CONCERNING	3
CONCERT	4
CONCERTED	10
CONCERTINA	8
CONCERTO	8
CONCESSION	4
CONCESSIONARY	9
CONCH	6
CONCHIE	9
CONCHS	9
CONCIERGE	7
CONCILIATION	9
CONCILIATORY	9
CONCISE	8
CONCLAVE	8
CONCLUDE	5
CONCLUSION	4
CONCLUSIVE	7
CONCOCT	6
CONCOCTION	5
CONCOMITANT	11
CONCORDANCE	10
CONCOURSE	9
CONCRETE	2
CONCUBINAGE	10
CONCUBINE	8
CONCUR	7
CONCURRENCE	6
CONCURRENT	8
CONCUSS	8
CONCUSSION	6
CONCUSSIVE	9
CONDEMN	8
CONDEMNATION	8
CONDENSATES	6
CONDENSATION	7
CONDENSE	6
CONDENSED	7
CONDENSER	7
CONDESCEND	7
CONDESCENDING	7
CONDESCENSION	9
CONDIGN	12
CONDIMENT	4
CONDITION	3
CONDITIONAL	6
CONDITIONER	3
CONDITIONING	6
CONDO	7
CONDOLE	10
CONDOLENCE	7
CONDOM	7
CONDOMINIUM	7
CONDONE	7
CONDOR	9
CONDUCIVE	9
CONDUCT	4
CONDUCTION	6
CONDUCTIVE	7
CONDUCTIVITY	9
CONDUCTOR	2
CONDUIT	8
CONE	0
CONED	6
CONEY	7
CONFAB	11
CONFABULATION	10
CONFECTION	5
CONFECTIONARY	8
CONFECTIONER	8
CONFECTIONERY	8
CONFEDERACY	6
CONFEDERATE	5
CONFEDERATION	6
CONFER	8
CONFERENCE	4
CONFERENCING	8
CONFERRAL	8
CONFESS	2
CONFESSANT	8
CONFESSION	4
CONFESSIONAL	6
CONFESSOR	6
CONFETTI	2
CONFIDANT	5
CONFIDE	6
CONFIDENCE	4
CONFIDENT	5
CONFIDENTIAL	7
CONFIDENTIALITY	8
CONFIGURATION	7
CONFIGURE	7
CONFINE	5
CONFINEMENT	6
CONFINING	6
CONFIRM	4
CONFIRMATION	4
CONFISCATE	6
CONFISCATION	7
CONFISCATORY	8
CONFLAGRATION	11
CONFLICT	5
CONFLICTING	7
CONFLUENCE	11
CONFLUENT	11
CONFLUX	11
CONFORM	6
CONFORMABLE	8
CONFORMANCE	10
CONFORMATION	7
CONFORMATIONAL	8
CONFORMISM	8
CONFORMIST	8
CONFORMITY	10
CONFOUND	7
CONFOUNDED	7
CONFRERE	10
CONFRONT	5
CONFRONTATION	4
CONFRONTATIONAL	7
CONFUSE	1
CONFUSED	3
CONFUSER	5
CONFUSING	2
CONFUSION	5
CONFUTE	10
CONGA	9
CONGEAL	7
CONGEE	8
CONGENIAL	8
CONGENITAL	10
CONGEST	7
CONGESTED	4
CONGESTION	5
CONGESTIVE	6
CONGLOMERATE	8
CONGLOMERATION	8
CONGRATS	3
CONGRATULATE	5
CONGRATULATION	3
CONGRATULATIONS	2
CONGRATULATORY	7
CONGREGATE	5
CONGREGATION	4
CONGREGATIONAL	6
CONGRESS	4
CONGRESSIONAL	8
CONGRESSMAN	4
CONGRESSWOMAN	6
CONGRUENT	9
CONGRUITY	7
CONIC	8
CONICAL	7
CONIDIAL	9
CONJECTURAL	9
CONJECTURE	8
CONJUGAL	12
CONJUGATE	8
CONJUGATION	7
CONJUNCTION	5
CONJUNCTIVITIS	9
CONJURATION	10
CONJURE	6
CONJURER	7
CONK	4
CONMAN	7
CONNECT	3
CONNECTEDNESS	7
CONNECTIBLE	4
CONNECTION	3
CONNECTIVE	7
CONNECTIVITY	5
CONNECTOR	4
CONNIPTION	5
CONNIVANCE	9
CONNIVE	7
CONNIVER	8
CONNOISSEUR	9
CONNOTATION	7
CONNOTE	9
CONNUBIAL	12
CONQUER	5
CONQUERING	5
CONQUEROR	5
CONQUEST	4
CONQUISTADOR	7
CONSCIENCE	5
CONSCIENTIOUS	7
CONSCIENTIOUSNESS	6
CONSCIOUS	6
CONSCIOUSNESS	5
CONSCRIPT	10
CONSCRIPTION	8
CONSECRATE	7
CONSECRATED	6
CONSECRATION	7
CONSECUTIVE	5
CONSENSUAL	8
CONSENSUS	7
CONSENT	5
CONSENTING	8
CONSEQUENCE	2
CONSEQUENT	6
CONSEQUENTIAL	7
CONSERVANCY	9
CONSERVATION	6
CONSERVATIONIST	9
CONSERVATISM	7
CONSERVATIVE	9
CONSERVATOIRE	9
CONSERVATOR	9
CONSERVATORSHIP	12
CONSERVATORY	7
CONSERVE	4
CONSIDER	4
CONSIDERABLE	5
CONSIDERATE	3
CONSIDERATION	5
CONSIGN	8
CONSIGNEE	11
CONSIGNMENT	10
CONSIGNOR	10
CONSIST	4
CONSISTENCE	6
CONSISTENCY	5
CONSISTENT	5
CONSISTORY	9
CONSOLATION	7
CONSOLATORY	10
CONSOLE	6
CONSOLIDATE	8
CONSOLIDATED	7
CONSOLIDATION	10
CONSOMME	9
CONSONANT	4
CONSONANTAL	11
CONSORT	8
CONSORTIUM	11
CONSPECTUS	9
CONSPICUOUS	7
CONSPIRACY	6
CONSPIRATOR	6
CONSPIRATORIAL	9
CONSPIRE	6
CONSPIRER	8
CONSTABLE	6
CONSTANCY	7
CONSTANT	5
CONSTELLATION	5
CONSTERNATION	12
CONSTIPATION	5
CONSTITUENCY	10
CONSTITUENT	10
CONSTITUTE	8
CONSTITUTION	4
CONSTITUTIONAL	5
CONSTITUTIONALITY	7
CONSTRAIN	7
CONSTRAINT	6
CONSTRICT	5
CONSTRICTION	6
CONSTRICTIVE	5
CONSTRICTOR	6
CONSTRUCT	4
CONSTRUCTION	3
CONSTRUCTIONIST	10
CONSTRUCTIVE	4
CONSTRUCTOR	5
CONSTRUE	9
CONSUBSTANTIATION	10
CONSUL	8
CONSULAR	11
CONSULATE	9
CONSULT	6
CONSULTANT	7
CONSULTATION	5
CONSUME	6
CONSUMER	6
CONSUMERISM	9
CONSUMMATE	9
CONSUMMATION	9
CONSUMPTION	7
CONSUMPTIVE	7
CONTACT	3
CONTAGION	7
CONTAGIOUS	3
CONTAIN	3
CONTAINABLE	8
CONTAINER	2
CONTAINMENT	6
CONTAMINANT	7
CONTAMINATE	6
CONTAMINATION	6
CONTAMINATIVE	10
CONTEMPLATE	6
CONTEMPLATION	7
CONTEMPLATIVE	8
CONTEMPORARY	7
CONTEMPORIZE	9
CONTEMPT	7
CONTEMPTIBLE	8
CONTEMPTUOUS	8
CONTEND	7
CONTENDER	7
CONTENDING	7
CONTENT	3
CONTENTION	8
CONTENTIOUS	8
CONTENTMENT	6
CONTENTS	4
CONTEST	2
CONTESTABLE	8
CONTESTANT	3
CONTESTATION	7
CONTESTER	7
CONTEXT	5
CONTEXTUAL	8
CONTIGUOUS	9
CONTINENT	3
CONTINENTAL	6
CONTINGENCY	9
CONTINGENT	9
CONTINUAL	6
CONTINUANCE	7
CONTINUATION	5
CONTINUE	3
CONTINUITY	9
CONTINUOUS	6
CONTINUUM	9
CONTORT	5
CONTORTION	7
CONTORTIONIST	7
CONTOUR	7
CONTOURED	9
CONTRA	10
CONTRABAND	8
CONTRACEPTION	8
CONTRACEPTIVE	9
CONTRACT	4
CONTRACTION	8
CONTRACTOR	5
CONTRACTUAL	8
CONTRACTURE	8
CONTRADICT	6
CONTRADICTION	6
CONTRADICTORY	7
CONTRAIL	11
CONTRAIRE	8
CONTRAPTION	6
CONTRAPUNTAL	9
CONTRARIETY	8
CONTRARINESS	6
CONTRARY	5
CONTRAST	5
CONTRAVENE	12
CONTRAVENTION	9
CONTRETEMPS	9
CONTRIBUTABLE	7
CONTRIBUTE	4
CONTRIBUTION	6
CONTRIBUTOR	6
CONTRIBUTORY	9
CONTRITE	9
CONTRITENESS	9
CONTRITION	9
CONTRIVANCE	9
CONTRIVE	8
CONTRIVER	10
CONTROL	2
CONTROLLABLE	2
CONTROLLER	5
CONTROVERSIAL	7
CONTROVERSY	6
CONTUMACIOUS	12
CONTUMELY	8
CONTUSION	8
CONUNDRUM	10
CONURBATION	8
CONVALESCE	9
CONVALESCENCE	9
CONVALESCENT	10
CONVECTION	8
CONVECTIVE	7
CONVECTOR	10
CONVENE	8
CONVENIENCE	5
CONVENIENT	4
CONVENT	5
CONVENTION	7
CONVENTIONAL	4
CONVENTIONALITY	10
CONVENTUAL	8
CONVERGE	7
CONVERGENCE	7
CONVERGENT	8
CONVERSABLE	8
CONVERSANT	8
CONVERSATION	3
CONVERSATIONAL	6
CONVERSATIONALIST	7
CONVERSE	7
CONVERSION	5
CONVERT	6
CONVERTER	8
CONVERTIBLE	4
CONVEX	6
CONVEY	8
CONVEYANCE	8
CONVICT	6
CONVICTION	6
CONVINCE	4
CONVINCER	6
CONVINCING	3
CONVIVIAL	10
CONVIVIALITY	10
CONVOCATION	9
CONVOLUTION	9
CONVOY	7
CONVULSE	6
CONVULSION	7
COO	2
COOER	8
COOK	0
COOKBOOK	2
COOKER	2
COOKERY	5
COOKHOUSE	6
COOKIE	0
COOKING	0
COOKOUT	2
COOKWARE	4
COOL	0
COOLANT	6
COOLER	1
COOLIE	5
COOLNESS	3
COON	4
COONHOUND	5
COONSKIN	5
COOP	3
COOPERAGE	9
COOPERATE	3
COOPERATION	3
COOPERATIVE	4
COOPERATOR	6
COORDINATE	6
COORDINATION	7
COORDINATOR	6
COOT	8
COOTIE	1
COP	0
COPACETIC	10
COPE	4
COPIER	3
COPILOT	4
COPIOUS	10
COPOUT	5
COPPER	3
COPPERHEAD	6
COPPERPLATE	5
COPPERY	7
COPPICE	12
COPRA	7
COPTER	6
COPULA	10
COPULATE	8
COPULATION	9
COPULATIVE	10
COPY	1
COPYBOOK	5
COPYCAT	1
COPYHOLD	8
COPYIST	9
COPYRIGHT	7
COPYWRITER	6
COQUETTE	11
COQUETTISH	11
CORAL	4
CORD	1
CORDAGE	10
CORDIAL	7
CORDIALITY	9
CORDILLERA	9
CORDITE	12
CORDLESS	5
CORDON	8
CORDOVAN	10
CORDUROY	5
CORDWOOD	8
CORE	3
COREGENT	10
CORGI	8
CORIANDER	9
CORK	4
CORKBOARD	3
CORKER	7
CORKSCREW	3
CORMORANT	9
CORN	0
CORNBALL	4
CORNBREAD	1
CORNCOB	0
CORNCRIB	8
CORNEA	7
CORNEAL	10
CORNED	6
CORNEL	8
CORNER	0
CORNERBACK	8
CORNERSTONE	7
CORNFIELD	1
CORNFLAKE	0
CORNFLAKES	0
CORNFLOWER	3
CORNICE	8
CORNMEAL	2
CORNROW	4
CORNSTALK	2
CORNSTARCH	4
CORNUCOPIA	4
CORNY	4
COROLLARY	7
CORONAL	6
CORONARY	8
CORONATION	8
CORONER	6
CORONET	9
CORPORAL	6
CORPORATE	6
CORPORATION	7
CORPORATIVE	9
CORPOREAL	11
CORPS	7
CORPSE	5
CORPSMAN	8
CORPULENT	12
CORPUS	6
CORPUSCLE	8
CORPUSCULAR	9
CORRAL	3
CORRECT	0
CORRECTABLE	5
CORRECTION	4
CORRECTIONAL	7
CORRECTIVE	5
CORRECTNESS	4
CORRELATE	8
CORRELATION	8
CORRELATIVE	9
CORRESPOND	7
CORRESPONDENCE	6
CORRESPONDENT	8
CORRESPONDING	6
CORRIDOR	4
CORROBORATE	6
CORROBORATION	9
CORROBORATIVE	9
CORRODE	6
CORROSION	4
CORROSIVE	5
CORRUGATED	7
CORRUPT	7
CORRUPTIBLE	7
CORRUPTION	6
CORRUPTNESS	8
CORRUPTOR	6
CORSAGE	6
CORSAIR	8
CORSET	6
CORSETED	8
CORTEGE	11
CORTEX	7
CORTICAL	12
CORTICES	12
CORTISONE	7
CORUNDUM	11
CORUSCATION	12
COSIGN	10
COSINE	8
COSMETIC	6
COSMETICIAN	7
COSMETOLOGIST	6
COSMETOLOGY	7
COSMIC	4
COSMOLOGICAL	9
COSMOLOGIST	7
COSMOLOGY	7
COSMONAUT	6
COSMOPOLITAN	7
COSMOS	6
COSPONSOR	8
COST	1
COSTAL	5
COSTAR	5
COSTLY	4
COSTUME	0
COSTUMED	4
COSTUMER	6
COSTUMIER	7
COSY	3
COT	3
COTERIE	9
COTILLION	9
COTTA	10
COTTAGE	4
COTTAR	12
COTTER	9
COTTON	1
COTTONMOUTH	7
COTTONTAIL	3
COTTONWOOD	9
COTTONY	6
COTYLEDON	11
COUCH	0
COUCHANT	11
COUGAR	3
COUGH	0
COUGHER	6
COULEE	8
COULISSE	10
COUNCIL	6
COUNCILMAN	7
COUNCILOR	5
COUNCILWOMAN	7
COUNSEL	4
COUNSELING	5
COUNSELOR	4
COUNT	0
COUNTABLE	4
COUNTDOWN	1
COUNTENANCE	7
COUNTER	2
COUNTERACT	8
COUNTERACTION	9
COUNTERACTIVE	8
COUNTERAGENT	9
COUNTERARGUMENT	9
COUNTERATTACK	6
COUNTERBALANCE	7
COUNTERCULTURE	8
COUNTERESPIONAGE	8
COUNTERFEIT	6
COUNTERFEITER	7
COUNTERFORCE	7
COUNTERINSURGENCY	11
COUNTERINTELLIGENCE	8
COUNTERINTUITIVE	7
COUNTERIRRITANT	12
COUNTERMAND	8
COUNTERMEASURE	10
COUNTERMINE	8
COUNTERMOVE	8
COUNTEROFFENSIVE	9
COUNTEROFFER	8
COUNTERPANE	9
COUNTERPART	7
COUNTERPOINT	6
COUNTERPOISE	10
COUNTERPRODUCTIVE	7
COUNTERPROPOSAL	10
COUNTERPUNCH	10
COUNTERPUNCHER	7
COUNTERREVOLUTION	9
COUNTERREVOLUTIONARY	10
COUNTERSIGN	10
COUNTERSIGNATURE	9
COUNTERSTRIKE	7
COUNTERSUIT	9
COUNTERTENOR	10
COUNTERTERRORISM	12
COUNTERTERRORIST	11
COUNTERVAIL	9
COUNTERWEIGHT	8
COUNTESS	7
COUNTLESS	4
COUNTRY	2
COUNTRYMAN	6
COUNTRYSIDE	3
COUNTRYWOMAN	5
COUNTY	4
COUP	7
COUPE	8
COUPLE	1
COUPLER	7
COUPLET	6
COUPLING	7
COUPON	2
COURAGE	3
COURAGEOUS	5
COURANT	6
COURIER	9
COURSE	2
COURT	3
COURTEOUS	4
COURTESAN	8
COURTESY	3
COURTHOUSE	4
COURTIER	8
COURTLY	9
COURTROOM	4
COURTSHIP	7
COURTSIDE	7
COURTYARD	5
COUSCOUS	10
COUSIN	0
COUSINHOOD	4
COUTH	7
COUTURE	10
COUTURIER	10
COVALENT	9
COVARIANCE	11
COVARIANT	11
COVE	5
COVEN	7
COVENANT	6
COVENANTER	10
COVER	0
COVERAGE	6
COVERALL	4
COVERLESS	6
COVERLET	10
COVERT	8
COVET	7
COVETED	7
COVETOUS	7
COVETOUSNESS	10
COVEY	9
COW	0
COWARD	3
COWARDICE	6
COWARDLY	4
COWBELL	2
COWBOY	0
COWER	6
COWGIRL	2
COWHAND	4
COWHIDE	6
COWL	9
COWLICK	3
COWLING	8
COWMAN	6
COWORKER	7
COWPAT	4
COWPOKE	4
COWPOX	7
COWPUNCHER	8
COWSHED	5
COWSKIN	4
COWSLIP	9
COXCOMB	12
COXSWAIN	12
COY	7
COYNESS	6
COYOTE	2
COZEN	11
COZENAGE	10
COZY	4
CRAB	0
CRABBER	10
CRABBINESS	3
CRABBY	4
CRABGRASS	6
CRABMEAT	5
CRACK	1
CRACKDOWN	6
CRACKER	0
CRACKERJACK	2
CRACKLE	2
CRACKPOT	7
CRACKUP	4
CRADLE	0
CRAFT	1
CRAFTER	5
CRAFTSMAN	4
CRAFTSMANSHIP	6
CRAFTY	4
CRAG	7
CRAGGY	8
CRAM	5
CRAMBO	6
CRAMP	4
CRAMPON	10
CRANBERRY	1
CRANE	2
CRANIAL	7
CRANIOFACIAL	11
CRANIOTOMY	12
CRANIUM	5
CRANK	6
CRANKCASE	11
CRANKINESS	4
CRANKSHAFT	8
CRANKY	1
CRANNY	7
CRAP	2
CRAPE	6
CRAPEHANGER	10
CRAPPY	3
CRAPSHOOTER	8
CRAPULOUS	8
CRASH	1
CRASHER	4
CRASHWORTHINESS	9
CRASS	9
CRASSNESS	8
CRATE	2
CRATEFUL	5
CRATER	3
CRAVE	4
CRAVEN	7
CRAVING	5
CRAW	8
CRAWDAD	6
CRAWFISH	4
CRAWL	0
CRAWLER	2
CRAWLERS	2
CRAWLSPACE	4
CRAYFISH	4
CRAYON	0
CRAZE	4
CRAZED	3
CRAZINESS	4
CRAZY	0
CREAK	3
CREAKING	3
CREAKY	2
CREAM	1
CREAMED	5
CREAMER	4
CREAMERY	6
CREAMY	1
CREASE	3
CREATE	2
CREATION	3
CREATIONISM	7
CREATIONIST	9
CREATIVE	4
CREATIVITY	3
CREATOR	2
CREATURE	2
CRECHE	8
CREDENCE	8
CREDENTIAL	7
CREDENTIALS	8
CREDENZA	10
CREDIBILITY	7
CREDIBLE	8
CREDIT	4
CREDITABLE	8
CREDITCARD	5
CREDITOR	7
CREDO	10
CREDULITY	10
CREDULOUS	9
CREED	4
CREEK	1
CREEP	3
CREEPER	6
CREEPERS	4
CREEPY	2
CREMATE	7
CREMATION	6
CREMATOR	9
CREMATORIUM	7
CREMATORY	7
CREOSOTE	10
CREPE	6
CREPEHANGER	9
CREPUSCULAR	10
CREPUSCULE	12
CRESCENDO	9
CRESCENT	3
CRESS	7
CREST	5
CRESTED	7
CRESTFALLEN	6
CRETACEOUS	8
CRETIN	10
CRETONNE	12
CREVASSE	6
CREVICE	7
CREW	3
CREWMAN	5
CRIB	1
CRIBBAGE	9
CRICK	4
CRICKET	3
CRICKETER	10
CRIER	2
CRIME	3
CRIMINAL	2
CRIMINALIST	8
CRIMINALITY	7
CRIMINALIZE	9
CRIMINOLOGICAL	9
CRIMINOLOGIST	10
CRIMINOLOGY	11
CRIMP	4
CRIMPING	6
CRIMSON	5
CRINGE	4
CRINGLE	6
CRINITE	11
CRINKLE	4
CRINKLY	4
CRINOLINE	10
CRIPPLE	4
CRIPPLED	3
CRIPPLER	4
CRIPPLING	4
CRISIS	4
CRISP	2
CRISPINESS	5
CRISPNESS	4
CRISPY	1
CRISSCROSS	2
CRITERION	9
CRITIC	5
CRITICAL	3
CRITICISM	5
CRITICIZE	5
CRITIQUE	7
CRITTER	2
CROAK	3
CROAKER	6
CROAKY	6
CROC	6
CROCHET	4
CROCK	5
CROCKERY	6
CROCODILE	0
CROCUS	6
CROISSANT	5
CRONE	6
CRONY	8
CRONYISM	11
CROOK	3
CROOKED	1
CROOKEDNESS	5
CROON	8
CROONER	7
CROP	3
CROPPER	6
CROQUET	6
CROQUETTE	4
CROSS	0
CROSSBAR	6
CROSSBEAM	7
CROSSBONES	5
CROSSBOW	6
CROSSBREED	7
CROSSCHECK	8
CROSSCURRENT	9
CROSSFIRE	5
CROSSHATCH	7
CROSSJACK	9
CROSSLET	8
CROSSNESS	8
CROSSOVER	5
CROSSPATCH	7
CROSSROAD	4
CROSSROADS	6
CROSSTIE	8
CROSSWALK	2
CROSSWAY	6
CROSSWIND	6
CROSSWISE	6
CROSSWORD	2
CROTCH	4
CROTCHET	4
CROTCHETY	7
CROUCH	4
CROUP	8
CROUPIER	12
CROUTON	3
CROW	1
CROWBAR	4
CROWD	2
CROWDED	3
CROWFOOT	6
CROWN	3
CRUCIAL	6
CRUCIBLE	9
CRUCIFEROUS	11
CRUCIFIX	4
CRUCIFIXION	4
CRUCIFORM	11
CRUCIFY	4
CRUD	4
CRUDDY	2
CRUDE	6
CRUDENESS	6
CRUDITY	9
CRUEL	3
CRUELTY	4
CRUET	12
CRUISE	4
CRUISER	5
CRULLER	7
CRUMB	1
CRUMBLE	2
CRUMBLY	3
CRUMBY	4
CRUMMY	1
CRUMPET	7
CRUMPLE	3
CRUNCH	1
CRUNCHABLE	3
CRUNCHER	3
CRUNCHINESS	4
CRUNCHY	0
CRUSADE	5
CRUSADER	8
CRUSH	3
CRUSHER	4
CRUST	1
CRUSTACEAN	5
CRUSTY	3
CRUTCH	2
CRUX	7
CRY	0
CRYBABY	1
CRYOBIOLOGY	12
CRYOGENIC	11
CRYOGENICS	10
CRYONIC	10
CRYONICS	8
CRYPT	6
CRYPTIC	7
CRYPTO	9
CRYPTOGENIC	9
CRYPTOGRAM	9
CRYPTOGRAPH	9
CRYPTOGRAPHER	10
CRYPTOGRAPHY	10
CRYPTOLOGIST	10
CRYPTOLOGY	10
CRYPTONYM	9
CRYSTAL	3
CRYSTALLINE	8
CRYSTALLIZATION	7
CRYSTALLIZE	7
CRYSTALLOGRAPHY	10
CRYSTALLOID	9
CUB	0
CUBAGE	8
CUBBY	1
CUBBYHOLE	2
CUBE	2
CUBEB	12
CUBIC	6
CUBICAL	6
CUBICLE	8
CUBISM	8
CUBIST	9
CUBISTIC	10
CUBIT	8
CUCKOLD	9
CUCKOO	2
CUCUMBER	1
CUD	6
CUDBEAR	6
CUDDLE	1
CUDDY	8
CUDGEL	7
CUE	6
CUFF	3
CUFFLINK	5
CUIRASS	11
CUISINE	7
CULINARY	6
CULL	11
CULMINATE	9
CULMINATION	7
CULOTTES	9
CULPA	8
CULPABILITY	8
CULPABLE	11
CULPRIT	6
CULT	6
CULTISH	8
CULTIVAR	11
CULTIVATE	7
CULTIVATION	7
CULTIVATOR	8
CULTURAL	6
CULTURE	5
CULTURED	6
CULTURELESS	9
CULVERT	5
CUMBERSOME	6
CUMBROUS	10
CUMIN	8
CUMMERBUND	8
CUMULATIVE	8
CUMULONIMBUS	10
CUMULUS	7
CUNEIFORM	9
CUNNILINGUS	11
CUNNING	6
CUNNINGNESS	8
CUNT	9
CUP	0
CUPBOARD	1
CUPCAKE	0
CUPFUL	1
CUPIDITY	7
CUPRIC	12
CUR	10
CURABLE	6
CURARE	11
CURATE	11
CURATIVE	9
CURATOR	7
CURATORSHIP	10
CURB	2
CURBSIDE	6
CURBSTONE	6
CURCULIO	8
CURD	5
CURDLE	6
CURDLED	5
CURE	5
CURELESS	6
CURETTE	12
CURFEW	5
CURIA	10
CURIO	6
CURIOSITY	3
CURIOUS	2
CURIUM	11
CURL	1
CURLER	3
CURLEW	10
CURLING	4
CURMUDGEON	8
CURRANT	7
CURRENCY	4
CURRENT	4
CURRENTLY	3
CURRICULAR	5
CURRICULUM	5
CURRISH	8
CURRY	8
CURSE	2
CURSIVE	2
CURSOR	7
CURSORY	9
CURST	7
CURT	8
CURTAIL	8
CURTAILMENT	10
CURTAIN	0
CURTSY	4
CURVACEOUS	8
CURVATURE	8
CURVE	3
CURVEBALL	4
CURVED	2
CURVY	4
CUSHION	1
CUSHY	4
CUSP	8
CUSPIDOR	10
CUSS	2
CUSSEDNESS	8
CUSTARD	4
CUSTODIAL	6
CUSTODIAN	3
CUSTODIANSHIP	7
CUSTODY	5
CUSTOM	3
CUSTOMARY	6
CUSTOMER	2
CUSTOMIZE	7
CUSTOMIZED	6
CUSTOMIZER	8
CUSTOMS	4
CUT	0
CUTANEOUS	10
CUTAWAY	7
CUTBACK	7
CUTE	0
CUTENESS	2
CUTESY	2
CUTICLE	7
CUTIE	0
CUTLASS	7
CUTLERY	5
CUTLET	7
CUTOFF	4
CUTOUT	2
CUTTER	3
CUTTHROAT	6
CUTTLE	7
CUTTLEBONE	8
CUTTLEFISH	8
CUTUP	5
CYAN	6
CYANIC	11
CYANIDE	9
CYANOSIS	12
CYANOTIC	11
CYBERNETIC	11
CYBERNETICS	10
CYBERSEX	10
CYBERSPACE	9
CYCLAMEN	10
CYCLE	3
CYCLER	6
CYCLIC	7
CYCLICAL	8
CYCLIST	4
CYCLOID	9
CYCLONE	5
CYCLOPEDIA	9
CYCLOTRON	11
CYGNET	7
CYLINDER	5
CYLINDRICAL	6
CYMBAL	5
CYMBALS	3
CYMBIDIUM	10
CYNIC	8
CYNICAL	8
CYNICISM	8
CYNOSURE	11
CYST	7
CYSTIC	9
CYTOMEGALOVIRUS	12
CYTOPLASM	8
CYTOSINE	10
CZAR	7
CZARDAS	11
CZARIST	11
DAB	2
DABBLE	5
DABBLER	9
DACE	9
DACHA	9
DACHSHUND	4
DACTYL	9
DACTYLIC	12
DAD	0
DADDY	0
DADO	8
DAFFODIL	1
DAFT	7
DAG	6
DAGGER	3
DAGUERREOTYPE	12
DAILY	1
DAIMYO	9
DAINTINESS	6
DAINTY	4
DAIQUIRI	10
DAIRY	2
DAIRYMAN	4
DAIS	8
DAISY	1
DALE	5
DALLIANCE	10
DALMATIAN	1
DAM	2
DAMAGE	2
DAMASK	9
DAME	7
DAMN	3
DAMNABLE	7
DAMNATION	4
DAMP	3
DAMPEN	5
DAMPER	5
DAMPING	8
DAMPNESS	3
DAMSEL	3
DAMSON	11
DANCE	0
DANCEABLE	5
DANCER	1
DANCING	0
DANDELION	0
DANDER	7
DANDLER	9
DANDRUFF	6
DANDY	3
DANDYISH	10
DANGER	0
DANGEROUS	1
DANGEROUSNESS	4
DANGLE	2
DANGLER	4
DANK	7
DANSEUR	11
DANSEUSE	12
DAPPER	7
DAPPLED	6
DARE	2
DAREDEVIL	3
DARER	4
DARESAY	7
DARING	4
DARK	0
DARKEN	2
DARKENED	2
DARKIE	6
DARKLING	6
DARKNESS	0
DARKROOM	7
DARKSOME	8
DARLING	1
DARN	3
DARNEDEST	6
DARNEL	12
DART	2
DARTBOARD	3
DARTER	7
DARTS	2
DASH	3
DASHBOARD	4
DASHIKI	7
DASHING	4
DASTARDLY	8
DATA	5
DATABANK	11
DATABASE	9
DATABLE	7
DATE	1
DATEBOOK	7
DATELESS	8
DATER	6
DATIVE	10
DAUB	5
DAUGHTER	0
DAUGHTERLY	4
DAUNT	7
DAUNTING	7
DAUNTLESS	9
DAUPHIN	10
DAWDLE	5
DAWDLER	7
DAWN	2
DAY	0
DAYBED	5
DAYBOOK	7
DAYBREAK	3
DAYCARE	2
DAYDREAM	3
DAYDREAMER	2
DAYLIGHT	0
DAYLONG	5
DAYSTAR	6
DAYTIME	0
DAZE	5
DAZZLE	3
DAZZLER	5
DAZZLING	4
DEACON	6
DEACONESS	7
DEACONSHIP	7
DEACTIVATE	7
DEACTIVATION	7
DEACTIVATOR	7
DEAD	0
DEADBEAT	5
DEADBOLT	5
DEADEN	6
DEADFALL	8
DEADHEAD	8
DEADLINE	5
DEADLINESS	6
DEADLOCK	7
DEADLY	1
DEADPAN	10
DEADWEIGHT	6
DEAF	2
DEAFEN	4
DEAFENING	6
DEAFNESS	2
DEAL	1
DEALER	4
DEALERSHIP	6
DEAN	9
DEAR	1
DEARLY	3
DEARTH	9
DEATH	0
DEATHBED	4
DEATHLY	5
DEATHTRAP	6
DEBACLE	7
DEBARK	7
DEBARKATION	9
DEBASE	9
DEBASEMENT	9
DEBATABLE	6
DEBATE	5
DEBATER	6
DEBAUCH	10
DEBAUCHED	11
DEBAUCHER	10
DEBAUCHERY	9
DEBENTURE	12
DEBILITATING	9
DEBIT	9
DEBONAIR	7
DEBONE	6
DEBRIDEMENT	12
DEBRIEF	8
DEBRIEFING	10
DEBRIS	6
DEBT	5
DEBTOR	7
DEBUG	8
DEBUGGER	9
DEBUNK	9
DEBUT	6
DEBUTANTE	9
DECADE	5
DECADENCE	7
DECADENT	7
DECAF	5
DECAFFEINATED	7
DECAL	4
DECAMP	9
DECANTER	10
DECAPITATE	5
DECAPITATION	6
DECATHLETE	8
DECATHLON	8
DECAY	4
DECAYING	4
DECEASE	5
DECEASED	6
DECEDENT	5
DECEIT	6
DECEITFUL	8
DECEITFULNESS	6
DECEIVE	4
DECEIVER	6
DECELERATE	8
DECELERATION	6
DECEMBER	0
DECENCY	4
DECENT	2
DECENTRALIZATION	9
DECEPTION	5
DECEPTIVE	6
DECIBEL	7
DECIDE	2
DECIDER	4
DECIDUOUS	9
DECIGRAM	12
DECILITER	8
DECIMAL	4
DECIMATE	8
DECIMATION	8
DECIMATOR	7
DECIPHER	6
DECISION	3
DECISIVE	6
DECISIVENESS	8
DECK	1
DECLAIM	7
DECLARATION	6
DECLARATORY	9
DECLARE	6
DECLENSION	8
DECLINATION	10
DECLINE	5
DECO	9
DECODABLE	9
DECODE	6
DECODER	6
DECOMMISSION	8
DECOMMISSIONING	11
DECOMPENSATE	9
DECOMPOSE	5
DECOMPOSITION	9
DECOMPRESS	8
DECOMPRESSION	9
DECONGESTANT	7
DECONSECRATE	8
DECONSTRUCT	6
DECONSTRUCTION	8
DECONSTRUCTIONIST	10
DECONTAMINATE	6
DECONTAMINATION	8
DECONTROL	8
DECOR	6
DECORATE	2
DECORATED	1
DECORATION	1
DECORATIVE	5
DECORATOR	5
DECOROUS	8
DECORTICATE	9
DECORUM	10
DECOUPAGE	8
DECOY	4
DECREASE	4
DECREE	6
DECREPIT	6
DECREPITUDE	10
DECRYPT	7
DECRYPTION	10
DECUPLE	11
DEDICATE	4
DEDICATION	5
DEDUCE	8
DEDUCT	6
DEDUCTIBLE	9
DEDUCTION	6
DEDUCTIVE	7
DEED	5
DEEJAY	4
DEEM	5
DEEP	0
DEEPEN	4
DEEPNESS	3
DEEPWATER	5
DEER	0
DEERSTALKER	7
DEESCALATE	10
DEFACE	7
DEFACEMENT	8
DEFALCATION	11
DEFAMATION	9
DEFAMATORY	11
DEFAME	7
DEFAULT	6
DEFEAT	4
DEFEATISM	9
DEFEATIST	9
DEFECATE	8
DEFECATION	8
DEFECT	5
DEFECTION	8
DEFECTIVE	5
DEFECTOR	8
DEFENCE	3
DEFEND	3
DEFENDANT	6
DEFENDER	4
DEFENESTRATION	8
DEFENSE	4
DEFENSELESS	4
DEFENSEMAN	7
DEFENSIBLE	6
DEFENSIVE	5
DEFENSIVENESS	5
DEFER	7
DEFERENCE	8
DEFERENS	11
DEFERENTIAL	9
DEFERMENT	9
DEFIANCE	7
DEFIANT	5
DEFIBRILLATE	10
DEFIBRILLATION	9
DEFIBRILLATOR	10
DEFICIENCY	7
DEFICIENT	7
DEFICIT	8
DEFILADE	9
DEFILE	8
DEFILEMENT	9
DEFILER	9
DEFINE	4
DEFINITE	3
DEFINITELY	2
DEFINITION	3
DEFINITIVE	8
DEFLATE	4
DEFLATION	6
DEFLECT	5
DEFLECTION	7
DEFLECTOR	7
DEFLOWER	9
DEFOLIANT	11
DEFOLIATE	9
DEFORESTATION	10
DEFORM	6
DEFORMATION	9
DEFORMED	3
DEFORMITY	5
DEFRAUD	7
DEFRAUDER	10
DEFRAY	9
DEFROCK	10
DEFROST	3
DEFROSTER	6
DEFT	6
DEFTNESS	7
DEFUNCT	7
DEFUSE	7
DEFY	5
DEGENERACY	9
DEGENERATE	8
DEGENERATION	10
DEGENERATIVE	8
DEGRADABLE	7
DEGRADATION	8
DEGRADE	7
DEGREE	5
DEHISCENCE	12
DEHUMANIZATION	9
DEHUMIDIFY	8
DEHYDRATE	6
DEHYDRATION	4
DEIFY	8
DEIGN	7
DEINSTITUTIONALIZATION	11
DEITY	8
DEJECT	7
DEJECTED	7
DEJEUNER	8
DELAY	4
DELE	11
DELECTABLE	8
DELECTATION	8
DELEGATE	8
DELEGATION	8
DELETE	3
DELETERIOUS	12
DELETION	6
DELFT	9
DELFTWARE	9
DELI	4
DELIBERATE	6
DELIBERATION	9
DELICACY	5
DELICATE	3
DELICATESSEN	7
DELICIOUS	2
DELICIOUSNESS	4
DELIGHT	4
DELIGHTED	3
DELIGHTFUL	5
DELINEATE	8
DELINEATION	11
DELINQUENCY	8
DELINQUENT	6
DELIRIOUS	6
DELIRIUM	8
DELIVER	2
DELIVERABLE	5
DELIVERANCE	7
DELIVERER	3
DELIVERY	3
DELIVERYMAN	3
DELL	4
DELOUSE	8
DELPHINIUM	9
DELTA	6
DELUDE	8
DELUGE	9
DELUSION	5
DELUSIONAL	7
DELUSIONARY	8
DELUXE	5
DELVE	7
DEMAGNETIZE	8
DEMAGOGUE	11
DEMAGOGUERY	9
DEMAND	3
DEMANDER	6
DEMARCATION	9
DEMATERIALIZE	7
DEMEAN	8
DEMEANING	7
DEMEANOR	8
DEMENT	10
DEMENTED	7
DEMENTIA	7
DEMERIT	7
DEMIGOD	8
DEMILITARIZED	10
DEMIMONDE	12
DEMINERALIZATION	7
DEMISE	6
DEMITASSE	10
DEMIURGE	11
DEMO	6
DEMOBILIZATION	8
DEMOCRACY	5
DEMOCRAT	6
DEMOCRATIC	5
DEMOCRATIZE	8
DEMOGRAPHIC	8
DEMOLISH	4
DEMOLITION	4
DEMON	2
DEMONIAC	8
DEMONIACAL	8
DEMONIC	5
DEMONISM	9
DEMONIZE	8
DEMONOLOGIST	9
DEMONOLOGY	9
DEMONSTRABLE	9
DEMONSTRANDUM	9
DEMONSTRATE	4
DEMONSTRATION	5
DEMONSTRATIVE	7
DEMONSTRATOR	4
DEMORALIZATION	10
DEMORALIZE	9
DEMORALIZER	9
DEMOTE	8
DEMOTIC	11
DEMOTION	8
DEMOUNT	6
DEMUR	9
DEMURE	8
DEMURRER	10
DEMYSTIFY	8
DEN	1
DENATURALIZATION	10
DENATURED	9
DENGUE	7
DENIABILITY	8
DENIABLE	5
DENIAL	4
DENIGRATE	9
DENIGRATION	8
DENIM	3
DENIMS	3
DENIZEN	9
DENOMINATION	6
DENOMINATIONAL	6
DENOMINATOR	6
DENOTE	6
DENOUEMENT	10
DENOUNCE	7
DENSE	5
DENSENESS	7
DENSITOMETER	11
DENSITY	6
DENT	2
DENTAL	2
DENTATE	10
DENTIFRICE	10
DENTIN	6
DENTIST	0
DENTISTRY	4
DENTITION	10
DENTURE	5
DENUDATION	10
DENY	3
DEODORANT	4
DEODORIZE	6
DEODORIZER	7
DEOXYRIBONUCLEIC	10
DEPART	5
DEPARTMENT	5
DEPARTMENTAL	8
DEPARTURE	5
DEPEND	4
DEPENDABILITY	5
DEPENDABLE	4
DEPENDANT	6
DEPENDENCE	6
DEPENDENCY	6
DEPENDENT	4
DEPICT	7
DEPICTION	6
DEPILATORY	9
DEPLANE	6
DEPLETE	8
DEPLETION	9
DEPLORABLE	9
DEPLORE	7
DEPLOY	7
DEPLOYABLE	9
DEPLOYMENT	7
DEPOLARIZATION	10
DEPOPULATE	8
DEPOPULATION	7
DEPORT	8
DEPORTATION	9
DEPORTMENT	9
DEPOSE	9
DEPOSER	10
DEPOSIT	4
DEPOSITION	9
DEPOSITOR	9
DEPOSITORY	8
DEPOT	4
DEPRAVATION	9
DEPRAVE	6
DEPRAVITY	8
DEPRECATE	9
DEPRECATORY	10
DEPRECIATE	8
DEPRECIATION	10
DEPREDATION	10
DEPRESS	5
DEPRESSANT	7
DEPRESSED	4
DEPRESSING	7
DEPRESSION	6
DEPRESSIVE	7
DEPRESSOR	5
DEPRESSURIZATION	9
DEPRESSURIZE	7
DEPRIVATION	6
DEPRIVE	4
DEPROGRAM	11
DEPROGRAMMER	11
DEPT	3
DEPTH	5
DEPUTATION	12
DEPUTE	10
DEPUTIZE	7
DEPUTY	1
DERACINATE	12
DERAIL	6
DERAILMENT	7
DERANGEMENT	9
DERBY	5
DEREGULATION	10
DERELICT	9
DERELICTION	9
DERIDE	8
DERISION	8
DERISIVE	9
DERIVATION	9
DERIVATIVE	9
DERIVE	7
DERMA	9
DERMAL	9
DERMATITIS	10
DERMATOLOGICAL	8
DERMATOLOGIST	8
DERMATOLOGY	7
DERMATOME	12
DERMIS	9
DERNIER	8
DEROGATORY	8
DERRIERE	8
DERRINGER	8
DERVISH	9
DESALINIZATION	11
DESCANT	9
DESCEND	4
DESCENDANT	5
DESCENT	5
DESCRIBE	3
DESCRIPTION	4
DESCRIPTIVE	3
DESCRIPTOR	6
DESECRATE	7
DESECRATION	9
DESECRATOR	9
DESEGREGATE	7
DESEGREGATION	7
DESELECT	6
DESENSITIZATION	11
DESENSITIZE	9
DESERT	3
DESERTER	6
DESERTION	7
DESERVE	3
DESERVING	3
DESICCANT	10
DESICCATE	10
DESICCATED	8
DESICCATION	9
DESIGN	5
DESIGNATE	7
DESIGNATED	6
DESIGNATION	7
DESIGNATOR	7
DESIGNEE	10
DESIGNER	4
DESIRABILITY	7
DESIRABLE	6
DESIRE	5
DESIROUS	8
DESIST	8
DESK	1
DESKBOUND	6
DESKTOP	4
DESOLATE	7
DESOLATED	7
DESOLATION	8
DESPAIR	5
DESPAIRING	8
DESPERADO	8
DESPERATE	4
DESPERATELY	5
DESPERATENESS	8
DESPERATION	6
DESPICABLE	6
DESPISE	7
DESPITE	4
DESPOIL	11
DESPONDENCY	9
DESPONDENT	10
DESPOT	9
DESPOTISM	9
DESSERT	1
DESTABILIZATION	9
DESTABILIZE	7
DESTINATION	4
DESTINE	8
DESTINY	5
DESTITUTE	6
DESTITUTION	9
DESTROY	2
DESTROYER	3
DESTRUCT	4
DESTRUCTIBLE	5
DESTRUCTION	3
DESTRUCTIVE	3
DESTRUCTOR	5
DESULTORY	9
DETACH	4
DETACHABLE	5
DETACHMENT	8
DETAIL	5
DETAILED	2
DETAILER	5
DETAIN	7
DETAINEE	9
DETAINMENT	8
DETECT	5
DETECTABLE	7
DETECTION	5
DETECTIVE	2
DETECTOR	4
DETENTE	10
DETENTION	5
DETER	7
DETERGENT	2
DETERIORATE	7
DETERIORATING	6
DETERIORATION	8
DETERMINATE	7
DETERMINATION	4
DETERMINATIVE	8
DETERMINE	4
DETERMINISM	9
DETERMINIST	8
DETERMINISTIC	8
DETERRENCE	9
DETERRENT	7
DETEST	5
DETESTABLE	8
DETESTATION	8
DETHRONE	6
DETHRONEMENT	9
DETONATE	5
DETONATION	8
DETONATIVE	11
DETONATOR	6
DETOUR	4
DETOURED	6
DETOX	11
DETOXIFICATION	10
DETOXIFIER	9
DETOXIFY	10
DETRACT	8
DETRAIN	8
DETRIMENT	8
DETRIMENTAL	7
DETRITUS	8
DETUNE	8
DEUCE	5
DEUTERIUM	11
DEVALUATE	7
DEVALUATION	8
DEVALUE	8
DEVASTATE	5
DEVASTATING	6
DEVASTATION	6
DEVASTATOR	6
DEVELOP	2
DEVELOPER	5
DEVELOPMENT	4
DEVELOPMENTAL	5
DEVIANCE	10
DEVIANCY	9
DEVIANT	9
DEVIATE	8
DEVIATION	8
DEVIATIONISM	12
DEVICE	3
DEVIL	0
DEVILED	5
DEVILFISH	8
DEVILISH	4
DEVILISHNESS	5
DEVILLED	6
DEVILRY	7
DEVILTRY	10
DEVIOUS	5
DEVIOUSNESS	7
DEVISE	6
DEVOID	7
DEVOIR	9
DEVOLUTION	8
DEVOLVE	8
DEVOTE	5
DEVOTED	5
DEVOTEE	7
DEVOTION	7
DEVOTIONAL	6
DEVOUR	5
DEVOURER	5
DEVOUT	5
DEVOUTNESS	6
DEW	2
DEWBERRY	9
DEWDROP	4
DEWLAP	7
DEWY	5
DEXTERITY	6
DEXTEROUS	10
DEXTRAL	9
DEXTROSE	11
DHAL	12
DHOW	12
DIABETES	6
DIABETIC	6
DIABOLIC	8
DIABOLICAL	7
DIABOLISM	12
DIABOLIST	11
DIADEM	12
DIAGNOSABLE	6
DIAGNOSE	6
DIAGNOSIS	7
DIAGNOSTIC	8
DIAGNOSTICIAN	12
DIAGONAL	3
DIAGRAM	5
DIAL	2
DIALECT	7
DIALECTIC	11
DIALECTICAL	9
DIALECTICIAN	10
DIALECTICS	10
DIALER	6
DIALOGICAL	11
DIALOGUE	6
DIALYSIS	8
DIALYZE	10
DIAMANTE	9
DIAMETER	5
DIAMETRIC	8
DIAMOND	1
DIAMONDBACK	5
DIAPASON	10
DIAPER	0
DIAPHANOUS	11
DIAPHORESIS	10
DIAPHORETIC	10
DIAPHRAGM	8
DIAPHRAGMATIC	10
DIARIST	9
DIARY	3
DIASTOLE	10
DIASTOLIC	12
DIATHERMY	10
DIATOMACEOUS	10
DIATONIC	9
DIATRIBE	10
DIAZEPAM	11
DIAZOMETHANE	12
DIB	6
DIBBER	8
DIBS	3
DICE	1
DICER	5
DICEY	8
DICHOTOMOUS	11
DICHOTOMY	10
DICHROMATE	10
DICK	6
DICKER	11
DICKHEAD	6
DICTATE	5
DICTATION	7
DICTATOR	6
DICTATORIAL	8
DICTATORSHIP	7
DICTION	8
DICTIONARY	2
DICTOGRAPH	9
DICTUM	11
DIDACTIC	12
DIDACTICISM	10
DIDDLE	5
DIDDLYSQUAT	5
DIDGERIDOO	10
DIE	0
DIEHARD	7
DIELECTRIC	9
DIESEL	7
DIET	4
DIETARY	6
DIETETIC	8
DIETHYL	11
DIETHYLAMIDE	12
DIETICIAN	7
DIFF	6
DIFFER	4
DIFFERENCE	2
DIFFERENT	1
DIFFERENTIAL	7
DIFFERENTIATE	7
DIFFERENTIATION	8
DIFFERING	6
DIFFICULT	1
DIFFICULTY	2
DIFFIDENT	8
DIFFRACTION	9
DIFFUSE	6
DIFFUSER	9
DIFFUSION	8
DIFFUSIVE	8
DIG	0
DIGEST	4
DIGESTIBLE	4
DIGESTION	5
DIGESTIVE	5
DIGGER	3
DIGIT	4
DIGITAL	6
DIGITALIZATION	11
DIGITALIZE	9
DIGITIZATION	11
DIGITIZE	10
DIGITS	4
DIGNIFIED	6
DIGNIFY	5
DIGNITARY	7
DIGNITY	5
DIGRESS	10
DIGRESSION	10
DIHEDRAL	11
DIKE	7
DIKTAT	9
DILAPIDATED	7
DILAPIDATION	8
DILATATION	10
DILATE	8
DILATION	9
DILATOR	10
DILATORY	10
DILDO	10
DILEMMA	6
DILETTANTE	11
DILIGENCE	7
DILIGENT	7
DILL	3
DILUTE	7
DILUTION	8
DIM	2
DIME	1
DIMENSION	5
DIMENSIONAL	7
DIMENSIONALITY	12
DIMINISH	6
DIMINISHMENT	8
DIMINUENDO	10
DIMINUTION	9
DIMINUTIVE	11
DIMITY	10
DIMMER	5
DIMPLE	3
DIMPLED	5
DIMWIT	5
DIMWITTED	5
DIMWITTEDNESS	7
DIN	4
DINAR	10
DINE	4
DINER	2
DINETTE	8
DINGBAT	4
DINGDONG	0
DINGER	6
DINGHY	6
DINGLE	7
DINGO	6
DINGUS	7
DINGY	4
DINING	2
DINKY	4
DINNER	0
DINNERTIME	0
DINNERWARE	4
DINNING	6
DINOSAUR	0
DINT	5
DIOCESAN	9
DIOCESE	6
DIODE	6
DIORAMA	6
DIORAMIC	8
DIOXIDE	6
DIOXIN	12
DIP	2
DIPHTHERIA	11
DIPHTHONG	6
DIPHTHONGIZATION	12
DIPLEX	10
DIPLOMA	4
DIPLOMACY	6
DIPLOMAT	6
DIPLOMATIC	7
DIPLOMATIST	10
DIPPER	3
DIPPY	4
DIPSOMANIA	9
DIPSOMANIAC	11
DIPSTICK	6
DIPTYCH	12
DIR	11
DIRE	7
DIRECT	5
DIRECTION	2
DIRECTIONAL	4
DIRECTIONALITY	8
DIRECTIVE	9
DIRECTNESS	6
DIRECTOR	4
DIRECTORATE	11
DIRECTORIAL	9
DIRECTORSHIP	7
DIRECTORY	5
DIRECTRESS	6
DIREFUL	9
DIRENESS	9
DIRGE	9
DIRHAM	7
DIRIGIBLE	9
DIRT	0
DIRTINESS	0
DIRTY	0
DISABILITY	4
DISABLE	4
DISABLED	3
DISABUSE	8
DISADVANTAGE	5
DISADVANTAGED	6
DISADVANTAGEOUS	8
DISAFFECTED	8
DISAGREE	3
DISAGREEABLE	3
DISAGREEMENT	3
DISALLOW	6
DISAPPEAR	0
DISAPPEARANCE	4
DISAPPOINT	2
DISAPPOINTED	2
DISAPPOINTING	4
DISAPPOINTMENT	3
DISAPPROVAL	4
DISAPPROVE	3
DISAPPROVING	4
DISARM	5
DISARMAMENT	8
DISARRANGE	7
DISARRAY	7
DISARTICULATION	12
DISASSEMBLE	5
DISASSOCIATE	9
DISASTER	3
DISASTROUS	4
DISAVOW	9
DISBAND	6
DISBAR	9
DISBARMENT	9
DISBELIEF	6
DISBELIEVE	5
DISBELIEVER	5
DISBURSAL	9
DISBURSE	6
DISBURSEMENT	9
DISC	5
DISCARD	5
DISCARNATE	10
DISCERN	8
DISCERNABLE	8
DISCERNIBLE	8
DISCERNING	7
DISCERNMENT	9
DISCHARGE	6
DISCIPLE	3
DISCIPLESHIP	7
DISCIPLINARIAN	8
DISCIPLINARY	4
DISCIPLINE	3
DISCIPLINED	3
DISCLAIM	8
DISCLAIMER	9
DISCLOSE	7
DISCLOSER	9
DISCLOSURE	7
DISCO	6
DISCOLORATION	6
DISCOLORATIONS	6
DISCOMBOBULATE	8
DISCOMFITURE	9
DISCOMFORT	5
DISCONCERTING	9
DISCONFIRM	9
DISCONNECT	3
DISCONNECTION	6
DISCONTENT	7
DISCONTENTED	6
DISCONTENTMENT	8
DISCONTINUATION	7
DISCONTINUE	7
DISCORD	7
DISCORDANCE	8
DISCORDANT	9
DISCOTHEQUE	10
DISCOUNT	5
DISCOURAGE	4
DISCOURAGEMENT	5
DISCOURAGING	4
DISCOURSE	7
DISCOURTEOUS	7
DISCOURTESY	7
DISCOVER	3
DISCOVERER	3
DISCOVERY	3
DISCREDIT	6
DISCREDITABLE	8
DISCREET	7
DISCREPANCY	9
DISCRETE	7
DISCRETION	8
DISCRETIONARY	9
DISCRIMINATE	6
DISCRIMINATING	6
DISCRIMINATION	6
DISCRIMINATIVE	7
DISCRIMINATOR	4
DISCRIMINATORY	8
DISCUS	5
DISCUSS	3
DISCUSSABLE	7
DISCUSSION	2
DISDAIN	8
DISDAINFUL	8
DISEASE	3
DISEASED	5
DISEMBARK	8
DISEMBARKATION	12
DISEMBODIED	7
DISEMBODIMENT	8
DISEMBODY	7
DISEMBOGUE	9
DISEMBOWEL	10
DISEMBOWELMENT	8
DISENCHANTED	7
DISENCHANTMENT	7
DISENFRANCHISE	11
DISENFRANCHISED	11
DISENFRANCHISEMENT	12
DISENGAGE	8
DISENGAGEMENT	8
DISENTANGLE	7
DISENTWINE	9
DISEQUILIBRIUM	9
DISFAVOR	9
DISFIGURE	6
DISFIGUREMENT	8
DISGORGEMENT	9
DISGRACE	3
DISGRACEFUL	4
DISGRUNTLED	6
DISGUISE	4
DISGUISER	4
DISGUST	3
DISGUSTED	3
DISGUSTING	1
DISGUSTINGNESS	5
DISH	0
DISHABILLE	10
DISHARMONY	7
DISHEARTEN	6
DISHEVELMENT	9
DISHONEST	1
DISHONESTY	2
DISHONOR	7
DISHONORABLE	5
DISHPAN	5
DISHRAG	1
DISHTOWEL	1
DISHWARE	4
DISHWASHER	2
DISHWASHING	1
DISHWATER	1
DISILLUSION	9
DISILLUSIONMENT	9
DISINCLINATION	11
DISINCLINED	8
DISINFECT	6
DISINFECTANT	6
DISINFECTION	6
DISINFORMATION	8
DISINGENUOUS	10
DISINHERIT	7
DISINHERITANCE	8
DISINTEGRATE	6
DISINTEGRATION	7
DISINTEGRATOR	6
DISINTER	8
DISINTEREST	4
DISINTERESTED	7
DISINTERESTEDNESS	9
DISINTERMENT	10
DISINVITE	8
DISJOIN	8
DISJOINT	7
DISJOINTED	7
DISK	2
DISKETTE	7
DISLIKE	0
DISLOCATE	6
DISLOCATION	5
DISLODGE	6
DISLOYAL	6
DISLOYALTY	6
DISMAL	6
DISMANTLE	6
DISMAY	6
DISMEMBER	8
DISMEMBERMENT	7
DISMISS	3
DISMISSAL	5
DISMISSIBLE	8
DISMISSIVE	7
DISMISSIVENESS	7
DISMOUNT	5
DISOBEDIENCE	3
DISOBEDIENT	2
DISOBEY	2
DISODIUM	11
DISORDER	4
DISORDERED	5
DISORDERLY	5
DISORGANIZATION	6
DISORGANIZE	6
DISORIENT	7
DISORIENTATE	8
DISORIENTATED	6
DISORIENTATION	6
DISORIENTED	5
DISOWN	7
DISPARAGE	10
DISPARAGEMENT	9
DISPARAGING	8
DISPARATE	11
DISPARITY	8
DISPASSION	9
DISPASSIONATE	8
DISPATCH	6
DISPATCHER	8
DISPEL	6
DISPENSABLE	7
DISPENSARY	9
DISPENSATION	7
DISPENSE	5
DISPENSER	3
DISPERSAL	6
DISPERSE	7
DISPERSION	8
DISPIRIT	10
DISPIRITEDNESS	10
DISPLACE	6
DISPLACEMENT	8
DISPLAY	3
DISPLEASE	3
DISPLEASURE	4
DISPOSABLE	5
DISPOSAL	6
DISPOSE	4
DISPOSER	7
DISPOSITION	7
DISPOSITIONAL	9
DISPOSITIVE	8
DISPOSSESS	9
DISPRAISE	9
DISPROPORTIONATE	9
DISPROVE	5
DISPUTATIOUS	10
DISPUTE	7
DISQUALIFICATION	5
DISQUALIFY	4
DISQUIET	9
DISQUIETING	9
DISQUIETUDE	11
DISREGARD	5
DISREMEMBER	9
DISREPAIR	7
DISREPUTABLE	9
DISREPUTE	8
DISRESPECT	4
DISRESPECTFUL	2
DISROBE	8
DISROBEMENT	9
DISRUPT	4
DISRUPTER	4
DISRUPTION	4
DISRUPTIVE	4
DISRUPTOR	6
DISSATISFACTION	6
DISSATISFIED	5
DISSATISFY	4
DISSEAT	7
DISSECT	5
DISSECTION	7
DISSECTOR	7
DISSEMBLE	7
DISSEMBLER	8
DISSEMINATE	8
DISSEMINATION	11
DISSEMINATOR	9
DISSENSION	11
DISSENT	6
DISSENTER	9
DISSERTATION	10
DISSERVICE	9
DISSEVERANCE	12
DISSIDENT	8
DISSIMILAR	7
DISSIMILARITY	8
DISSIMULATE	9
DISSIMULATION	10
DISSIPATE	8
DISSIPATION	9
DISSOCIATE	9
DISSOCIATION	8
DISSOCIATIVE	10
DISSOLUTE	8
DISSOLUTION	8
DISSOLVE	4
DISSONANCE	8
DISSONANT	10
DISSUADE	8
DISTAIN	8
DISTAL	10
DISTANCE	2
DISTANT	4
DISTASTE	7
DISTASTEFUL	5
DISTEMPER	9
DISTEMPERED	6
DISTEND	8
DISTENSION	8
DISTENTION	9
DISTIL	9
DISTILLATE	8
DISTILLATION	10
DISTILLED	5
DISTILLER	8
DISTILLERY	10
DISTINCT	6
DISTINCTION	5
DISTINCTIVE	5
DISTINCTIVENESS	6
DISTINGUISH	6
DISTINGUISHABLE	7
DISTINGUISHED	6
DISTINGUISHING	7
DISTORT	6
DISTORTED	5
DISTORTION	6
DISTRACT	4
DISTRACTER	6
DISTRACTION	5
DISTRAUGHT	6
DISTRESS	6
DISTRESSING	5
DISTRIBUTABLE	7
DISTRIBUTE	5
DISTRIBUTER	6
DISTRIBUTION	6
DISTRIBUTOR	7
DISTRIBUTORSHIP	8
DISTRICT	5
DISTRUST	5
DISTRUSTFUL	7
DISTURB	3
DISTURBANCE	4
DISTURBER	5
DISTURBING	4
DISULPHIDE	9
DISUNITE	8
DISUNITED	7
DISUSE	6
DISUSED	7
DITCH	1
DITHER	9
DITHERANCE	9
DITSY	6
DITTO	4
DITTY	5
DITZ	3
DITZY	4
DIURETIC	10
DIURNAL	11
DIVA	9
DIVAN	6
DIVE	2
DIVER	2
DIVERGE	8
DIVERGENCE	10
DIVERGENT	9
DIVERSE	7
DIVERSIFICATION	8
DIVERSIFY	8
DIVERSION	8
DIVERSIONARY	10
DIVERSITY	6
DIVERT	6
DIVERTER	9
DIVERTICULITIS	11
DIVERTISSEMENT	12
DIVERTIVE	9
DIVEST	9
DIVESTITURE	9
DIVIDE	2
DIVIDEND	8
DIVIDER	5
DIVIDERS	3
DIVINATION	7
DIVINE	5
DIVINING	6
DIVINITY	5
DIVISIBILITY	6
DIVISIBLE	4
DIVISION	2
DIVISIONAL	5
DIVISIVE	8
DIVISIVENESS	10
DIVORCE	4
DIVORCEE	7
DIVORCEMENT	6
DIVORCER	5
DIVULGE	8
DIVULGER	8
DIVVY	5
DIZZINESS	3
DIZZY	1
DIZZYING	4
DOABLE	5
DOBBIN	7
DOC	4
DOCENT	10
DOCILE	7
DOCILITY	10
DOCK	3
DOCKAGE	8
DOCKET	8
DOCKHAND	7
DOCKING	4
DOCKSIDE	3
DOCKWORKER	6
DOCKYARD	7
DOCTOR	0
DOCTORAL	8
DOCTORATE	9
DOCTRINAIRE	11
DOCTRINAL	11
DOCTRINE	7
DOCUDRAMA	11
DOCUMENT	5
DOCUMENTARIAN	8
DOCUMENTARY	7
DOCUMENTATION	7
DODDER	7
DODDERING	9
DODDLE	4
DODECAHEDRON	7
DODGE	3
DODGER	5
DODGY	9
DODO	3
DOE	3
DOER	7
DOFF	10
DOG	0
DOGCATCHER	1
DOGE	8
DOGFACE	4
DOGFIGHT	4
DOGFISH	5
DOGGEREL	7
DOGGY	0
DOGHOUSE	2
DOGLEG	3
DOGMA	8
DOGMATIC	9
DOGSLED	3
DOGTROT	6
DOGWATCH	4
DOGWOOD	6
DOING	1
DOJO	8
DOLDRUMS	7
DOLE	4
DOLL	0
DOLLAR	0
DOLLHOUSE	0
DOLLOP	5
DOLOMITE	10
DOLOR	9
DOLPHIN	1
DOLT	6
DOMAIN	7
DOME	3
DOMESTIC	6
DOMESTICATE	6
DOMESTICATED	8
DOMESTICITY	8
DOMICILE	8
DOMICILIARY	11
DOMINANCE	5
DOMINANT	6
DOMINATE	4
DOMINATION	7
DOMINATOR	5
DOMINATRIX	11
DOMINEER	5
DOMINION	7
DOMINO	1
DOMINOES	3
DON	7
DONATE	3
DONATION	4
DONKEY	1
DONNYBROOK	9
DONOR	5
DOODAD	4
DOODAH	1
DOODLE	3
DOODLEBUG	5
DOODLER	4
DOOHICKEY	3
DOOM	4
DOOMSAYER	8
DOOMSDAY	6
DOOR	0
DOORBELL	0
DOORFRAME	3
DOORJAMB	3
DOORKEEPER	5
DOORKNOB	0
DOORKNOCKER	2
DOORMAN	4
DOORMAT	2
DOORNAIL	3
DOORPOST	3
DOORSTEP	1
DOORSTOP	2
DOORWAY	2
DOOZY	4
DOPAMINE	10
DOPE	4
DOPER	9
DOPEY	4
DOPPELGANGER	11
DORK	2
DORKY	2
DORM	5
DORMANCY	7
DORMANT	5
DORMER	9
DORMITORY	6
DORMOUSE	3
DORSAL	8
DOSAGE	3
DOSE	5
DOSIMETER	10
DOSS	9
DOSSIER	9
DOT	0
DOTAGE	8
DOTARD	9
DOTE	6
DOTING	7
DOTTED	1
DOTTER	7
DOTTLE	9
DOTTY	3
DOUBLE	1
DOUBLEHEADER	6
DOUBLESPEAK	8
DOUBLET	8
DOUBLETREE	8
DOUBLOON	7
DOUBT	4
DOUBTER	4
DOUBTFUL	3
DOUCHE	8
DOUGH	2
DOUGHBOY	3
DOUGHNUT	0
DOUR	8
DOURINE	12
DOUSE	8
DOUSER	9
DOVE	2
DOVETAIL	7
DOWAGER	10
DOWDY	7
DOWEL	5
DOWER	6
DOWERLESS	8
DOWN	0
DOWNBEAT	7
DOWNCAST	6
DOWNDRAUGHT	11
DOWNER	6
DOWNFALL	6
DOWNFIELD	4
DOWNGRADE	7
DOWNHILL	1
DOWNLINK	11
DOWNLOAD	9
DOWNLOADABLE	9
DOWNPLAY	5
DOWNPOUR	2
DOWNRANGE	6
DOWNRIVER	3
DOWNSHIFT	8
DOWNSIDE	4
DOWNSIZE	7
DOWNSTAIRS	0
DOWNSTATE	6
DOWNSWING	7
DOWNTIME	8
DOWNTOWN	1
DOWNTRODDEN	7
DOWNTURN	4
DOWNWARD	3
DOWNWASH	6
DOWNY	5
DOWRY	10
DOWSE	6
DOWSER	8
DOXOLOGY	11
DOXY	10
DOYEN	9
DOZE	3
DOZEN	2
DOZER	4
DOZY	7
DRAB	6
DRABBLE	7
DRACAENA	7
DRACHMA	12
DRACONIAN	10
DRAFT	3
DRAFTEE	6
DRAFTSMAN	9
DRAFTY	4
DRAG	4
DRAGGER	5
DRAGNET	7
DRAGOMAN	6
DRAGON	1
DRAGONFLY	2
DRAGONROOT	7
DRAGOON	7
DRAIN	1
DRAINAGE	6
DRAINER	2
DRAINPIPE	4
DRAKE	7
DRAM	8
DRAMA	2
DRAMATIC	4
DRAMATICS	4
DRAMATIST	7
DRAMATIZATION	5
DRAMATIZE	6
DRAPE	4
DRAPERY	7
DRASTIC	6
DRAT	4
DRAUGHT	8
DRAUGHTSMAN	10
DRAUGHTY	9
DRAW	0
DRAWBACK	5
DRAWBRIDGE	4
DRAWER	0
DRAWERS	1
DRAWING	0
DRAWL	6
DRAWSTRING	5
DRAY	10
DREAD	4
DREADED	6
DREADFUL	2
DREADNOUGHT	12
DREAM	0
DREAMBOAT	5
DREAMER	2
DREAMLAND	2
DREAMLESS	6
DREAMLIKE	3
DREAMWORLD	4
DREAMY	4
DREAR	7
DREARY	3
DREDGE	8
DREDGING	9
DREG	9
DREGS	8
DRENCH	4
DRESS	0
DRESSER	0
DRESSING	1
DRESSMAKER	4
DRESSMAKING	4
DRESSY	3
DREW	0
DRIB	6
DRIBBLE	2
DRIBBLER	3
DRIFT	4
DRIFTER	5
DRIFTWOOD	5
DRILL	2
DRILLER	6
DRILLMASTER	9
DRINK	0
DRINKABLE	3
DRINKER	4
DRIP	1
DRIPPER	6
DRIPPY	2
DRIVABLE	7
DRIVE	0
DRIVEL	8
DRIVER	0
DRIVEWAY	1
DRIZZLE	3
DROGUE	9
DROLL	8
DROLLERY	12
DROMEDARY	7
DRONE	5
DROOL	1
DROOP	5
DROOPING	3
DROOPY	2
DROP	0
DROPKICK	4
DROPLET	4
DROPOUT	5
DROPPER	4
DROPSY	8
DROSOPHILA	12
DROSS	12
DROUGHT	3
DROVE	1
DROVER	9
DROWN	2
DROWSE	7
DROWSINESS	5
DROWSY	3
DRUDGE	6
DRUDGERY	10
DRUG	3
DRUGGIE	7
DRUGGIST	8
DRUGSTORE	3
DRUID	8
DRUIDIC	12
DRUIDISM	9
DRUM	0
DRUMBEAT	3
DRUMMER	1
DRUMSTICK	3
DRUNK	4
DRUNKARD	6
DRUNKEN	4
DRUNKENNESS	7
DRUTHERS	7
DRY	0
DRYAD	9
DRYER	1
DRYNESS	4
DRYWALL	7
DUAL	4
DUALISM	9
DUALISTIC	8
DUALITY	8
DUB	6
DUBIOUS	7
DUCAL	7
DUCAT	9
DUCHESS	5
DUCHY	8
DUCK	0
DUCKER	3
DUCKLING	0
DUCKTAIL	6
DUCKWEED	8
DUCKY	2
DUCT	6
DUCTILE	9
DUCTLESS	10
DUCTWORK	8
DUD	4
DUDE	3
DUDGEON	7
DUE	3
DUEL	4
DUELER	6
DUENNA	11
DUET	4
DUFFEL	5
DUFFER	6
DUGOUT	4
DUH	4
DUKE	3
DUKEDOM	6
DULCET	10
DULCIMER	9
DULL	3
DULLARD	8
DULLNESS	4
DULY	6
DUMA	10
DUMB	0
DUMBBELL	3
DUMBFOUND	5
DUMBNESS	3
DUMBSTRUCK	6
DUMBWAITER	6
DUMMY	0
DUMP	2
DUMPER	5
DUMPLING	4
DUMPSTER	4
DUMPY	3
DUN	8
DUNCE	4
DUNDERHEAD	7
DUNE	5
DUNG	6
DUNGAREE	7
DUNGEON	3
DUNGHILL	7
DUNGY	6
DUNK	2
DUO	3
DUODENAL	9
DUODENUM	10
DUP	9
DUPE	7
DUPLEX	6
DUPLICATE	4
DUPLICATION	7
DUPLICATOR	5
DUPLICITOUS	9
DUPLICITY	7
DURABILITY	5
DURABLE	7
DURATION	5
DURBAR	12
DURESS	9
DURIAN	11
DURING	2
DUSK	4
DUSKY	4
DUST	0
DUSTBIN	4
DUSTER	3
DUSTMAN	6
DUSTPAN	1
DUSTUP	7
DUSTY	0
DUTIABLE	8
DUTIFUL	6
DUTY	2
DUVET	10
DWARF	3
DWARFISH	8
DWARFISM	6
DWEEB	4
DWELL	6
DWELLER	5
DWELLING	4
DWINDLE	6
DWINDLING	7
DYBBUK	11
DYE	3
DYKE	9
DYNAMIC	7
DYNAMISM	10
DYNAMITE	2
DYNAMITER	6
DYNAMO	7
DYNAMOTOR	9
DYNASTIC	9
DYNASTY	6
DYSENTERY	9
DYSFUNCTION	6
DYSFUNCTIONAL	6
DYSGENICS	12
DYSLEXIA	7
DYSLEXIC	8
DYSLOGISTIC	8
DYSPEPTIC	12
DYSPHASIA	11
DYSPLASIA	11
DYSPROSIUM	7
DYSTOPIA	12
DYSTROPHY	8
EACH	0
EAGER	4
EAGERNESS	6
EAGLE	1
EAR	0
EARACHE	1
EARDROP	4
EARDRUM	3
EARFUL	3
EARL	6
EARLDOM	7
EARLESS	4
EARLOBE	1
EARLY	0
EARMARK	7
EARMUFF	2
EARN	3
EARNER	6
EARNEST	5
EARNESTNESS	7
EARNINGS	3
EARPHONE	4
EARPIECE	5
EARPLUG	3
EARRING	2
EARSHOT	5
EARTH	0
EARTHBOUND	7
EARTHEN	8
EARTHLIGHT	9
EARTHLING	7
EARTHLY	4
EARTHMAN	4
EARTHQUAKE	3
EARTHWORM	0
EARTHY	4
EARWAX	1
EARWIG	6
EASE	4
EASEFUL	8
EASEL	2
EASEMENT	7
EASER	5
EASINESS	3
EAST	2
EASTBOUND	5
EASTERLY	8
EASTERN	4
EASTERNMOST	7
EASTING	5
EASY	0
EASYGOING	4
EAT	0
EATABLE	4
EATER	1
EATERY	6
EAU	10
EAVES	7
EAVESDROP	4
EAVESDROPPER	4
EBB	6
EBONITE	6
EBONY	6
EBULLIENT	12
EBULLITION	12
ECCENTRIC	8
ECCENTRICITY	9
ECCLESIASTICAL	9
ECHELON	9
ECHO	3
ECHOCARDIOGRAM	12
ECHOGRAM	11
ECHOLOCATE	10
ECHOLOCATION	5
ECLAIR	6
ECLECTIC	8
ECLIPSE	5
ECOLOGICAL	8
ECOLOGIST	8
ECOLOGY	8
ECONOMIC	7
ECONOMICAL	7
ECONOMICS	7
ECONOMIST	7
ECONOMIZE	10
ECONOMY	8
ECOSYSTEM	6
ECRU	7
ECSTASY	8
ECSTATIC	8
ECTODERM	11
ECTOPIC	10
ECTOPLASM	8
ECUMENICAL	10
ECZEMA	8
ECZEMATOUS	12
EDAM	11
EDELWEISS	8
EDEMA	10
EDEMATOUS	12
EDGE	1
EDGEWAYS	7
EDGEWISE	6
EDGINESS	8
EDGY	4
EDIBILITY	6
EDIBLE	4
EDIBLES	6
EDICT	10
EDIFICATION	9
EDIFICE	9
EDIFY	8
EDIFYING	8
EDIT	5
EDITING	5
EDITION	3
EDITOR	5
EDITORIAL	9
EDITORIALIZE	8
EDITORSHIP	7
EDUCABLE	11
EDUCATE	3
EDUCATION	2
EDUCATIONAL	3
EDUCATOR	4
EDUCE	10
EEL	1
EERIE	4
EFFABLE	12
EFFACE	8
EFFACEMENT	11
EFFECT	4
EFFECTIVE	6
EFFECTIVELY	5
EFFECTIVENESS	7
EFFECTUAL	7
EFFEMINACY	11
EFFEMINATE	8
EFFENDI	11
EFFERVESCE	9
EFFERVESCENCE	9
EFFERVESCENT	10
EFFETE	11
EFFICACIOUS	11
EFFICACY	10
EFFICIENCY	5
EFFICIENT	7
EFFIGY	9
EFFLEURAGE	12
EFFLUENT	11
EFFLUVIUM	11
EFFORT	3
EFFORTLESS	5
EFFRONTERY	8
EFFULGENCE	9
EFFULGENT	9
EFFUSION	9
EFFUSIVE	8
EGALITARIAN	11
EGG	0
EGGBEATER	4
EGGCUP	3
EGGHEAD	4
EGGLESS	7
EGGNOG	2
EGGPLANT	3
EGGROLL	3
EGGSHELL	2
EGLANTINE	12
EGO	6
EGOCENTRIC	9
EGOISM	11
EGOIST	9
EGOISTIC	9
EGOMANIA	10
EGOMANIAC	7
EGOMANIACAL	9
EGOTISM	9
EGOTIST	8
EGOTISTIC	8
EGOTISTICAL	9
EGREGIOUS	10
EGRESS	12
EGRET	9
EIDER	9
EIDERDOWN	8
EIDETIC	12
EIGHT	0
EIGHTFOLD	8
EIGHTH	1
EIGHTY	1
EINSTEINIUM	9
EISTEDDFOD	12
EITHER	1
EJACULATE	8
EJACULATION	8
EJACULATOR	9
EJACULATORY	9
EJECT	3
EJECTION	6
EJECTOR	5
EKE	9
ELABORATE	7
ELABORATION	9
ELAND	11
ELASTIC	4
ELASTICITY	7
ELATED	7
ELATION	6
ELBOW	0
ELDER	3
ELDERBERRY	6
ELDERLY	3
ELDRITCH	8
ELECT	2
ELECTABILITY	10
ELECTION	4
ELECTIVE	7
ELECTORAL	7
ELECTORATE	9
ELECTRIC	1
ELECTRICAL	3
ELECTRICIAN	4
ELECTRICITY	2
ELECTRICS	3
ELECTRIFICATION	6
ELECTRIFY	5
ELECTRO	8
ELECTROCARDIOGRAM	8
ELECTROCHEMICAL	8
ELECTROCHEMIST	7
ELECTROCHEMISTRY	10
ELECTROCONVULSIVE	7
ELECTROCUTE	4
ELECTROCUTION	4
ELECTRODE	8
ELECTROENCEPHALOGRAPH	11
ELECTROLYSIS	10
ELECTROLYTE	9
ELECTROMAGNET	8
ELECTROMAGNETIC	8
ELECTROMAGNETISM	9
ELECTROMETER	10
ELECTROMYOGRAPHY	11
ELECTRON	7
ELECTRONIC	2
ELECTRONICS	4
ELECTROPHORESIS	12
ELECTROPLATE	8
ELECTROSHOCK	7
ELECTROSTATIC	8
ELECTROSTATICS	10
ELECTROTHERAPY	10
ELEGANCE	5
ELEGANT	5
ELEGY	8
ELEMENT	6
ELEMENTAL	7
ELEMENTARY	1
ELEPHANT	0
ELEPHANTINE	9
ELEVATE	4
ELEVATION	5
ELEVATOR	0
ELEVEN	1
ELF	0
ELFIN	8
ELICIT	9
ELIGIBILITY	6
ELIGIBLE	6
ELIMINATE	5
ELIMINATION	6
ELIMINATOR	6
ELITE	7
ELITISM	9
ELITIST	9
ELIXIR	7
ELK	2
ELL	8
ELLIPSIS	9
ELLIPTICAL	7
ELM	4
ELOCUTION	9
ELOCUTIONARY	11
ELONGATE	7
ELONGATED	6
ELONGATION	7
ELOPE	6
ELOPEMENT	8
ELOQUENCE	7
ELOQUENT	7
ELSE	2
ELUCIDATE	11
ELUCIDATION	11
ELUDE	7
ELUSION	7
ELUSIVE	8
ELUTRIATION	10
ELYSIAN	11
EMAIL	7
EMANATE	7
EMANATION	11
EMANCIPATE	7
EMANCIPATION	7
EMANCIPATIONIST	8
EMANCIPATOR	9
EMASCULATE	10
EMASCULATED	11
EMASCULATION	10
EMBALM	8
EMBALMER	9
EMBANKMENT	7
EMBARCADERO	11
EMBARGO	8
EMBARK	6
EMBARKATION	10
EMBARRASS	1
EMBARRASSED	3
EMBARRASSING	4
EMBARRASSMENT	1
EMBASSY	7
EMBED	8
EMBELLISH	7
EMBELLISHMENT	8
EMBER	6
EMBEZZLE	7
EMBEZZLEMENT	10
EMBEZZLER	8
EMBITTER	11
EMBLEM	5
EMBLEMATIC	8
EMBODIMENT	8
EMBODY	6
EMBOLDEN	9
EMBOLIC	10
EMBOLISM	9
EMBOLUS	12
EMBOSS	6
EMBOUCHURE	8
EMBRACE	2
EMBRACEABLE	7
EMBRANGLE	10
EMBRASURE	9
EMBROIDER	6
EMBROIDERY	5
EMBROIL	8
EMBRYO	7
EMBRYOLOGIST	12
EMBRYOLOGY	11
EMBRYONIC	7
EMCEE	8
EMEND	10
EMERALD	3
EMERGE	5
EMERGENCE	5
EMERGENCY	1
EMERGENT	8
EMERITUS	11
EMERSION	8
EMERY	6
EMESIS	12
EMETIC	11
EMIGRATE	7
EMIGRATION	6
EMIGRATIONAL	8
EMINENCE	10
EMINENCY	7
EMINENT	8
EMIR	11
EMISSARY	8
EMISSION	8
EMIT	5
EMITTER	9
EMOLUMENT	12
EMOTE	8
EMOTION	1
EMOTIONAL	4
EMOTIONALISM	10
EMOTIONALITY	6
EMOTIONLESS	7
EMOTIVE	8
EMPANADA	6
EMPATHETIC	8
EMPATHIC	9
EMPATHIZE	8
EMPATHY	9
EMPENNAGE	11
EMPEROR	2
EMPERY	10
EMPHASIS	6
EMPHASIZE	6
EMPHATIC	7
EMPHYSEMA	9
EMPIRE	3
EMPIRIC	11
EMPIRICAL	9
EMPIRICISM	9
EMPIRICIST	11
EMPLACEMENT	9
EMPLOY	6
EMPLOYABLE	7
EMPLOYEE	3
EMPLOYER	5
EMPLOYMENT	5
EMPORIUM	9
EMPOWER	7
EMPOWERMENT	9
EMPRESS	5
EMPTINESS	4
EMPTION	5
EMPTY	0
EMPYREAN	10
EMU	4
EMULATE	7
EMULATION	9
EMULSIFICATION	8
EMULSIFIER	9
EMULSIFY	9
EMULSION	10
ENABLE	5
ENABLEMENT	8
ENABLER	9
ENACT	7
ENACTMENT	6
ENAMEL	8
ENAMELWARE	7
ENCAMP	8
ENCAMPMENT	8
ENCAPSULATE	9
ENCASE	5
ENCASEMENT	8
ENCEPHALITIC	12
ENCEPHALITIS	12
ENCEPHALOGRAM	11
ENCEPHALOGRAPHIC	12
ENCEPHALOGRAPHY	12
ENCEPHALON	6
ENCEPHALOPATHY	10
ENCHANT	3
ENCHANTED	2
ENCHANTER	7
ENCHANTING	4
ENCHANTMENT	5
ENCHANTRESS	7
ENCHILADA	6
ENCIRCLE	5
ENCIRCLEMENT	8
ENCLAVE	9
ENCLOSE	4
ENCLOSURE	5
ENCODE	8
ENCODER	8
ENCOMPASS	7
ENCORE	6
ENCOUNTER	4
ENCOURAGE	4
ENCOURAGEMENT	3
ENCOURAGER	5
ENCOURAGING	3
ENCROACH	9
ENCROACHMENT	8
ENCRUST	9
ENCRUSTATION	7
ENCRYPT	8
ENCRYPTION	9
ENCUMBRANCE	10
ENCYCLOPEDIA	2
ENCYCLOPEDIC	4
END	0
ENDANGER	4
ENDANGERMENT	5
ENDEAR	7
ENDEARING	9
ENDEARMENT	7
ENDEAVOR	8
ENDEMIC	11
ENDGAME	5
ENDING	0
ENDIVE	10
ENDLESS	4
ENDLESSNESS	6
ENDOCENTRIC	12
ENDOCRINE	9
ENDOCRINOLOGIST	12
ENDOCRINOLOGY	11
ENDOGENOUS	9
ENDOMETRIAL	12
ENDOMORPH	10
ENDOPLASMIC	10
ENDORPHIN	11
ENDORSE	7
ENDORSEMENT	7
ENDOSCOPE	11
ENDOSCOPIC	9
ENDOSCOPY	11
ENDOSKELETON	7
ENDOSPERM	9
ENDOTHERMIC	11
ENDOW	8
ENDOWMENT	9
ENDPLATE	7
ENDPOINT	6
ENDURABLE	6
ENDURANCE	6
ENDURE	6
ENDURING	6
ENEMA	9
ENEMY	2
ENERGETIC	2
ENERGIZE	4
ENERGIZER	4
ENERGUMEN	10
ENERGY	2
ENFANT	10
ENFILADE	10
ENFLAME	9
ENFOLD	5
ENFORCE	4
ENFORCEABLE	6
ENFORCEMENT	5
ENFORCER	6
ENFRANCHISEMENT	12
ENGAGE	5
ENGAGEMENT	4
ENGENDER	11
ENGINE	1
ENGINEER	5
ENGINEERING	7
ENGORGEMENT	10
ENGRAFT	10
ENGRAVE	6
ENGRAVER	5
ENGRAVING	6
ENGROSS	7
ENGULF	5
ENHANCE	5
ENHANCEMENT	6
ENHANCER	7
ENIGMA	9
ENIGMATIC	9
ENIGMATICAL	10
ENJOIN	8
ENJOY	1
ENJOYABLE	3
ENJOYMENT	4
ENKINDLE	11
ENLARGE	3
ENLARGEMENT	5
ENLARGER	6
ENLIGHTEN	7
ENLIGHTENING	7
ENLIGHTENMENT	6
ENLIST	6
ENLISTMENT	6
ENLIVEN	7
ENMESH	8
ENMITY	11
ENNOBLE	11
ENNUI	10
ENORMITY	8
ENORMOUS	2
ENORMOUSNESS	4
ENOUGH	2
ENPLANE	7
ENRAGE	5
ENRAPTURE	7
ENRAPTURED	10
ENRICH	6
ENRICHMENT	6
ENROLL	5
ENROLLS	3
ENROLMENT	4
ENSCONCE	10
ENSCONCED	10
ENSEMBLE	7
ENSHRINE	7
ENSHRINEMENT	9
ENSHROUD	9
ENSIGN	9
ENSLAVE	5
ENSLAVEMENT	6
ENSLAVER	6
ENSNARE	6
ENSUE	7
ENSUING	8
ENSURE	6
ENTAIL	7
ENTANGLE	6
ENTANGLEMENT	6
ENTENDRE	10
ENTENTE	9
ENTER	1
ENTERITIS	11
ENTERPRISE	8
ENTERPRISER	8
ENTERPRISING	8
ENTERTAIN	3
ENTERTAINER	3
ENTERTAINING	4
ENTERTAINMENT	2
ENTHRALLING	9
ENTHRONEMENT	9
ENTHUSIASM	4
ENTHUSIAST	4
ENTHUSIASTIC	4
ENTICE	7
ENTICEMENT	7
ENTIRE	2
ENTIRETY	5
ENTITLE	7
ENTITLEMENT	8
ENTITY	5
ENTOMB	8
ENTOMBMENT	7
ENTOMOLOGICAL	9
ENTOMOLOGIST	10
ENTOMOLOGY	8
ENTOURAGE	7
ENTRAILS	9
ENTRAINMENT	7
ENTRANCE	2
ENTRANCEWAY	5
ENTRANT	7
ENTRAP	6
ENTRAPMENT	10
ENTREAT	8
ENTREATY	9
ENTRECHAT	10
ENTREE	6
ENTREPRENEUR	7
ENTREPRENEURIAL	9
ENTROPY	10
ENTRUST	7
ENTRY	2
ENTRYWAY	3
ENTWINE	6
ENUCLEATED	10
ENUMERATE	8
ENUMERATION	10
ENUNCIATE	7
ENUNCIATION	7
ENVELOP	4
ENVELOPE	1
ENVIABLE	8
ENVIOUS	4
ENVIRONMENT	5
ENVIRONMENTAL	5
ENVIRONMENTALISM	9
ENVIRONMENTALIST	8
ENVIRONS	9
ENVISAGE	8
ENVISION	7
ENVOY	8
ENVY	3
ENZYMATIC	9
ENZYME	9
EOHIPPUS	11
EON	9
EOSIN	10
EPARCH	12
EPAULET	10
EPAULETTE	9
EPERGNE	12
EPHEDRINE	10
EPHEMERA	10
EPHEMERAL	9
EPIC	6
EPICAL	9
EPICENTER	7
EPICURE	12
EPICUREAN	11
EPIDEMIC	6
EPIDEMIOLOGICAL	10
EPIDEMIOLOGIST	11
EPIDEMIOLOGY	11
EPIDERMAL	7
EPIDERMIS	8
EPIDIASCOPE	12
EPIDURAL	8
EPIGLOTTIS	11
EPIGRAM	8
EPILEPSY	7
EPILEPTIC	7
EPILOGUE	7
EPINEPHRINE	10
EPIPHANY	9
EPIPHENOMENALISM	11
EPIPHYTE	9
EPISIOTOMY	12
EPISODE	3
EPISODIC	8
EPISTEMIC	11
EPISTEMOLOGICAL	12
EPISTLE	8
EPITAPH	8
EPITHALAMIUM	12
EPITHELIAL	10
EPITHELIUM	12
EPITHET	10
EPITOME	9
EPITOMIZE	11
EPOCH	8
EPOCHAL	11
EPOXY	7
EPSILON	11
EQUABILITY	9
EQUAL	1
EQUALITY	5
EQUALIZATION	6
EQUALIZE	5
EQUALIZER	7
EQUALIZING	8
EQUANIMITY	8
EQUATE	6
EQUATION	4
EQUATOR	4
EQUATORIAL	7
EQUERRY	10
EQUESTRIAN	8
EQUESTRIENNE	10
EQUIDISTANT	10
EQUILATERAL	8
EQUILIBRATOR	11
EQUILIBRIUM	8
EQUINE	7
EQUINOCTIAL	10
EQUINOX	8
EQUIP	6
EQUIPAGE	10
EQUIPMENT	3
EQUIPOISE	11
EQUITABLE	9
EQUITATION	10
EQUITY	11
EQUIVALENCY	6
EQUIVALENT	5
EQUIVOCAL	9
EQUIVOCATE	10
EQUIVOCATION	9
ERA	6
ERADICATE	10
ERADICATION	9
ERADICATOR	9
ERASABLE	4
ERASE	1
ERASER	0
ERASURE	7
ERBIUM	12
ERECT	8
ERECTILE	9
ERECTION	8
ERECTOR	6
ERG	11
ERGO	10
ERGONOMIC	9
ERGOT	9
ERMINE	9
ERODE	6
ERODENT	9
ERODING	5
EROGENOUS	8
EROSION	5
EROSIVE	7
EROTIC	8
EROTICA	9
EROTICISM	10
EROTICIZE	10
ERR	8
ERRAND	2
ERRANT	9
ERRANTRY	10
ERRATA	10
ERRATIC	8
ERRATUM	11
ERRONEOUS	9
ERROR	1
ERRORLESS	6
ERSATZ	12
ERSTWHILE	10
ERUDITE	8
ERUDITION	10
ERUPT	3
ERUPTION	3
ERUPTIVE	7
ERYTHROMYCIN	10
ERYTHROSINE	11
ESCALATE	6
ESCALATING	6
ESCALATION	8
ESCALATOR	2
ESCAPABLE	5
ESCAPADE	6
ESCAPE	2
ESCAPEE	6
ESCAPER	5
ESCAPISM	9
ESCAPIST	7
ESCAPOLOGY	11
ESCARGOT	7
ESCAROLE	12
ESCARPMENT	10
ESCHEW	11
ESCORT	6
ESCRITOIRE	12
ESCROW	10
ESCUDO	12
ESCUTCHEON	12
ESKIMO	2
ESOPHAGEAL	11
ESOPHAGUS	6
ESOTERIC	9
ESPECIAL	5
ESPIONAGE	6
ESPLANADE	10
ESPOUSE	10
ESPRESSO	8
ESPRIT	8
ESQUIRE	8
ESSAY	3
ESSENCE	7
ESSENTIAL	5
ESTABLISH	6
ESTABLISHMENT	5
ESTATE	6
ESTEEM	6
ESTEEMED	8
ESTIMABLE	10
ESTIMATE	4
ESTIMATION	5
ESTIMATOR	7
ESTRANGE	7
ESTRANGED	7
ESTRANGEMENT	10
ESTUARY	9
ETA	9
ETCH	3
ETCHER	8
ETCHING	6
ETERNAL	3
ETERNITY	4
ETHANOL	10
ETHER	8
ETHEREAL	10
ETHIC	5
ETHICAL	6
ETHICS	6
ETHNIC	6
ETHNICITY	5
ETHNOCENTRIC	11
ETHNOGRAPHIC	10
ETHOS	11
ETHYL	10
ETHYLENE	11
ETIOLOGICAL	12
ETIOLOGY	12
ETIQUETTE	5
ETYMOLOGICAL	11
ETYMOLOGY	12
EUCALYPTUS	6
EUGENICS	11
EULOGISTIC	11
EULOGIZE	8
EULOGY	7
EUNUCH	10
EUPHEMISM	9
EUPHEMISTIC	10
EUPHONIOUS	11
EUPHONY	11
EUPHORIA	7
EUPHORIC	8
EURO	9
EUTHANASIA	9
EUTHANIZE	8
EVACUATE	4
EVACUATION	5
EVADE	6
EVADER	7
EVALUATE	4
EVALUATION	6
EVALUATOR	6
EVANGELICAL	8
EVANGELISM	7
EVANGELIST	6
EVAPORATE	5
EVAPORATION	5
EVAPORATOR	7
EVASION	7
EVASIVE	8
EVASIVENESS	8
EVE	1
EVEN	1
EVENHANDED	7
EVENING	1
EVENS	3
EVENT	3
EVENTFUL	4
EVENTIDE	12
EVENTUAL	5
EVENTUALITY	8
EVENTUALLY	2
EVENTUATE	8
EVER	1
EVERBLOOMING	8
EVERGREEN	4
EVERLASTING	3
EVERY	0
EVERYBODY	0
EVERYDAY	0
EVERYMAN	6
EVERYONE	0
EVERYPLACE	3
EVERYTHING	0
EVERYWAY	3
EVERYWHERE	1
EVERYWOMAN	6
EVICT	6
EVICTION	8
EVIDENCE	6
EVIDENT	8
EVIDENTIAL	9
EVIDENTIARY	9
EVIL	2
EVILDOER	3
EVILDOING	5
EVILNESS	4
EVISCERATE	10
EVISCERATION	9
EVITABLE	6
EVOCATION	10
EVOCATIVE	11
EVOKE	8
EVOLUTION	5
EVOLUTIONAL	8
EVOLUTIONARY	6
EVOLUTIONIST	8
EVOLVE	6
EVOLVEMENT	8
EWE	4
EXACERBATE	9
EXACERBATION	12
EXACT	3
EXACTA	6
EXACTING	7
EXACTION	10
EXACTITUDE	10
EXACTLY	2
EXACTNESS	6
EXAGGERATE	5
EXAGGERATION	5
EXAGGERATOR	5
EXALT	8
EXALTATION	8
EXAM	3
EXAMINATION	3
EXAMINE	4
EXAMINER	7
EXAMPLE	2
EXASPERATE	5
EXASPERATED	8
EXASPERATING	7
EXASPERATION	7
EXCAVATE	6
EXCAVATION	6
EXCAVATOR	8
EXCEED	5
EXCEL	7
EXCELLENCE	3
EXCELLENT	2
EXCELSIOR	8
EXCEPT	1
EXCEPTION	4
EXCEPTIONAL	5
EXCERPT	6
EXCESS	5
EXCESSIVE	5
EXCHANGE	3
EXCHANGER	5
EXCHEQUER	12
EXCISE	8
EXCISION	8
EXCITABILITY	7
EXCITABLE	5
EXCITATION	6
EXCITATORY	9
EXCITE	2
EXCITED	1
EXCITEMENT	2
EXCITER	8
EXCITING	1
EXCLAIM	4
EXCLAMATION	3
EXCLAMATORY	7
EXCLUDE	4
EXCLUSION	5
EXCLUSIONARY	9
EXCLUSIVE	5
EXCLUSIVENESS	8
EXCLUSIVITY	9
EXCOMMUNICATE	7
EXCOMMUNICATION	9
EXCORIATION	11
EXCREMENT	7
EXCREMENTAL	10
EXCRETA	8
EXCRETE	8
EXCRETION	6
EXCRUCIATE	7
EXCRUCIATING	8
EXCULPATE	11
EXCULPATORY	10
EXCURSION	5
EXCURSUS	10
EXCUSABLE	4
EXCUSE	1
EXCUSER	4
EXEC	7
EXECRABLE	9
EXECRATE	10
EXECRATION	10
EXECUTABLE	8
EXECUTE	5
EXECUTION	4
EXECUTIONER	5
EXECUTIVE	7
EXECUTOR	8
EXECUTRIX	10
EXEMPLAR	10
EXEMPLARY	8
EXEMPLIFY	7
EXEMPT	8
EXEMPTION	9
EXERCISE	1
EXERCISER	5
EXERT	6
EXERTION	7
EXFOLIATE	9
EXFOLIATING	6
EXFOLIATION	8
EXHALATION	7
EXHALE	3
EXHAUST	4
EXHAUSTION	3
EXHAUSTIVE	6
EXHIBIT	4
EXHIBITION	6
EXHIBITIONISM	10
EXHIBITIONIST	10
EXHIBITOR	9
EXHILARATE	7
EXHILARATED	7
EXHILARATING	8
EXHILARATION	8
EXHORTATION	9
EXHUMATION	9
EXHUME	8
EXIGENT	10
EXIGUOUS	11
EXILE	6
EXIST	4
EXISTENCE	7
EXISTENT	6
EXISTENTIAL	10
EXISTENTIALISM	11
EXISTENTIALIST	10
EXISTING	4
EXIT	2
EXOBIOLOGICAL	12
EXOBIOLOGY	10
EXOCRINE	10
EXODUS	5
EXONERATE	9
EXONERATION	7
EXORBITANT	11
EXORCISM	7
EXORCIST	7
EXORCIZE	6
EXORDIUM	12
EXOSKELETON	8
EXOTHERMAL	9
EXOTHERMIC	9
EXOTIC	5
EXOTICA	9
EXPAND	3
EXPANDABLE	6
EXPANDER	6
EXPANSE	7
EXPANSION	6
EXPANSIONISM	11
EXPANSIONIST	10
EXPANSIONISTIC	12
EXPANSIVE	7
EXPANSIVENESS	6
EXPATRIATE	10
EXPECT	4
EXPECTABLE	6
EXPECTANCY	6
EXPECTANT	4
EXPECTATION	5
EXPECTORANT	10
EXPECTORATION	10
EXPEDIENCE	9
EXPEDIENCY	8
EXPEDIENT	8
EXPEDITE	9
EXPEDITER	9
EXPEDITION	5
EXPEDITIONARY	9
EXPEDITIOUS	8
EXPEL	5
EXPEND	8
EXPENDABLE	8
EXPENDER	9
EXPENDITURE	8
EXPENSE	6
EXPENSIVE	1
EXPERIENCE	4
EXPERIMENT	4
EXPERIMENTAL	5
EXPERIMENTATION	6
EXPERIMENTER	6
EXPERT	5
EXPERTISE	6
EXPIATE	10
EXPIATION	9
EXPIATORY	9
EXPIRATION	4
EXPIRATORY	8
EXPIRE	3
EXPIRY	8
EXPLAIN	2
EXPLAINABLE	7
EXPLAINER	3
EXPLANATION	3
EXPLANATORY	6
EXPLETIVE	8
EXPLICABLE	7
EXPLICATION	8
EXPLICIT	7
EXPLODE	2
EXPLODER	6
EXPLOIT	7
EXPLOITABLE	8
EXPLOITATION	10
EXPLOITATIVE	10
EXPLOITER	8
EXPLOITIVE	10
EXPLORATION	3
EXPLORATORY	8
EXPLORE	2
EXPLORER	2
EXPLOSION	2
EXPLOSIVE	4
EXPLOSIVENESS	5
EXPO	6
EXPONENT	8
EXPONENTIAL	9
EXPORT	6
EXPORTATION	7
EXPORTER	7
EXPOSABLE	8
EXPOSE	6
EXPOSITION	9
EXPOSITIONAL	10
EXPOSITOR	9
EXPOSURE	5
EXPOUND	8
EXPRESS	4
EXPRESSIBLE	5
EXPRESSION	2
EXPRESSIONAL	8
EXPRESSIONISM	9
EXPRESSIONIST	8
EXPRESSIONISTIC	10
EXPRESSIONLESS	6
EXPRESSIVE	4
EXPRESSIVENESS	5
EXPRESSWAY	6
EXPROPRIATION	12
EXPULSE	9
EXPULSION	6
EXPULSIVE	7
EXPUNGE	10
EXQUISITE	7
EXTANT	8
EXTEMPORANEOUS	10
EXTEMPORARY	10
EXTEMPORE	11
EXTEND	5
EXTENDABLE	7
EXTENDER	5
EXTENSIBLE	10
EXTENSION	4
EXTENSIVE	7
EXTENSOR	9
EXTENT	6
EXTENUATE	9
EXTERIOR	6
EXTERIORIZE	11
EXTERMINATE	4
EXTERMINATION	5
EXTERMINATOR	3
EXTERN	11
EXTERNAL	5
EXTERNALIZATION	9
EXTINCT	3
EXTINCTION	4
EXTINGUISH	4
EXTINGUISHER	2
EXTOL	8
EXTORT	8
EXTORTION	8
EXTORTIONATE	10
EXTORTIONIST	10
EXTRA	1
EXTRACT	6
EXTRACTION	7
EXTRACTOR	8
EXTRACURRICULAR	5
EXTRADITE	10
EXTRADITION	9
EXTRAJUDICIAL	10
EXTRALEGAL	9
EXTRAMARITAL	9
EXTRANEOUS	9
EXTRAORDINAIRE	5
EXTRAORDINARY	4
EXTRAPOLATE	11
EXTRAPOLATION	10
EXTRAS	3
EXTRASENSORY	8
EXTRATERRESTRIAL	4
EXTRAVAGANCE	6
EXTRAVAGANT	5
EXTRAVAGANZA	6
EXTRAVEHICULAR	10
EXTREME	4
EXTREMISM	9
EXTREMIST	7
EXTREMITY	6
EXTRICATE	10
EXTRICATION	9
EXTROVERT	7
EXTROVERTED	8
EXTRUSION	8
EXUBERANCE	8
EXUBERANT	6
EXUDATE	12
EXUDATION	10
EXUDE	8
EXULTANT	10
EXULTATION	8
EXURBAN	10
EYE	0
EYEBALL	0
EYEBATH	7
EYEBROW	1
EYEDROP	2
EYEDROPPER	2
EYEFUL	4
EYEGLASS	1
EYEGLASSES	0
EYELASH	1
EYELESS	3
EYELID	1
EYELINER	6
EYEPIECE	4
EYES	0
EYESHOT	7
EYESIGHT	3
EYESORE	3
EYESTRAIN	7
EYETOOTH	5
EYEWASH	6
EYEWEAR	4
EYEWITNESS	4
FABLE	4
FABLED	5
FABRIC	2
FABRICATE	7
FABRICATION	8
FABULOUS	3
FABULOUSNESS	6
FACADE	8
FACE	0
FACEDOWN	2
FACELESS	5
FACELIFT	7
FACEPLATE	7
FACER	8
FACET	5
FACETIAE	11
FACETIOUS	10
FACIAL	5
FACIE	11
FACILE	9
FACILITATE	8
FACILITATION	9
FACILITATOR	8
FACILITY	4
FACSIMILE	9
FACT	1
FACTION	7
FACTITIOUS	10
FACTOID	7
FACTOR	5
FACTORY	2
FACTOTUM	11
FACTUAL	5
FACULTY	5
FAD	5
FADE	2
FADER	6
FAG	5
FAGGOT	6
FAIL	1
FAILING	3
FAILLE	11
FAILSAFE	6
FAILURE	3
FAINT	3
FAINTHEARTED	6
FAINTNESS	5
FAIR	1
FAIRE	6
FAIRGROUND	2
FAIRLEAD	7
FAIRNESS	1
FAIRWAY	6
FAIRY	0
FAIRYLAND	3
FAIRYTALE	0
FAIT	11
FAITH	3
FAITHFUL	3
FAITHFULNESS	6
FAITHLESS	5
FAITHLESSNESS	7
FAKE	1
FAKER	2
FAKERY	6
FAKIR	6
FALAFEL	9
FALCHION	10
FALCON	2
FALCONER	10
FALCONRY	7
FALL	0
FALLACIOUS	8
FALLACY	9
FALLBACK	6
FALLER	7
FALLIBILITY	10
FALLIBLE	7
FALLOPIAN	9
FALLOUT	6
FALLOW	8
FALSE	2
FALSEHOOD	7
FALSETTO	7
FALSIFICATION	7
FALSIFY	7
FALSITY	7
FALTER	8
FAME	2
FAMED	5
FAMILIAL	7
FAMILIAR	2
FAMILIARITY	7
FAMILIARIZATION	7
FAMILIARIZE	6
FAMILY	0
FAMINE	5
FAMISH	4
FAMISHED	5
FAMOUS	2
FAN	1
FANATIC	7
FANATICAL	8
FANATICISM	10
FANCIFUL	7
FANCINESS	3
FANCY	2
FANDANGO	10
FANDOM	7
FANE	7
FANFARE	7
FANG	3
FANGLED	6
FANJET	8
FANTAIL	10
FANTASIZE	5
FANTASTIC	2
FANTASTICAL	6
FANTASY	3
FANZINE	11
FAR	0
FARANDOLE	9
FARAWAY	2
FARCE	7
FARCEUR	11
FARCICAL	10
FARE	3
FAREWELL	3
FARFETCHED	8
FARM	0
FARMER	0
FARMHAND	3
FARMHOUSE	1
FARMING	0
FARMLAND	3
FARMSTEAD	6
FARMYARD	1
FARO	10
FAROUCHE	12
FARRIER	7
FARROW	9
FARSEEING	6
FARSIGHTED	5
FART	1
FARTHING	8
FARTHINGALE	10
FASCIA	11
FASCICULUS	12
FASCINATE	5
FASCINATING	6
FASCINATION	4
FASCISM	9
FASCIST	10
FASCISTIC	11
FASHION	3
FASHIONABLE	5
FAST	0
FASTBACK	5
FASTBALL	2
FASTEN	2
FASTENER	4
FASTIDIOUS	8
FASTIDIOUSNESS	10
FAT	0
FATAL	4
FATALE	9
FATALISM	9
FATALIST	9
FATALISTIC	9
FATALITY	5
FATBACK	6
FATE	5
FATED	5
FATEFUL	6
FATHEAD	4
FATHEADED	4
FATHER	0
FATHERHOOD	4
FATHERLAND	6
FATHERLESS	3
FATHERLY	4
FATHOM	6
FATHOMETER	11
FATIGABILITY	8
FATIGUE	7
FATLING	5
FATNESS	4
FATSO	2
FATTED	7
FATTEN	3
FATTISH	3
FATTY	1
FATUITY	10
FATUOUS	9
FAUCET	1
FAULT	2
FAULTLESS	5
FAULTY	5
FAUN	9
FAUNA	7
FAUVISM	11
FAUX	8
FAVOR	2
FAVORABLE	7
FAVORITE	1
FAVORITISM	4
FAWN	3
FAX	5
FAYED	6
FAZE	6
FEALTY	9
FEAR	0
FEARFUL	3
FEARFULNESS	5
FEARLESS	4
FEARLESSNESS	4
FEARSOME	3
FEASIBILITY	8
FEASIBLE	8
FEAST	3
FEAT	6
FEATHER	0
FEATHERBED	4
FEATHERBRAIN	7
FEATHERBRAINED	5
FEATHERED	3
FEATHERHEAD	7
FEATHERHEADED	6
FEATHERLESS	5
FEATHERWEIGHT	6
FEATHERY	3
FEATURE	2
FEATURELESS	6
FEBRILE	12
FECAL	7
FECES	5
FECKLESS	8
FECULENT	10
FECUND	11
FECUNDATION	12
FECUNDITY	10
FED	1
FEDERAL	9
FEDERALIZE	8
FEDERATION	7
FEDORA	8
FEE	4
FEEBLE	4
FEEBLEMINDED	7
FEED	0
FEEDBACK	6
FEEDBAG	4
FEEDER	2
FEEDLOT	7
FEEL	0
FEELER	4
FEELING	0
FEIGN	9
FEINT	8
FEISTY	4
FELDSPAR	10
FELICITATE	11
FELICITOUS	9
FELINE	3
FELL	0
FELLAH	5
FELLATE	10
FELLATIO	10
FELLER	4
FELLOW	4
FELLOWMAN	7
FELLOWSHIP	5
FELON	6
FELONIOUS	9
FELONY	7
FELT	1
FEMALE	1
FEMALENESS	5
FEMININE	3
FEMININITY	7
FEMINISM	8
FEMINIST	7
FEMINISTIC	9
FEMINIZATION	9
FEMME	9
FEMORAL	8
FEMUR	6
FEN	12
FENCE	1
FENCER	7
FENCING	6
FEND	5
FENDER	4
FENNEL	9
FENNY	8
FERAL	8
FERMENT	8
FERMENTATION	8
FERMIUM	10
FERN	4
FEROCIOUS	5
FEROCIOUSNESS	5
FEROCITY	7
FERRET	3
FERRITE	12
FERROUS	9
FERRY	3
FERRYBOAT	4
FERRYMAN	6
FERTILE	4
FERTILITY	9
FERTILIZATION	4
FERTILIZE	5
FERTILIZER	3
FERVENCY	10
FERVENT	8
FERVOR	7
FESCUE	11
FESS	6
FEST	5
FESTAL	9
FESTER	6
FESTIVAL	3
FESTIVE	3
FESTIVENESS	7
FESTIVITY	5
FESTOON	10
FETA	11
FETAL	7
FETCH	2
FETE	9
FETID	9
FETISH	8
FETISHISM	10
FETISHIST	10
FETISHISTIC	12
FETLOCK	8
FETOR	10
FETTER	9
FETTLE	12
FETTLER	9
FETTUCCINE	8
FETUS	8
FEUD	5
FEUDAL	7
FEUDALISM	8
FEUDALISTIC	9
FEUILLETON	12
FEVER	1
FEVERED	4
FEVERISH	4
FEVEROUS	5
FEW	1
FIACRE	12
FIANCE	5
FIANCEE	3
FIASCO	7
FIB	2
FIBBER	2
FIBER	6
FIBERGLASS	6
FIBRIL	10
FIBRILLATION	10
FIBRINOGEN	11
FIBROBLAST	12
FIBROID	12
FIBROSIS	10
FIBROTIC	10
FIBROUS	7
FIBSTER	6
FIBULA	8
FIBULAR	9
FICHE	9
FICHUS	10
FICKLE	6
FICO	11
FICTION	2
FICTIONAL	3
FICTIONALIZE	7
FICTITIOUS	4
FIDDLE	3
FIDDLER	4
FIDDLESTICK	5
FIDDLY	6
FIDELITY	8
FIDGET	4
FIDGETY	3
FIDUCIARY	11
FIEF	8
FIELD	1
FIELDER	4
FIELDSTRIP	5
FIELDWORK	6
FIEND	5
FIENDISH	7
FIERCE	4
FIERCENESS	6
FIERY	5
FIESTA	6
FIFE	6
FIFTEEN	1
FIFTH	0
FIFTY	1
FIG	3
FIGHT	0
FIGHTABLE	5
FIGHTER	2
FIGMENT	5
FIGURAL	7
FIGURATE	8
FIGURATIVE	8
FIGURE	3
FIGUREHEAD	7
FIGURELESS	6
FIGURER	8
FIGURINE	4
FILAMENT	6
FILBERT	9
FILCHER	12
FILE	3
FILER	6
FILET	5
FILIAL	10
FILIBUSTER	10
FILIGREE	8
FILL	0
FILLER	4
FILLET	6
FILLING	2
FILLY	5
FILM	2
FILMGOER	6
FILMIC	10
FILMMAKER	6
FILMSTRIP	5
FILMY	6
FILTER	3
FILTH	2
FILTHINESS	2
FILTHY	2
FILTRATION	6
FIN	2
FINAGLE	7
FINAL	2
FINALE	3
FINALIST	4
FINALITY	8
FINALIZE	5
FINANCE	8
FINANCIAL	6
FINANCIER	9
FINCH	4
FIND	1
FINDER	1
FINE	2
FINENESS	5
FINERY	6
FINESSE	7
FINGER	0
FINGERBOARD	7
FINGERNAIL	0
FINGERPRINT	3
FINGERTIP	1
FINICKY	4
FINIS	9
FINISH	1
FINISHER	5
FINITE	8
FINK	2
FIR	4
FIRE	0
FIREARM	5
FIREBALL	4
FIREBOMB	5
FIREBOX	4
FIREBRAND	7
FIREBREAK	9
FIREBUG	3
FIRECRACKER	1
FIREFIGHT	5
FIREFIGHTER	0
FIREFLY	1
FIREHOSE	1
FIREHOUSE	1
FIREHYDRANT	0
FIRELIGHT	4
FIREMAN	0
FIREPLACE	2
FIREPLUG	4
FIREPOWER	4
FIREPROOF	4
FIRESIDE	4
FIRESTORM	8
FIRETRAP	6
FIRETRUCK	0
FIREWALL	9
FIREWATER	6
FIREWEED	7
FIREWOOD	2
FIREWORK	0
FIREWORKS	0
FIRM	6
FIRMA	10
FIRMAMENT	8
FIRMAMENTAL	10
FIRMNESS	4
FIRMWARE	8
FIRST	0
FIRSTBORN	4
FIRSTLING	6
FIRTH	7
FISCAL	10
FISH	0
FISHBONE	3
FISHBOWL	0
FISHERMAN	0
FISHERWOMAN	2
FISHERY	5
FISHEYE	4
FISHHOOK	2
FISHING	0
FISHINGHOOK	3
FISHINGPOLE	1
FISHINGROD	3
FISHLESS	4
FISHMEAL	7
FISHMONGER	9
FISHNET	6
FISHPOND	2
FISHTAIL	5
FISHTANK	1
FISHWIFE	8
FISHY	2
FISSILE	8
FISSION	10
FISSIONABLE	11
FISSURE	9
FIST	0
FISTFIGHT	3
FISTFUL	1
FISTIC	3
FISTICUFFS	10
FISTULA	11
FIT	1
FITFUL	7
FITNESS	4
FITTER	4
FIVE	0
FIVER	7
FIX	0
FIXABLE	3
FIXATE	7
FIXATION	6
FIXEDNESS	7
FIXER	3
FIXTURE	4
FIZZ	2
FIZZLE	4
FIZZY	2
FJORD	7
FLAB	6
FLABBERGASTED	8
FLABBY	4
FLACCID	10
FLAG	0
FLAGELLANT	10
FLAGELLATE	9
FLAGELLATION	11
FLAGEOLET	10
FLAGMAN	5
FLAGON	8
FLAGPOLE	1
FLAGRANT	7
FLAGSHIP	8
FLAGSTAFF	6
FLAGSTONE	7
FLAIL	7
FLAIR	4
FLAK	9
FLAKE	1
FLAKINESS	6
FLAKY	5
FLAM	7
FLAMBEAU	9
FLAMBOYANCE	9
FLAMBOYANT	7
FLAME	1
FLAMENCO	9
FLAMEOUT	6
FLAMER	9
FLAMETHROWER	4
FLAMING	2
FLAMINGO	1
FLAMMABLE	5
FLAN	8
FLANGE	10
FLANK	7
FLANKER	8
FLANNEL	4
FLAP	2
FLAPDOODLE	12
FLAPJACK	4
FLAPPER	5
FLARE	5
FLARES	6
FLASH	2
FLASHBACK	6
FLASHBULB	3
FLASHER	4
FLASHGUN	9
FLASHINESS	5
FLASHLIGHT	1
FLASHOVER	9
FLASHPOINT	9
FLASHY	3
FLASK	6
FLAT	1
FLATBED	4
FLATCAR	7
FLATFISH	8
FLATFOOT	6
FLATHEAD	5
FLATIRON	7
FLATLAND	4
FLATLANDER	8
FLATNESS	2
FLATTEN	2
FLATTER	5
FLATTERED	7
FLATTERER	7
FLATTERING	5
FLATTERY	5
FLATTOP	4
FLATULENCE	9
FLATULENT	6
FLATUS	9
FLATWARE	8
FLATWORK	9
FLATWORM	4
FLAUNT	6
FLAUTIST	8
FLAVOR	1
FLAVORFUL	5
FLAVORINGS	2
FLAVORLESS	4
FLAW	5
FLAWED	5
FLAWLESS	4
FLAX	7
FLAXSEED	11
FLAY	7
FLEA	3
FLEABAG	3
FLECK	6
FLEDGE	9
FLEDGLING	9
FLEE	3
FLEECE	5
FLEECY	6
FLEER	8
FLEET	6
FLEETNESS	10
FLESH	3
FLESHLESS	6
FLESHPOT	9
FLESHY	8
FLETCH	7
FLEX	4
FLEXIBILITY	5
FLEXIBLE	3
FLEXOR	9
FLEXURE	12
FLIBBERTIGIBBET	8
FLICK	3
FLICKER	5
FLIER	4
FLIGHT	2
FLIGHTLESS	4
FLIGHTY	7
FLIMFLAM	9
FLIMSY	4
FLINCH	3
FLINCHER	7
FLING	4
FLINT	5
FLINTLOCK	8
FLINTY	4
FLIP	0
FLIPPANCY	8
FLIPPANT	9
FLIPPER	4
FLIPPING	3
FLIRT	4
FLIRTATION	6
FLIRTATIOUS	9
FLIRTER	6
FLIRTY	5
FLIT	6
FLITTER	5
FLIVVER	11
FLOAT	0
FLOATABILITY	5
FLOATER	4
FLOCCULATION	6
FLOCK	2
FLOE	9
FLOG	5
FLOOD	2
FLOODGATE	6
FLOODLIGHT	4
FLOODPLAIN	8
FLOODWATER	4
FLOOR	0
FLOORBOARD	4
FLOORING	3
FLOORSHOW	5
FLOORWALKER	8
FLOOZY	7
FLOP	2
FLOPHOUSE	9
FLOPPER	7
FLOPPY	2
FLORA	7
FLORAL	4
FLORESCENCE	6
FLORESCENT	6
FLORIBUNDA	10
FLORID	8
FLORIN	9
FLORIST	3
FLOSS	2
FLOTATION	3
FLOTILLA	9
FLOTSAM	8
FLOUNCE	5
FLOUNCY	8
FLOUNDER	4
FLOUR	2
FLOURISH	6
FLOURLESS	6
FLOURY	4
FLOUT	10
FLOW	2
FLOWER	0
FLOWERBED	2
FLOWERING	4
FLOWERLESS	5
FLOWERPOT	2
FLOWERY	3
FLOWSTONE	9
FLU	1
FLUB	7
FLUCTUANT	8
FLUCTUATE	7
FLUCTUATING	7
FLUCTUATION	7
FLUE	6
FLUENT	5
FLUFF	0
FLUFFY	1
FLUID	3
FLUIDITY	9
FLUKE	5
FLUME	7
FLUMMOX	9
FLUMMOXED	8
FLUNK	3
FLUNKY	5
FLUORESCE	5
FLUORESCENT	7
FLUORIDATION	7
FLUORIDE	5
FLUORINE	8
FLUORITE	9
FLUOROCARBON	9
FLUOROSCOPE	10
FLUORSPAR	8
FLURRY	4
FLUSH	0
FLUSHER	6
FLUSTER	7
FLUTE	3
FLUTIST	7
FLUTTER	3
FLUTTERY	5
FLUX	10
FLY	0
FLYABLE	5
FLYAWAY	4
FLYBLOWN	10
FLYBOY	6
FLYBY	6
FLYCATCHER	3
FLYER	2
FLYLEAF	7
FLYOVER	5
FLYPAPER	4
FLYSPECK	7
FLYSWATTER	1
FLYTRAP	1
FLYWEIGHT	7
FOAL	3
FOAM	1
FOAMY	2
FOB	7
FOCAL	5
FOCUS	3
FODDER	9
FOE	5
FOG	1
FOGBOUND	8
FOGEY	6
FOGGINESS	5
FOGGY	2
FOGHORN	4
FOIBLE	10
FOIL	3
FOIST	8
FOLD	0
FOLDER	3
FOLDEROL	10
FOLDOUT	5
FOLIAGE	6
FOLIC	9
FOLIO	8
FOLK	3
FOLKLORE	5
FOLKLORIC	7
FOLKSONG	2
FOLKSY	6
FOLKTALE	4
FOLKWAY	10
FOLLICLE	7
FOLLICULAR	8
FOLLOW	0
FOLLOWER	3
FOLLOWING	1
FOLLY	6
FOMENT	10
FOND	4
FONDANT	9
FONDLE	8
FONDNESS	6
FONDUE	6
FONT	7
FOOD	0
FOODIE	8
FOODLESS	3
FOODSTUFF	6
FOOL	3
FOOLERY	7
FOOLHARDY	7
FOOLISH	4
FOOLISHNESS	4
FOOLPROOF	5
FOOLSCAP	8
FOOT	0
FOOTAGE	4
FOOTBALL	0
FOOTBALLER	4
FOOTBATH	4
FOOTBOARD	4
FOOTBRIDGE	6
FOOTER	7
FOOTFALL	7
FOOTGEAR	4
FOOTHOLD	6
FOOTING	4
FOOTLIGHTS	6
FOOTLING	8
FOOTLOCKER	6
FOOTLOOSE	7
FOOTMAN	7
FOOTMARK	5
FOOTNOTE	7
FOOTPAD	6
FOOTPATH	3
FOOTPLATE	6
FOOTPRINT	1
FOOTRACE	4
FOOTREST	2
FOOTROPE	7
FOOTSIE	2
FOOTSLOGGER	11
FOOTSTEP	0
FOOTSTEPS	1
FOOTSTONE	6
FOOTSTOOL	1
FOOTSY	4
FOOTWEAR	3
FOOTWORK	6
FOOTY	3
FOP	7
FOPPERY	7
FOPPISH	10
FOPPISHNESS	11
FOR	0
FORAGE	6
FORAMEN	8
FORAMINIFERA	11
FORASMUCH	9
FORAY	9
FORBEAR	7
FORBEARANCE	10
FORBID	3
FORBIDDING	5
FORCE	1
FORCEFUL	3
FORCEPS	9
FORCES	3
FORCIBLE	6
FORD	3
FORDO	12
FORE	7
FOREARM	4
FOREBEAR	9
FOREBODING	7
FOREBRAIN	8
FORECAST	4
FORECASTLE	7
FORECLOSE	9
FORECLOSURE	10
FORECOURT	9
FOREDECK	7
FOREFATHER	4
FOREFINGER	2
FOREFRONT	7
FOREGO	7
FOREGOING	7
FOREGONE	7
FOREGROUND	6
FOREHAND	6
FOREHEAD	1
FOREIGN	4
FOREIGNER	5
FOREIGNNESS	6
FOREKNOWLEDGE	8
FORELADY	9
FORELEG	5
FORELIMB	8
FORELOCK	8
FOREMAN	6
FOREMAST	7
FOREMOST	7
FORENSIC	8
FORENSICS	9
FOREORDAIN	11
FOREPAW	4
FOREPLAY	9
FORERUNNER	7
FORESAIL	10
FORESEE	6
FORESEEABLE	7
FORESHADOW	8
FORESHEET	9
FORESHOCK	9
FORESIGHT	6
FORESIGHTEDNESS	9
FORESKIN	8
FOREST	1
FORESTALL	7
FORESTATION	10
FORESTAY	7
FORESTED	4
FORESTER	5
FORESTRY	5
FORETASTE	8
FORETELL	5
FORETELLER	6
FORETHOUGHT	6
FORETOP	11
FOREVERMORE	4
FOREWARN	6
FOREWARNING	6
FOREWOMAN	8
FOREWORD	6
FOREYARD	8
FORFEIT	5
FORFEITURE	8
FORFEND	10
FORGE	5
FORGER	6
FORGERY	6
FORGET	0
FORGETFUL	3
FORGETFULNESS	2
FORGETTABLE	2
FORGIVABLE	4
FORGIVE	0
FORGIVENESS	2
FORGIVER	3
FORGIVING	2
FORINT	11
FORK	0
FORKFUL	2
FORKLIFT	4
FORLORN	6
FORM	3
FORMABLE	5
FORMAL	6
FORMALDEHYDE	6
FORMALIN	12
FORMALISM	9
FORMALITY	8
FORMALIZE	6
FORMAT	6
FORMATION	5
FORMATIVE	7
FORMER	3
FORMFITTING	6
FORMIC	11
FORMIDABLE	6
FORMLESS	6
FORMULA	5
FORMULAIC	9
FORMULARY	9
FORMULATE	6
FORMULATION	7
FORNICATE	8
FORNICATION	7
FORNICATOR	10
FORSAKE	6
FORSOOTH	7
FORSWEAR	9
FORSWORN	7
FORT	1
FORTE	8
FORTH	2
FORTHCOMING	8
FORTHRIGHT	7
FORTHRIGHTNESS	6
FORTIFICATION	8
FORTIFY	6
FORTITUDE	7
FORTNIGHT	6
FORTRESS	5
FORTUITOUS	9
FORTUNATE	5
FORTUNE	4
FORTUNETELLER	3
FORTUNETELLING	5
FORTY	2
FORTYISH	5
FORUM	8
FORWARD	0
FORWARDER	7
FORWARDING	7
FORWARDS	1
FOSSIL	3
FOSSILIZATION	5
FOSSILIZED	4
FOSTER	4
FOUL	3
FOULARD	9
FOULMOUTHED	4
FOULNESS	7
FOUND	0
FOUNDATION	6
FOUNDER	5
FOUNDING	5
FOUNDLING	7
FOUNDRY	7
FOUNT	8
FOUNTAIN	2
FOUR	0
FOURSOME	7
FOURSQUARE	6
FOURTH	0
FOVEA	12
FOWL	3
FOWLING	8
FOX	0
FOXGLOVE	9
FOXHOLE	6
FOXHOUND	4
FOXHUNT	5
FOXHUNTING	5
FOXTROT	7
FOXY	5
FOYER	7
FRACAS	9
FRACTAL	7
FRACTION	5
FRACTIONAL	6
FRACTIOUS	8
FRACTURE	5
FRAGILE	3
FRAGILITY	5
FRAGMENT	7
FRAGMENTARY	9
FRAGMENTATION	9
FRAGRANCE	5
FRAGRANT	5
FRAIL	5
FRAILTY	6
FRAISE	8
FRAME	3
FRAMER	6
FRAMEWORK	4
FRANC	8
FRANCHISE	8
FRANCHISEE	11
FRANCIUM	11
FRANGIBLE	8
FRANGIPANI	11
FRANK	6
FRANKINCENSE	5
FRANKNESS	8
FRANTIC	6
FRAP	8
FRAPPE	10
FRAT	10
FRATERNAL	5
FRATERNITY	8
FRATERNIZATION	10
FRATERNIZE	10
FRATRICIDAL	11
FRAU	11
FRAUD	5
FRAUDULENT	6
FRAUGHT	7
FRAY	6
FRAYED	5
FRAYS	6
FRAZZLE	6
FREAK	3
FREAKINESS	4
FREAKISH	6
FREAKY	3
FRECKLE	1
FRECKLED	2
FRECKLES	0
FREE	0
FREEBASE	10
FREEBIE	6
FREEBORN	6
FREEDOM	2
FREELANCE	9
FREELANCER	9
FREELOADER	6
FREEMAN	6
FREEMASON	10
FREEMASONRY	9
FREESIA	8
FREESTANDING	6
FREESTYLE	6
FREETHINKER	6
FREETHINKING	8
FREEWARE	11
FREEWAY	5
FREEWILL	5
FREEZE	0
FREEZER	0
FREEZING	1
FREIGHT	6
FREIGHTER	5
FRENETIC	9
FRENZIED	7
FRENZY	5
FREQ	11
FREQUENCY	5
FREQUENT	2
FREQUENTER	6
FRESCO	10
FRESH	1
FRESHEN	4
FRESHENER	3
FRESHET	9
FRESHMAN	5
FRESHNESS	4
FRESHWATER	3
FRET	6
FRETFUL	7
FRETFULNESS	9
FRIABLE	9
FRIAR	4
FRICASSEE	9
FRICTION	5
FRICTIONLESS	8
FRIDGE	0
FRIED	2
FRIEND	0
FRIENDLESS	3
FRIENDLINESS	2
FRIENDLY	0
FRIENDSHIP	1
FRIEZE	9
FRIG	7
FRIGATE	9
FRIGGING	8
FRIGHT	3
FRIGHTEN	4
FRIGHTENED	1
FRIGHTENER	5
FRIGHTENING	2
FRIGHTFUL	1
FRIGID	5
FRIGIDITY	8
FRILL	4
FRILLY	4
FRINGE	5
FRISBEE	1
FRISK	5
FRISKINESS	5
FRISKY	7
FRIT	11
FRITTATA	9
FRITTER	8
FRITZ	7
FRIVOLITY	9
FRIVOLOUS	6
FRIZZ	4
FRIZZY	4
FROCK	5
FROG	0
FROGFISH	6
FROGGY	2
FROGMAN	4
FROLIC	4
FROLICSOME	9
FROM	0
FROND	7
FRONT	0
FRONTAGE	6
FRONTAL	6
FRONTBENCHER	7
FRONTIER	4
FRONTIERSMAN	6
FROSH	8
FROST	0
FROSTBITE	4
FROSTED	3
FROSTING	0
FROSTY	1
FROTH	8
FROTHY	6
FROTTAGE	12
FROUFROU	8
FROWN	0
FROWNER	2
FROWZY	9
FROZEN	1
FRUCTOSE	10
FRUGAL	6
FRUIT	0
FRUITCAKE	3
FRUITED	3
FRUITER	6
FRUITFUL	5
FRUITION	7
FRUITLESS	7
FRUITY	2
FRUMP	6
FRUMPY	7
FRUSTRATE	4
FRUSTRATED	3
FRUSTRATING	3
FRUSTRATION	3
FRY	1
FRYER	4
FRYINGPAN	2
FUCHSIA	6
FUCK	6
FUCKER	6
FUCKING	6
FUCKWIT	11
FUDDLE	7
FUDGE	1
FUDGY	3
FUEHRER	8
FUEL	2
FUG	12
FUGITIVE	6
FUGUE	10
FULCRUM	8
FULFILL	4
FULL	0
FULLBACK	8
FULLNESS	3
FULLTIME	4
FULMINATE	11
FULSOME	6
FUMBLE	3
FUMBLER	4
FUME	4
FUMIGANT	9
FUMIGATE	7
FUMIGATION	8
FUMIGATOR	8
FUMY	6
FUN	0
FUNCTION	4
FUNCTIONAL	4
FUNCTIONALITY	7
FUNCTIONARY	8
FUND	5
FUNDABLE	8
FUNDAMENT	7
FUNDAMENTAL	5
FUNDAMENTALISM	9
FUNDAMENTALIST	11
FUNDING	5
FUNDRAISER	4
FUNDRAISING	4
FUNDS	4
FUNERAL	2
FUNERARY	9
FUNEREAL	5
FUNFAIR	5
FUNGAL	6
FUNGIBLE	9
FUNGICIDAL	8
FUNGICIDE	8
FUNGUS	3
FUNICULAR	12
FUNK	5
FUNKY	4
FUNNEL	3
FUNNY	0
FUNNYMAN	4
FUR	0
FURBELOW	9
FURBISH	9
FURFURAL	12
FURIOUS	4
FURL	7
FURLESS	5
FURLONG	8
FURLOUGH	10
FURNACE	6
FURNISH	6
FURNISHED	5
FURNISHINGS	5
FURNITURE	1
FUROR	8
FURRING	11
FURROW	8
FURROWED	8
FURRY	1
FURTHER	2
FURTHERANCE	9
FURTHERMOST	7
FURTIVE	10
FURY	4
FURZE	9
FUSE	6
FUSEL	7
FUSELAGE	7
FUSION	9
FUSS	1
FUSSBUDGET	9
FUSSPOT	5
FUSSY	2
FUTILE	8
FUTILITY	9
FUTON	8
FUTURE	2
FUTURIST	9
FUTURISTIC	6
FUTURITY	8
FUTZ	9
FUZZ	2
FUZZINESS	3
FUZZY	0
GAB	4
GABARDINE	9
GABBER	3
GABBLE	9
GABBLER	7
GABFEST	7
GABLE	5
GAD	6
GADABOUT	8
GADFLY	9
GADGET	4
GADGETEER	10
GADGETRY	6
GADOLINIUM	12
GADWALL	11
GAFF	7
GAFFER	11
GAG	3
GAGA	2
GAGGLE	4
GAGMAN	8
GAGSTER	6
GAIETY	7
GAIN	2
GAINER	5
GAINFUL	6
GAINSAY	9
GAIT	7
GAL	1
GALA	9
GALACTIC	5
GALANTINE	10
GALAXY	3
GALE	6
GALL	7
GALLANT	5
GALLANTRY	7
GALLBLADDER	7
GALLEON	8
GALLERY	4
GALLEY	8
GALLING	8
GALLIVANT	8
GALLON	1
GALLOP	3
GALLOWS	6
GALLSTONE	8
GALOOT	10
GALOOTS	11
GALORE	4
GALOSH	6
GALUMPH	7
GALVANIC	12
GALVANIZE	9
GALVANIZED	9
GAMBIT	8
GAMBLE	4
GAMBLER	5
GAMBLING	4
GAMBOL	8
GAME	0
GAMEKEEPER	6
GAMER	7
GAMESMANSHIP	6
GAMESOME	10
GAMETE	9
GAMIN	12
GAMINE	9
GAMING	5
GAMMA	9
GAMMON	10
GAMMY	8
GAMUT	12
GAMY	8
GANDER	6
GANG	4
GANGBANG	10
GANGBUSTER	6
GANGER	11
GANGLAND	8
GANGLION	9
GANGLY	7
GANGPLANK	7
GANGRENE	7
GANGRENOUS	9
GANGSTER	4
GANGWAY	9
GANJA	9
GANNET	12
GANTRY	10
GAP	3
GAPE	7
GAPING	5
GARAGE	0
GARB	7
GARBAGE	0
GARBANZO	8
GARBLED	7
GARCON	10
GARDEN	0
GARDENER	2
GARDENIA	7
GARDENING	1
GARFISH	10
GARGANTUAN	7
GARGLE	4
GARGOYLE	5
GARISH	11
GARISHNESS	9
GARLAND	6
GARLIC	2
GARLICKY	6
GARMENT	3
GARNISH	8
GARNISHMENT	10
GARRET	7
GARRISON	10
GARRULITY	11
GARRULOUS	9
GARTER	7
GAS	0
GASBAG	6
GASEOUS	7
GASH	3
GASHOUSE	6
GASIFICATION	9
GASKET	6
GASKIN	11
GASLIGHT	5
GASMAN	4
GASMASK	5
GASOLINE	1
GASP	3
GASSER	7
GASSINESS	5
GASSY	3
GASTRIC	10
GASTRITIS	12
GASTROENTERITIS	12
GASTROENTEROLOGIST	11
GASTROINTESTINAL	9
GASTRONOMIC	10
GASTRONOMICAL	11
GASTRONOMY	12
GASWORKS	7
GAT	8
GATE	0
GATECRASH	8
GATECRASHER	7
GATEHOUSE	7
GATEKEEPER	5
GATEMAN	5
GATEWAY	3
GATHER	2
GATHERER	4
GATOR	3
GAUCHE	11
GAUCHERIE	10
GAUCHO	7
GAUD	8
GAUDY	7
GAUGE	6
GAUNT	7
GAUNTLET	8
GAUSS	8
GAUZE	4
GAUZY	6
GAVEL	4
GAVOTTE	7
GAWK	6
GAWKINESS	8
GAWKY	6
GAWP	11
GAY	4
GAYNESS	7
GAZE	4
GAZEBO	5
GAZEHOUND	6
GAZELLE	4
GAZER	5
GAZETTE	5
GAZPACHO	8
GEAR	3
GEARBOX	5
GEARSHIFT	6
GECKO	5
GEEK	3
GEEKY	6
GEEZER	5
GEISHA	9
GEL	2
GELATIN	3
GELATINOUS	8
GELD	8
GELDING	8
GELIGNITE	8
GEM	3
GEMSTONE	3
GEN	8
GENDARME	12
GENDER	2
GENE	7
GENEALOGICAL	9
GENEALOGIST	8
GENEALOGY	8
GENERAL	3
GENERALISSIMO	9
GENERALITY	7
GENERALIZATION	7
GENERALIZE	5
GENERALIZED	5
GENERATE	6
GENERATION	5
GENERATIONAL	8
GENERATIVE	9
GENERATOR	6
GENERIC	6
GENEROSITY	4
GENEROUS	2
GENETIC	6
GENETICIST	9
GENETICS	7
GENIAL	8
GENIALITY	9
GENIE	2
GENITAL	5
GENITALIA	7
GENITIVE	9
GENIUS	2
GENOCIDAL	10
GENOCIDE	8
GENOME	10
GENOMIC	8
GENRE	8
GENT	7
GENTEEL	7
GENTILE	7
GENTILITY	8
GENTLE	0
GENTLEFOLK	7
GENTLEMAN	2
GENTLEMANLIKE	6
GENTLEMANLINESS	5
GENTLEMANLY	3
GENTLENESS	2
GENTLEWOMAN	5
GENTRIFICATION	10
GENTRY	9
GENTS	4
GENUFLECT	7
GENUINE	4
GENUS	7
GEODE	7
GEODESIC	8
GEODETIC	12
GEOGRAPHER	5
GEOGRAPHIC	4
GEOGRAPHICAL	6
GEOGRAPHY	3
GEOLOGIC	7
GEOLOGICAL	6
GEOLOGIST	5
GEOLOGY	5
GEOMAGNETIC	11
GEOMANCY	8
GEOMETRIC	5
GEOMETRICAL	5
GEOMETRY	6
GEOPHONE	8
GEOPHYSICAL	7
GEOPHYSICS	10
GEOPOLITICAL	12
GEOPOLITICS	10
GEOSTATIONARY	9
GEOSYNCHRONOUS	12
GEOTHERMAL	9
GERANIUM	6
GERBIL	2
GERIATRIC	8
GERIATRICS	10
GERIATRIST	10
GERM	1
GERMANE	8
GERMANIUM	8
GERMFREE	4
GERMICIDAL	10
GERMINATE	8
GERMINATION	7
GERMINATOR	7
GERMS	0
GERMY	2
GERUND	8
GESTALT	11
GESTATE	8
GESTATION	9
GESTATIONAL	9
GESTICULATE	9
GESTURE	7
GET	0
GETAWAY	5
GETTER	4
GETUP	2
GEYSER	5
GHASTLY	5
GHAT	10
GHEE	12
GHERKIN	7
GHETTO	5
GHOST	0
GHOSTLIKE	4
GHOSTLY	3
GHOSTWRITE	7
GHOSTWRITER	7
GHOUL	5
GHOULISH	6
GIANT	0
GIANTESS	7
GIBBER	7
GIBBERISH	4
GIBBET	9
GIBE	8
GIBLET	7
GIDDINESS	7
GIDDY	5
GIFT	0
GIFTED	3
GIG	6
GIGABYTE	7
GIGAHERTZ	10
GIGANTIC	2
GIGANTISM	7
GIGGLE	0
GIGGLER	3
GIGOLO	9
GILD	7
GILDED	8
GILL	2
GILT	7
GIMCRACK	9
GIMLET	9
GIMMICK	7
GIMMICKY	6
GIMP	7
GIMPY	8
GIN	7
GINGER	3
GINGERBREAD	1
GINGERROOT	9
GINGERSNAP	4
GINGHAM	7
GINGIVITIS	7
GINK	9
GINKGO	9
GINSENG	9
GIPSY	5
GIRAFFE	0
GIRD	8
GIRDER	7
GIRDLE	5
GIRL	0
GIRLFRIEND	1
GIRLHOOD	4
GIRLIE	2
GIRLISH	3
GIRLISHNESS	5
GIRLY	2
GIRTH	6
GIST	6
GIVE	0
GIVEAWAY	5
GIVER	1
GIZMO	4
GIZZARD	6
GLABROUS	3
GLACE	7
GLACIAL	6
GLACIATED	8
GLACIER	3
GLAD	1
GLADDEN	6
GLADE	6
GLADIATOR	4
GLADIOLA	7
GLADIOLUS	10
GLADNESS	3
GLADSOME	10
GLAIR	6
GLAM	6
GLAMORIZE	6
GLAMOROUS	4
GLAMOUR	4
GLANCE	4
GLAND	6
GLANDULAR	10
GLARE	4
GLARY	7
GLASNOST	11
GLASS	0
GLASSES	0
GLASSFUL	2
GLASSHOUSE	4
GLASSINE	10
GLASSMAKING	4
GLASSWARE	5
GLASSWORK	6
GLASSY	3
GLAUCOMA	9
GLAZE	3
GLAZED	2
GLAZIER	10
GLEAM	7
GLEAMING	4
GLEAN	7
GLEANER	10
GLEBE	10
GLEE	4
GLEEFUL	6
GLEN	6
GLENGARRY	9
GLIB	8
GLIBNESS	8
GLIDE	3
GLIDER	5
GLIMMER	5
GLIMPSE	4
GLINT	7
GLISSANDO	12
GLISTEN	4
GLITCH	7
GLITTER	0
GLITTERATI	12
GLITTERING	1
GLITTERY	0
GLITZ	7
GLITZY	5
GLOAMING	7
GLOAT	6
GLOATER	7
GLOB	2
GLOBAL	5
GLOBALIZATION	11
GLOBE	2
GLOBETROTTER	4
GLOBETROTTING	8
GLOBULAR	9
GLOBULE	7
GLOBULIN	11
GLOCKENSPIEL	8
GLOM	8
GLOOM	4
GLOOMING	4
GLOOMY	4
GLOP	4
GLOPPY	5
GLORIFICATION	7
GLORIFIED	5
GLORIFY	6
GLORIOUS	3
GLORY	2
GLOSS	5
GLOSSARY	4
GLOSSLESS	7
GLOSSY	3
GLOTTAL	11
GLOTTIS	9
GLOVE	0
GLOVED	2
GLOW	1
GLOWWORM	4
GLUCOSE	9
GLUE	0
GLUEY	3
GLUM	5
GLUON	10
GLUT	8
GLUTAMATE	12
GLUTATHIONE	11
GLUTEN	10
GLUTEUS	9
GLUTINOUS	9
GLUTTON	7
GLUTTONOUS	9
GLUTTONY	6
GLYCERIN	9
GLYCERINE	8
GLYCEROL	10
GLYCOGEN	9
GLYCOL	10
GLYCOSIDE	12
GLYPH	8
GNARL	6
GNARLED	6
GNARLY	6
GNASH	6
GNAT	5
GNAW	5
GNOCCHI	11
GNOME	4
GNU	6
GOAD	8
GOAL	2
GOALIE	3
GOALKEEPER	3
GOALKEEPING	3
GOALPOST	5
GOALTENDER	4
GOALTENDING	5
GOANNA	9
GOAT	0
GOATEE	7
GOATEED	8
GOATHERD	4
GOATSKIN	5
GOB	7
GOBBET	6
GOBBLE	1
GOBBLEDYGOOK	5
GOBBLER	4
GOBLET	6
GOBLIN	3
GOBSTOPPER	3
GOBY	7
GOD	0
GODCHILD	3
GODDAMN	3
GODDAMNED	5
GODDAUGHTER	3
GODDESS	3
GODFATHER	3
GODFORSAKEN	6
GODHEAD	9
GODHOOD	10
GODLESS	5
GODLESSNESS	6
GODLIKE	3
GODLINESS	4
GODLY	4
GODMOTHER	2
GODPARENT	3
GODSEND	7
GODSON	5
GOFER	4
GOGGLE	4
GOGGLES	2
GOING	0
GOITER	11
GOKART	4
GOLD	2
GOLDBEATER	11
GOLDBRICK	7
GOLDBRICKER	8
GOLDEN	2
GOLDENROD	5
GOLDENSEAL	10
GOLDFISH	0
GOLDMINE	4
GOLDSMITH	5
GOLEM	10
GOLF	2
GOLFER	2
GOLFING	3
GOLLIWOG	11
GOLLY	3
GONAD	7
GONDOLA	5
GONDOLIER	9
GONER	4
GONG	5
GONGING	9
GONNA	1
GONORRHEA	10
GOO	1
GOOBER	3
GOOD	0
GOODBYE	0
GOODHEARTED	5
GOODIE	1
GOODISH	5
GOODLY	5
GOODNESS	1
GOODS	2
GOODWILL	4
GOODY	2
GOOEY	2
GOOF	1
GOOFBALL	3
GOOFINESS	2
GOOFY	0
GOOGOL	10
GOOGOLPLEX	11
GOOK	7
GOON	5
GOONEY	6
GOOP	2
GOOPY	2
GOOSE	0
GOOSEBERRY	4
GOOSEFLESH	8
GOOSENECK	9
GOPHER	2
GORE	5
GORGE	4
GORGEOUS	3
GORGEOUSNESS	5
GORGER	7
GORGON	8
GORGONZOLA	10
GORILLA	1
GORSE	8
GORY	5
GOSH	2
GOSPEL	3
GOSSAMER	10
GOSSIP	4
GOSSIPMONGER	9
GOSSIPY	6
GOTHIC	9
GOUGE	5
GOUGER	7
GOULASH	4
GOURD	6
GOURMET	5
GOUT	9
GOUTY	10
GOVERN	5
GOVERNANCE	7
GOVERNESS	8
GOVERNMENT	4
GOVERNMENTAL	6
GOVERNOR	3
GOVERNORSHIP	6
GOWN	1
GOWNED	6
GOY	11
GOYIM	12
GRAB	0
GRABBER	3
GRABBY	3
GRACE	2
GRACEFUL	3
GRACEFULNESS	3
GRACELESS	7
GRACIOUS	4
GRACIOUSNESS	6
GRACKLE	9
GRAD	6
GRADATION	9
GRADE	1
GRADER	3
GRADIENT	8
GRADUAL	4
GRADUATE	3
GRADUATION	2
GRAFFITI	4
GRAFFITO	10
GRAFT	9
GRAFTER	7
GRAFTING	8
GRAIL	7
GRAIN	2
GRAINY	6
GRAM	4
GRAMERCY	11
GRAMMAR	1
GRAMMARIAN	9
GRAMMATICAL	5
GRAMOPHONE	7
GRANARY	6
GRAND	2
GRANDBABY	4
GRANDCHILD	0
GRANDDAD	0
GRANDDADDY	0
GRANDDAUGHTER	0
GRANDEE	10
GRANDEUR	7
GRANDFATHER	0
GRANDILOQUENCE	12
GRANDIOSE	8
GRANDIOSITY	11
GRANDMA	0
GRANDMAMMA	0
GRANDMOTHER	0
GRANDNEPHEW	5
GRANDNIECE	5
GRANDPA	0
GRANDPARENT	1
GRANDSIRE	9
GRANDSON	1
GRANDSTAND	6
GRANDSTANDER	8
GRANITE	7
GRANNY	0
GRANOLA	5
GRANT	7
GRANULAR	7
GRANULE	6
GRAPE	0
GRAPEFRUIT	2
GRAPESHOT	11
GRAPEVINE	2
GRAPH	3
GRAPHIC	6
GRAPHICAL	8
GRAPHICS	4
GRAPHITE	5
GRAPHOLOGIST	12
GRAPHOLOGY	8
GRAPNEL	5
GRAPPA	12
GRAPPLE	5
GRAPPLER	10
GRAPPLING	7
GRASP	3
GRASPER	8
GRASS	0
GRASSHOPPER	1
GRASSLAND	6
GRASSROOTS	10
GRASSY	1
GRATA	10
GRATE	4
GRATEFUL	2
GRATEFULNESS	3
GRATER	4
GRATIFICATION	5
GRATIFY	8
GRATIFYING	6
GRATIN	9
GRATING	6
GRATITUDE	3
GRATUITOUS	9
GRATUITY	7
GRAVAMEN	10
GRAVE	2
GRAVEDIGGER	4
GRAVEL	2
GRAVELING	6
GRAVELLY	7
GRAVEN	7
GRAVESIDE	4
GRAVESTONE	2
GRAVEYARD	1
GRAVID	12
GRAVIMETRIC	12
GRAVITAS	8
GRAVITATE	6
GRAVITATION	7
GRAVITATIONAL	7
GRAVITON	10
GRAVITY	3
GRAVY	1
GRAY	1
GRAYISH	2
GRAZE	4
GRAZER	6
GRAZIER	8
GREASE	2
GREASED	2
GREASEPAINT	8
GREASER	8
GREASINESS	4
GREASY	1
GREAT	0
GREATCOAT	3
GREATNESS	3
GREAVES	6
GREED	3
GREEDY	3
GREEN	0
GREENBACK	7
GREENERY	5
GREENGROCER	6
GREENHORN	9
GREENHOUSE	4
GREENISH	2
GREENMAIL	9
GREENNESS	3
GREENROOM	8
GREENS	2
GREET	1
GREETER	4
GREETING	1
GREMLIN	3
GRENADE	5
GRENADIER	7
GRENADINE	9
GREYHOUND	3
GRID	7
GRIDDLE	4
GRIDDLECAKES	4
GRIDIRON	8
GRIDLOCK	6
GRIEF	3
GRIEVANCE	7
GRIEVE	5
GRIEVING	4
GRIEVOUS	6
GRIFFON	9
GRILL	2
GRILLED	2
GRILLWORK	8
GRIM	4
GRIMACE	7
GRIMALKIN	10
GRIME	4
GRIMY	5
GRIN	1
GRIND	3
GRINDER	4
GRINDSTONE	6
GRINGO	8
GRIP	2
GRIPE	5
GRIPPER	6
GRISLY	5
GRIST	7
GRISTLE	6
GRISTMILL	7
GRIT	5
GRITS	4
GRITTY	5
GRIZZLE	6
GRIZZLED	6
GRIZZLY	3
GROAN	4
GROAT	9
GROCER	4
GROCERIES	0
GROCERY	1
GROG	8
GROGGY	6
GROIN	4
GROMMET	8
GROOM	3
GROOMER	4
GROOMSMAN	7
GROOVE	3
GROOVY	3
GROPE	7
GROPER	8
GROSBEAK	12
GROSS	0
GROSSNESS	4
GROT	10
GROTESQUE	7
GROTESQUERIE	11
GROTTO	7
GROUCH	2
GROUCHY	1
GROUND	0
GROUNDER	7
GROUNDHOG	1
GROUNDING	7
GROUNDLESS	7
GROUNDLING	9
GROUNDOUT	5
GROUNDSHEET	8
GROUNDSKEEPER	5
GROUNDSMAN	6
GROUNDSWELL	9
GROUNDWATER	6
GROUNDWORK	7
GROUP	1
GROUPER	8
GROUPIE	7
GROUPING	4
GROUSE	8
GROUT	7
GROVE	3
GROVEL	8
GROW	0
GROWER	3
GROWL	1
GROWLER	6
GROWNUP	0
GROWTH	2
GRUB	4
GRUBBER	6
GRUBBINESS	4
GRUBBY	6
GRUBSTAKE	12
GRUDGE	5
GRUDGING	6
GRUEL	7
GRUELING	6
GRUESOME	4
GRUESOMENESS	6
GRUFF	4
GRUMBLE	3
GRUMBLER	4
GRUMP	3
GRUMPY	1
GRUNGE	7
GRUNGY	5
GRUNT	4
GRUNTING	5
GRUYERE	12
GUACAMOLE	5
GUANINE	10
GUANO	8
GUAR	11
GUARANTEE	6
GUARANTOR	12
GUARANTY	6
GUARD	1
GUARDANT	8
GUARDER	5
GUARDHOUSE	4
GUARDIAN	4
GUARDIANSHIP	4
GUARDRAIL	4
GUARDROOM	7
GUARDSMAN	5
GUAVA	7
GUBERNATORIAL	9
GUCK	5
GUDGEON	10
GUERDON	12
GUERRILLA	7
GUESS	0
GUESSER	3
GUESSTIMATE	5
GUESSWORK	6
GUEST	1
GUESTHOUSE	4
GUESTROOM	3
GUFF	6
GUFFAW	8
GUIDANCE	4
GUIDE	2
GUIDEBOOK	6
GUIDELINE	3
GUIDEPOST	5
GUIDING	3
GUIDON	8
GUILD	8
GUILDER	7
GUILE	8
GUILELESS	12
GUILLOTINE	7
GUILT	2
GUILTINESS	5
GUILTLESS	5
GUILTY	3
GUINEA	4
GUIRO	11
GUISE	8
GUITAR	0
GUITARIST	4
GULAG	8
GULDEN	10
GULES	12
GULF	4
GULL	4
GULLET	8
GULLIBILITY	6
GULLIBLE	6
GULLY	6
GULP	2
GUM	0
GUMBALL	0
GUMBO	7
GUMBOIL	10
GUMDROP	1
GUMMINESS	4
GUMMY	4
GUMPTION	7
GUMSHOE	6
GUN	1
GUNBOAT	6
GUNCOTTON	8
GUNFIGHT	4
GUNFIGHTER	2
GUNFIRE	3
GUNK	3
GUNMAN	4
GUNMETAL	9
GUNNEL	7
GUNNER	5
GUNNERY	5
GUNNY	8
GUNNYSACK	7
GUNPLAY	5
GUNPOINT	4
GUNPOWDER	5
GUNROOM	4
GUNRUNNER	7
GUNRUNNING	9
GUNSHIP	5
GUNSHOT	2
GUNSLINGER	4
GUNSMITH	5
GUNWALE	9
GUPPY	3
GURGLE	3
GURNEY	6
GURU	9
GUSH	5
GUSHER	3
GUSHY	4
GUSSET	6
GUSSETED	11
GUSSY	7
GUST	3
GUSTATORY	11
GUSTO	7
GUSTY	4
GUT	2
GUTBUCKET	8
GUTLESS	6
GUTLESSNESS	6
GUTS	2
GUTSY	4
GUTTER	3
GUTTERING	7
GUTTERSNIPE	7
GUTTURAL	10
GUTTY	7
GUY	0
GUZZLE	5
GUZZLER	7
GYM	1
GYMKHANA	11
GYMNASIUM	2
GYMNAST	2
GYMNASTIC	2
GYMNASTICS	3
GYP	4
GYPSUM	9
GYPSY	4
GYRATE	9
GYRATION	11
GYRE	10
GYRO	7
GYROCOMPASS	9
GYROSCOPE	8
GYROSCOPIC	8
HABANERA	7
HABERDASHER	9
HABERDASHERY	8
HABILIMENT	12
HABIT	3
HABITABILITY	9
HABITABLE	7
HABITANT	5
HABITAT	4
HABITATION	6
HABITUAL	7
HABITUATE	9
HACIENDA	7
HACK	6
HACKAMORE	8
HACKBERRY	10
HACKER	8
HACKNEY	11
HACKNEYED	10
HACKSAW	7
HACKWORK	7
HADDOCK	8
HADE	6
HAFIZ	7
HAFNIUM	11
HAG	5
HAGGARD	6
HAGGIS	10
HAGGLE	8
HAGIOGRAPHIC	12
HAIKU	7
HAIL	3
HAILSTONE	5
HAILSTORM	3
HAIR	0
HAIRBALL	3
HAIRBRUSH	0
HAIRCUT	0
HAIRCUTTING	1
HAIRDO	1
HAIRDRESS	4
HAIRDRESSER	2
HAIRDRESSING	4
HAIRDRYER	1
HAIRED	5
HAIRLESS	4
HAIRLINE	5
HAIRNET	4
HAIRPIECE	6
HAIRPIN	3
HAIRSBREADTH	9
HAIRSPLITTING	7
HAIRSPRAY	3
HAIRSTYLE	2
HAIRSTYLIST	4
HAIRY	1
HAJJI	12
HAKE	11
HAKIM	8
HALBERD	8
HALE	6
HALF	0
HALFBACK	5
HALFCOCKED	7
HALFPENNY	6
HALFTIME	3
HALFTRACK	9
HALFWIT	6
HALIBUT	7
HALITOSIS	10
HALL	0
HALLMARK	5
HALLOO	6
HALLOW	6
HALLOWED	6
HALLUCINATE	6
HALLUCINATION	9
HALLUCINATORY	9
HALLUCINOGEN	9
HALLUCINOGENIC	9
HALLWAY	0
HALO	1
HALOCLINE	9
HALOGEN	8
HALOPERIDOL	12
HALOTHANE	9
HALT	3
HALTER	6
HALVE	3
HALYARD	11
HAM	0
HAMBURGER	0
HAMLET	6
HAMMER	0
HAMMERHEAD	5
HAMMERLOCK	7
HAMMOCK	2
HAMMY	6
HAMPER	2
HAMSTER	0
HAMSTRING	5
HAND	0
HANDBAG	3
HANDBALL	4
HANDBILL	7
HANDBOOK	4
HANDBRAKE	3
HANDCAR	5
HANDCART	2
HANDCLAP	0
HANDCLASP	6
HANDCRAFT	7
HANDCUFF	1
HANDEDNESS	6
HANDFUL	1
HANDGRENADE	6
HANDGUN	3
HANDHELD	5
HANDHOLD	4
HANDICAP	3
HANDICAPPED	2
HANDICAPPER	6
HANDICAPPING	8
HANDICRAFT	5
HANDIWORK	6
HANDKERCHIEF	2
HANDLE	1
HANDLEBAR	1
HANDLER	5
HANDMADE	3
HANDMAID	8
HANDMAIDEN	5
HANDOFF	4
HANDOUT	3
HANDOVER	6
HANDPICK	4
HANDPRINT	0
HANDRAIL	2
HANDSAW	4
HANDSET	7
HANDSHAKE	1
HANDSHAKING	2
HANDSOME	2
HANDSOMENESS	4
HANDSPIKE	9
HANDSPRING	5
HANDSTAND	2
HANDWORK	4
HANDWOVEN	6
HANDWRITING	0
HANDWRITTEN	1
HANDY	2
HANDYMAN	3
HANG	2
HANGAR	5
HANGDOG	7
HANGER	2
HANGGLIDER	5
HANGMAN	3
HANGNAIL	6
HANGOUT	4
HANGOVER	8
HANGUP	3
HANK	6
HANKER	7
HANKERING	6
HANKY	4
HANSOM	5
HAPHAZARD	6
HAPLESS	11
HAPPEN	0
HAPPENSTANCE	9
HAPPILY	1
HAPPINESS	1
HAPPY	0
HARANGUE	11
HARASS	6
HARASSER	5
HARASSMENT	5
HARBINGER	11
HARBOR	3
HARBORMASTER	7
HARD	0
HARDBACK	6
HARDBALL	5
HARDBOILED	2
HARDCOPY	7
HARDCORE	8
HARDCOVER	3
HARDEN	4
HARDENED	2
HARDHAT	3
HARDHEADED	3
HARDHEARTED	5
HARDIHOOD	9
HARDLINER	9
HARDLY	3
HARDNESS	3
HARDSCRABBLE	8
HARDSHIP	5
HARDTACK	6
HARDTOP	4
HARDWARE	4
HARDWOOD	5
HARDWORKING	2
HARDY	4
HARE	2
HAREBRAIN	6
HAREBRAINED	8
HARELIP	10
HAREM	6
HARK	5
HARLEQUIN	8
HARLOT	8
HARM	0
HARMER	5
HARMFUL	3
HARMLESS	3
HARMONIC	7
HARMONICA	2
HARMONICS	7
HARMONIOUS	5
HARMONIUM	10
HARMONIZE	7
HARMONIZER	7
HARMONY	4
HARNESS	3
HARP	3
HARPIST	7
HARPOON	6
HARPOONER	7
HARPSICHORD	7
HARPY	6
HARROWING	9
HARRUMPH	5
HARSH	5
HARSHNESS	4
HART	5
HARVEST	2
HARVESTER	5
HASH	8
HASHISH	10
HASP	8
HASSLE	4
HASSOCK	8
HASTE	4
HASTEN	7
HASTINESS	7
HASTY	5
HAT	0
HATBAND	5
HATBOX	5
HATCH	2
HATCHBACK	7
HATCHECK	9
HATCHERY	7
HATCHET	3
HATCHLING	3
HATCHWAY	7
HATE	1
HATEFUL	1
HATEFULNESS	4
HATER	6
HATFUL	4
HATLESS	3
HATPIN	6
HATRED	4
HATTER	4
HAUBERK	10
HAUGHTY	8
HAUL	3
HAULAGE	6
HAULER	5
HAUNCH	8
HAUNT	3
HAUSFRAU	12
HAVE	0
HAVEN	4
HAVERSACK	8
HAVOC	6
HAW	7
HAWK	2
HAWSER	11
HAWTHORN	5
HAY	0
HAYFIELD	4
HAYLOFT	3
HAYMAKER	6
HAYRIDE	2
HAYSEED	7
HAYSTACK	1
HAYWIRE	6
HAZARD	3
HAZARDOUS	3
HAZE	7
HAZEL	2
HAZELNUT	4
HAZMAT	8
HAZY	4
HEAD	0
HEADACHE	2
HEADACHY	4
HEADBAND	1
HEADBOARD	5
HEADCHEESE	9
HEADCOUNT	3
HEADDRESS	4
HEADER	6
HEADGEAR	6
HEADHUNTER	7
HEADLAND	5
HEADLESS	4
HEADLIGHT	2
HEADLINE	3
HEADLINER	6
HEADLOCK	5
HEADMAN	6
HEADMASTER	5
HEADMASTERSHIP	7
HEADMISTRESS	6
HEADPHONE	5
HEADPHONES	3
HEADPIECE	5
HEADPIN	5
HEADQUARTER	4
HEADQUARTERS	4
HEADREST	3
HEADROOM	5
HEADS	1
HEADSAIL	8
HEADSET	4
HEADSHRINKER	7
HEADSMAN	6
HEADSTALL	10
HEADSTAND	2
HEADSTOCK	6
HEADSTONE	4
HEADSTRONG	6
HEADWAITER	7
HEADWATER	9
HEADWATERS	8
HEADWAY	6
HEADWEAR	3
HEADWIND	8
HEADWORK	8
HEADY	7
HEAL	2
HEALER	5
HEALING	3
HEALTH	3
HEALTHCARE	8
HEALTHFUL	5
HEALTHY	3
HEAP	3
HEAR	0
HEARER	5
HEARING	1
HEARKEN	8
HEARSAY	8
HEARSE	5
HEART	0
HEARTACHE	5
HEARTBEAT	2
HEARTBREAK	5
HEARTBREAKER	4
HEARTBREAKING	4
HEARTBROKEN	4
HEARTBURN	5
HEARTED	5
HEARTEDNESS	6
HEARTENING	6
HEARTFELT	5
HEARTH	5
HEARTLAND	5
HEARTLESS	5
HEARTLESSNESS	7
HEARTRENDING	8
HEARTSICK	6
HEARTSTRING	6
HEARTTHROB	5
HEARTWARMING	4
HEARTWORM	6
HEARTY	5
HEAT	0
HEATER	1
HEATH	5
HEATHEN	5
HEATHENISM	10
HEATHER	5
HEATING	3
HEATSTROKE	5
HEAVE	4
HEAVEN	0
HEAVENLY	1
HEAVER	6
HEAVINESS	1
HEAVY	0
HEAVYSET	3
HEAVYWEIGHT	4
HECK	2
HECKLE	7
HECKLER	7
HECTARE	9
HECTIC	5
HEDGE	4
HEDGEHOG	4
HEDGER	8
HEDGEROW	5
HEDONISM	11
HEDONIST	11
HEDONISTIC	11
HEED	6
HEEDFUL	8
HEEDLESS	9
HEEL	3
HEELER	6
HEFT	8
HEFTY	6
HEGEMONIC	11
HEGEMONY	11
HEIFER	5
HEIGHT	0
HEIGHTEN	6
HEIGHTENED	5
HEINOUS	6
HEINOUSNESS	8
HEIR	5
HEIRESS	8
HEIRLOOM	5
HEIST	6
HELICAL	7
HELICOPTER	0
HELIOTROPE	10
HELIPAD	6
HELIPORT	7
HELIUM	5
HELIX	7
HELL	0
HELLEBORE	10
HELLFIRE	6
HELLGRAMMITE	10
HELLHOLE	7
HELLHOUND	7
HELLION	8
HELLISH	5
HELLO	0
HELM	6
HELMET	1
HELMSMAN	7
HELOT	12
HELP	0
HELPER	0
HELPFUL	0
HELPFULNESS	2
HELPLESS	3
HELPLESSNESS	5
HELPLINE	6
HELPMATE	9
HEM	3
HEMATITE	9
HEMATOLOGICAL	12
HEMATOLOGIST	10
HEMATOLOGY	11
HEMATOMA	10
HEMISPHERE	5
HEMISTICH	8
HEMLINE	5
HEMLOCK	7
HEMODYNAMIC	9
HEMOGLOBIN	8
HEMOLYSIS	12
HEMOPHILIA	8
HEMORRHAGE	8
HEMORRHAGIC	11
HEMORRHOID	9
HEMOSTAT	10
HEMP	8
HEMSTITCH	8
HEN	1
HENCE	6
HENCHMAN	5
HENCOOP	4
HENHOUSE	3
HENNA	8
HENNAED	10
HENPECK	6
HEP	8
HEPARIN	12
HEPATIC	11
HEPATITIS	9
HEPCAT	11
HER	0
HERALD	5
HERALDRY	9
HERB	4
HERBACEOUS	10
HERBAGE	9
HERBAL	6
HERBALIST	11
HERBARIUM	11
HERBICIDAL	8
HERBIVORE	7
HERBIVOROUS	6
HERBLESS	7
HERBS	4
HERCULEAN	8
HERD	3
HERDSMAN	5
HERE	0
HEREDITARY	6
HEREDITY	6
HERESY	8
HERETIC	10
HERETICAL	9
HEREUPON	7
HERITAGE	5
HERM	8
HERMAPHRODITE	10
HERMAPHRODITIC	10
HERMENEUTICAL	12
HERMETIC	10
HERMIT	3
HERMITAGE	8
HERNIA	7
HERNIATED	10
HERNIATION	11
HERO	1
HEROIC	3
HEROIN	6
HEROINE	6
HEROISM	5
HERON	5
HERPES	6
HERPETOLOGICAL	9
HERPETOLOGIST	12
HERPETOLOGY	10
HERRING	5
HERRINGBONE	8
HERS	0
HERSELF	2
HERTZ	8
HESITANCE	7
HESITANCY	7
HESITANT	6
HESITATE	3
HESITATION	5
HESSIAN	8
HET	7
HETERO	8
HETERODOXY	11
HETEROGENEOUS	9
HETEROSEXUAL	7
HETEROSEXUALITY	9
HEW	8
HEWN	8
HEX	7
HEXAGON	3
HEXAGONAL	5
HEYDAY	6
HIATUS	10
HIBACHI	9
HIBERNATE	3
HIBERNATION	3
HIBISCUS	9
HICCOUGH	5
HICCUP	0
HICK	4
HICKEY	7
HICKORY	4
HIDALGO	9
HIDE	0
HIDEAWAY	3
HIDEBOUND	6
HIDEOUS	5
HIDEOUSNESS	6
HIDEOUT	2
HIE	6
HIERARCH	9
HIERARCHICAL	7
HIERARCHY	6
HIERATIC	12
HIEROGLYPH	5
HIEROGLYPHIC	7
HIEROGLYPHICS	6
HIEROPHANT	12
HIGH	0
HIGHBALL	5
HIGHBORN	9
HIGHBOY	9
HIGHBROW	9
HIGHCHAIR	0
HIGHFALUTIN	7
HIGHFLIER	6
HIGHHANDED	9
HIGHLAND	6
HIGHLANDER	6
HIGHLIFE	8
HIGHLIGHT	3
HIGHLIGHTER	3
HIGHNESS	2
HIGHROAD	7
HIGHSCHOOL	1
HIGHTAIL	6
HIGHWAY	2
HIGHWAYMAN	7
HIJACK	6
HIJACKER	7
HIKE	4
HIKER	4
HILARIOUS	4
HILARITY	8
HILL	0
HILLSIDE	1
HILLTOP	3
HILLY	1
HILT	9
HIM	0
HIMSELF	0
HIND	4
HINDER	6
HINDMOST	6
HINDRANCE	8
HINDSIGHT	7
HINGE	3
HINT	1
HINTERLAND	10
HIP	1
HIPBONE	3
HIPNESS	7
HIPPED	7
HIPPIE	6
HIPPO	1
HIPPOCAMPUS	11
HIPPOPOTAMUS	2
HIPSTER	9
HIRE	4
HIRELING	8
HIRSUTE	12
HIS	0
HISS	1
HISSER	5
HISSY	4
HISTAMINE	11
HISTOLOGICAL	8
HISTOLOGY	10
HISTORIAN	7
HISTORIC	3
HISTORICAL	5
HISTORIOGRAPHY	11
HISTORY	1
HISTRIONIC	10
HISTRIONICS	10
HIT	0
HITCH	4
HITCHER	6
HITCHHIKE	5
HITCHHIKER	3
HITHER	8
HITTER	2
HIVE	2
HOARD	6
HOARSE	3
HOARSENESS	5
HOARY	10
HOAX	6
HOAXER	7
HOB	9
HOBBIT	7
HOBBLE	4
HOBBY	2
HOBBYHORSE	3
HOBBYIST	5
HOBGOBLIN	5
HOBNOB	9
HOBO	3
HOCK	7
HOCKEY	0
HOCKSHOP	9
HOD	11
HODGEPODGE	8
HOE	4
HOEDOWN	5
HOG	1
HOGFISH	7
HOGGISH	8
HOGSHEAD	5
HOGTIE	5
HOGWASH	4
HOIST	6
HOISTER	8
HOKEY	4
HOKUM	10
HOLD	0
HOLDER	2
HOLDOUT	5
HOLDOVER	7
HOLDUP	3
HOLE	0
HOLEY	4
HOLIDAY	0
HOLIDAYS	0
HOLINESS	3
HOLISTIC	10
HOLLANDAISE	8
HOLLER	3
HOLLO	10
HOLLOW	2
HOLLOWNESS	4
HOLLY	2
HOLLYHOCK	7
HOLMIUM	10
HOLOGRAM	6
HOLOGRAPH	7
HOLOGRAPHIC	7
HOLSTER	5
HOLY	1
HOMAGE	9
HOMBRE	7
HOMBRES	8
HOMBURG	8
HOME	0
HOMEBODY	6
HOMEBOUND	6
HOMEBOY	8
HOMEBREW	7
HOMEBUILDING	4
HOMECOMING	7
HOMEGROWN	5
HOMELAND	4
HOMELESS	2
HOMELESSNESS	4
HOMELIKE	4
HOMELY	6
HOMEMADE	2
HOMEMAKER	4
HOMEMAKING	6
HOMEOSTASIS	12
HOMEOWNER	4
HOMEPAGE	9
HOMEROOM	3
HOMESICK	4
HOMESICKNESS	4
HOMESPUN	9
HOMESTEAD	8
HOMESTEADER	6
HOMESTRETCH	5
HOMETOWN	2
HOMEWARD	2
HOMEWORK	1
HOMEY	7
HOMICIDAL	8
HOMICIDE	8
HOMING	7
HOMINID	10
HOMINOID	7
HOMINY	7
HOMO	7
HOMOEROTIC	11
HOMOGENEOUS	10
HOMOGENOUS	8
HOMOLOGOUS	9
HOMONYM	5
HOMOPHOBIA	11
HOMOPHOBIC	10
HOMOPHONIC	8
HOMOSEXUAL	7
HOMOSEXUALITY	8
HOMUNCULUS	8
HONCHO	7
HONE	8
HONEST	0
HONESTY	0
HONEY	0
HONEYBEE	1
HONEYBUNCH	5
HONEYCOMB	2
HONEYDEW	3
HONEYMOON	4
HONEYSUCKLE	3
HONK	0
HONKER	5
HONKY	5
HONOR	3
HONORABLE	4
HONORARIUM	10
HONORARY	5
HONOREE	7
HONORIFIC	9
HOOCH	8
HOOD	1
HOODED	3
HOODLUM	5
HOODLUMISM	8
HOODOO	7
HOODWINK	8
HOOEY	5
HOOF	2
HOOFER	7
HOOK	1
HOOKAH	10
HOOKER	7
HOOKUP	9
HOOKWORM	6
HOOKY	6
HOOLIGAN	7
HOOP	1
HOOPLA	7
HOOPOE	12
HOOPSKIRT	6
HOORAY	1
HOOSEGOW	9
HOOT	3
HOOTENANNY	8
HOOTER	8
HOOVER	4
HOP	0
HOPE	0
HOPEFUL	2
HOPEFULNESS	5
HOPELESS	3
HOPELESSNESS	5
HOPER	6
HOPHEAD	9
HOPSCOTCH	1
HORDE	6
HOREHOUND	7
HORIZON	3
HORIZONTAL	3
HORMONAL	7
HORMONE	7
HORN	0
HORNBOOK	9
HORNED	4
HORNET	2
HORNINESS	8
HORNLESS	4
HORNPIPE	8
HORNY	8
HOROLOGIST	10
HOROLOGY	12
HOROSCOPE	5
HORRENDOUS	5
HORRIBLE	1
HORRIBLENESS	3
HORRID	4
HORRIFIC	5
HORRIFY	3
HORRIFYING	3
HORROR	3
HORSE	0
HORSEBACK	2
HORSEFLESH	7
HORSEHAIR	1
HORSEHIDE	6
HORSELAUGH	6
HORSELESS	5
HORSEMAN	4
HORSEMANSHIP	8
HORSEPLAY	1
HORSEPLAYER	6
HORSEPOWER	4
HORSERADISH	5
HORSESHIT	5
HORSESHOE	1
HORSEWHIP	5
HORSEWOMAN	5
HORSEY	1
HORTICULTURAL	7
HORTICULTURALIST	10
HORTICULTURE	9
HORTICULTURIST	10
HOSE	0
HOSIERY	6
HOSPICE	9
HOSPITABLE	8
HOSPITABLENESS	8
HOSPITAL	1
HOSPITALITY	4
HOSPITALIZATION	5
HOSPITALIZE	3
HOST	3
HOSTAGE	5
HOSTEL	11
HOSTELRY	8
HOSTESS	3
HOSTILE	5
HOSTILITY	6
HOSTLER	9
HOT	0
HOTBED	6
HOTBOX	7
HOTCAKE	2
HOTCHPOTCH	9
HOTDOG	0
HOTEL	1
HOTELIER	9
HOTELKEEPER	6
HOTHEAD	7
HOTLINE	6
HOTNESS	4
HOTPLATE	7
HOTPOT	4
HOTSHOT	5
HOTSPOT	8
HOUND	1
HOUR	1
HOURGLASS	4
HOURLY	4
HOUSE	0
HOUSEBOAT	6
HOUSEBOUND	6
HOUSEBOY	7
HOUSEBREAK	5
HOUSEBROKEN	4
HOUSECLEANER	3
HOUSECOAT	4
HOUSEDRESS	4
HOUSEFUL	4
HOUSEGUEST	2
HOUSEHOLD	3
HOUSEHUSBAND	8
HOUSEKEEPER	3
HOUSEKEEPING	3
HOUSEL	10
HOUSELESS	5
HOUSEMAID	4
HOUSEMASTER	7
HOUSEMATE	4
HOUSEMOTHER	5
HOUSEPLANT	2
HOUSESIT	4
HOUSETOP	2
HOUSETOPS	3
HOUSEWARMING	7
HOUSEWIFE	3
HOUSEWIFERY	9
HOUSEWORK	2
HOUSING	4
HOVEL	7
HOVER	4
HOVERCRAFT	4
HOW	0
HOWDAH	12
HOWEVER	2
HOWITZER	10
HOWL	1
HOWLER	5
HOWSOEVER	7
HOYDEN	12
HUARACHE	12
HUB	5
HUBBUB	7
HUBBY	5
HUBCAP	3
HUBRIS	9
HUCKLEBERRY	5
HUCKSTER	8
HUDDLE	4
HUE	5
HUFF	4
HUFFY	3
HUG	0
HUGE	0
HUGENESS	4
HUGGABLE	2
HUGGER	3
HULA	3
HULK	4
HULKING	6
HULL	5
HULLABALOO	5
HUM	1
HUMAN	0
HUMANE	4
HUMANENESS	8
HUMANISM	9
HUMANIST	10
HUMANISTIC	11
HUMANITARIAN	8
HUMANITARIANISM	9
HUMANITIES	7
HUMANITY	4
HUMANIZATION	9
HUMANIZE	7
HUMANIZING	9
HUMANKIND	3
HUMANNESS	5
HUMANOID	8
HUMBLE	4
HUMBLENESS	4
HUMBLING	5
HUMBUG	3
HUMDINGER	7
HUMDRUM	8
HUMERUS	8
HUMID	4
HUMIDIFICATION	7
HUMIDIFIER	4
HUMIDITY	5
HUMIDOR	7
HUMILIATE	4
HUMILIATING	5
HUMILIATION	3
HUMILITY	5
HUMMABLE	6
HUMMER	7
HUMMINGBIRD	2
HUMMUS	10
HUMONGOUS	4
HUMOR	2
HUMORESQUE	10
HUMORIST	9
HUMORLESS	6
HUMOROUS	4
HUMP	1
HUMPBACK	3
HUMPBACKED	3
HUMPH	3
HUMPY	5
HUMUNGOUS	3
HUNCH	4
HUNCHBACK	4
HUNDRED	0
HUNDREDWEIGHT	8
HUNGER	1
HUNGRY	0
HUNK	3
HUNKER	6
HUNKY	5
HUNT	1
HUNTER	2
HUNTING	2
HUNTRESS	7
HUNTSMAN	6
HURDLE	4
HURDLER	4
HURL	3
HURRAH	4
HURRAY	0
HURRICANE	2
HURRY	0
HURT	0
HURTFUL	3
HURTLE	6
HUSBAND	1
HUSBANDRY	8
HUSH	0
HUSHED	2
HUSK	4
HUSKY	5
HUSSAR	10
HUSSY	7
HUSTINGS	10
HUSTLE	5
HUSTLER	8
HUT	3
HUTCH	6
HUZZA	7
HYACINTH	10
HYALINE	9
HYBRID	9
HYBRIDIZATION	10
HYDRANGEA	8
HYDRANT	2
HYDRATE	5
HYDRATION	8
HYDRAULIC	8
HYDRAULICS	9
HYDRAZINE	11
HYDRO	6
HYDROCARBON	10
HYDROCEPHALIC	12
HYDROCEPHALUS	11
HYDROCHLORIC	9
HYDROCHLORIDE	9
HYDROCHLOROTHIAZIDE	12
HYDROCORTISONE	9
HYDROCYANIC	12
HYDRODYNAMIC	10
HYDRODYNAMICS	11
HYDROELECTRIC	10
HYDROFLUORIC	9
HYDROFOIL	10
HYDROGEN	6
HYDROGENATED	10
HYDROGENATION	10
HYDROGRAPHIC	6
HYDROLOGY	10
HYDROLYTIC	11
HYDROMETEOR	11
HYDROMETER	10
HYDROPHOBIA	9
HYDROPHONE	10
HYDROPLANE	8
HYDROPONIC	10
HYDROPONICS	12
HYDROSULFIDE	10
HYDROTHERAPY	9
HYDROTHERMAL	9
HYDROUS	8
HYDROXIDE	7
HYDROZOA	8
HYENA	2
HYGIENE	4
HYGIENIC	6
HYGIENIST	5
HYMEN	9
HYMENOPTERA	10
HYMN	3
HYMNAL	3
HYMNODY	12
HYOID	6
HYPE	6
HYPER	3
HYPERACIDITY	9
HYPERACTIVE	7
HYPERACTIVITY	6
HYPERBARIC	11
HYPERBOLE	8
HYPERBOLIC	10
HYPERBOREAN	10
HYPERCHOLESTEROLEMIA	12
HYPERCRITICAL	9
HYPEREMIA	10
HYPEREMIC	9
HYPERGLYCEMIC	12
HYPERINFLATION	12
HYPERKINETIC	9
HYPERPARATHYROIDISM	12
HYPERPLASIA	12
HYPERSENSITIVE	9
HYPERSENSITIVITY	9
HYPERSEXUAL	12
HYPERSONIC	9
HYPERSPACE	10
HYPERTENSION	11
HYPERTENSIVE	12
HYPERTHERMIA	6
HYPERTHYROID	12
HYPERTONIC	10
HYPERTROPHIC	11
HYPERTROPHIED	12
HYPERTROPHY	10
HYPERVELOCITY	10
HYPERVENTILATE	7
HYPERVENTILATION	6
HYPHEN	4
HYPHENATE	6
HYPHENATED	5
HYPHENATION	5
HYPNOSIS	4
HYPNOTHERAPIST	8
HYPNOTHERAPY	8
HYPNOTIC	7
HYPNOTISM	5
HYPNOTIST	5
HYPNOTIZE	5
HYPO	6
HYPOALLERGENIC	8
HYPOCHLORITE	9
HYPOCHONDRIA	8
HYPOCHONDRIAC	7
HYPOCRISY	9
HYPOCRITE	7
HYPOCRITICAL	6
HYPODERMIC	8
HYPODERMIS	10
HYPOGLYCEMIA	11
HYPOGLYCEMIC	11
HYPOMANIA	11
HYPOSULFITE	11
HYPOTENSION	9
HYPOTENUSE	7
HYPOTHALAMIC	9
HYPOTHALAMUS	8
HYPOTHERMIA	8
HYPOTHERMIC	8
HYPOTHESIS	7
HYPOTHESIZE	7
HYPOTHETICAL	8
HYPOTHYROIDISM	10
HYPOXIA	12
HYPOXIC	12
HYRAX	9
HYSSOP	11
HYSTERECTOMY	9
HYSTERIA	7
HYSTERIC	6
HYSTERICAL	6
IAMB	9
IAMBIC	10
IATROGENIC	11
IBEX	7
IBIS	9
IBUPROFEN	6
ICE	0
ICEBERG	3
ICEBOAT	8
ICEBOUND	6
ICEBOX	2
ICEBREAKER	5
ICECAP	5
ICECREAM	0
ICED	2
ICEFALL	5
ICEHOUSE	7
ICEPACK	2
ICEPICK	4
ICESKATE	3
ICHTHYOLOGIST	11
ICHTHYOLOGY	10
ICICLE	1
ICING	1
ICKY	0
ICON	5
ICONIC	7
ICONOCLAST	11
ICONOCLASTIC	11
ICONOGRAPHIC	10
ICONOGRAPHY	8
ICONOSCOPE	12
ICY	1
IDEA	1
IDEAL	5
IDEALISM	8
IDEALIST	9
IDEALISTIC	7
IDEALIZATION	8
IDEALIZE	7
IDEATION	10
IDENTICAL	4
IDENTIFIABLE	5
IDENTIFICATION	4
IDENTIFIER	7
IDENTIFY	3
IDENTITY	4
IDEOGRAM	8
IDEOLOGICAL	9
IDEOLOGY	8
IDES	9
IDIOCY	6
IDIOM	9
IDIOMATIC	10
IDIOPATHIC	12
IDIOSYNCRASY	9
IDIOSYNCRATIC	10
IDIOT	2
IDIOTIC	4
IDLE	4
IDLENESS	7
IDOL	3
IDOLATER	5
IDOLATRY	7
IDOLIZE	6
IDYLL	7
IDYLLIC	8
IFFY	3
IGLOO	0
IGNEOUS	7
IGNITE	5
IGNITER	8
IGNITION	7
IGNOBLE	10
IGNOMINIOUS	10
IGNOMINY	8
IGNORABLE	5
IGNORAMUS	7
IGNORANCE	5
IGNORANT	5
IGNORE	2
IGNORER	5
IGUANA	3
ILEUM	11
ILIAC	8
ILK	8
ILL	1
ILLEGAL	4
ILLEGALITY	6
ILLEGIBILITY	7
ILLEGIBLE	5
ILLEGITIMACY	8
ILLEGITIMATE	5
ILLICIT	7
ILLICITNESS	8
ILLIMITABLE	9
ILLITERACY	6
ILLITERATE	7
ILLNESS	2
ILLOGIC	6
ILLOGICAL	6
ILLUME	10
ILLUMINATE	4
ILLUMINATI	11
ILLUMINATING	6
ILLUMINATION	6
ILLUSION	4
ILLUSIONARY	9
ILLUSIONIST	5
ILLUSIVE	9
ILLUSORY	8
ILLUSTRATE	3
ILLUSTRATION	3
ILLUSTRATIVE	5
ILLUSTRATOR	3
ILLUSTRIOUS	7
IMAGE	4
IMAGER	7
IMAGERY	5
IMAGINABLE	5
IMAGINAL	7
IMAGINARY	1
IMAGINATION	1
IMAGINATIVE	4
IMAGINE	1
IMAGING	5
IMAGISM	10
IMAM	11
IMBALANCE	5
IMBECILE	6
IMBECILIC	8
IMBECILITY	9
IMBIBE	10
IMBROGLIO	10
IMBUE	10
IMITABLE	7
IMITATE	4
IMITATION	4
IMITATIVE	8
IMITATOR	6
IMMACULATE	5
IMMATERIAL	7
IMMATURE	4
IMMATURITY	5
IMMEASURABLE	8
IMMEDIACY	7
IMMEDIATE	4
IMMEDIATELY	2
IMMEMORIAL	9
IMMENSE	6
IMMENSITY	7
IMMERSE	5
IMMERSION	6
IMMIGRANT	5
IMMIGRATE	5
IMMIGRATION	8
IMMINENCE	7
IMMINENT	8
IMMISCIBLE	8
IMMITIGABLE	11
IMMOBILE	5
IMMOBILITY	7
IMMOBILIZATION	8
IMMOBILIZE	8
IMMOBILIZER	7
IMMODERATE	10
IMMODEST	9
IMMODESTY	6
IMMOLATE	10
IMMOLATION	11
IMMORAL	6
IMMORALITY	6
IMMORTAL	5
IMMORTALITY	8
IMMORTALIZE	6
IMMOVABILITY	8
IMMOVABLE	4
IMMUNE	7
IMMUNITY	7
IMMUNIZATION	6
IMMUNIZE	6
IMMUNOASSAY	12
IMMUNOLOGIST	11
IMMUNOSUPPRESSANT	11
IMMUNOSUPPRESSIVE	9
IMMUNOTHERAPY	11
IMMUTABILITY	10
IMMUTABLE	10
IMP	6
IMPACT	5
IMPACTFUL	6
IMPACTION	7
IMPAIR	7
IMPAIRMENT	7
IMPALA	7
IMPALE	8
IMPALEMENT	7
IMPART	7
IMPARTIAL	6
IMPARTIALITY	8
IMPASSABLE	6
IMPASSE	10
IMPASSION	8
IMPASSIONED	8
IMPASSIVE	7
IMPASTO	10
IMPATIENCE	3
IMPATIENS	10
IMPATIENT	2
IMPEACH	7
IMPEACHABLE	7
IMPEACHMENT	7
IMPECCABLE	6
IMPECUNIOUS	11
IMPEDE	8
IMPEDER	10
IMPEDIMENT	8
IMPEDIMENTA	12
IMPEL	9
IMPELLER	8
IMPENDING	7
IMPENETRABLE	6
IMPENITENT	10
IMPERATIVE	8
IMPERATIVENESS	8
IMPERCEPTIBILITY	8
IMPERCEPTIBLE	8
IMPERFECT	5
IMPERFECTION	5
IMPERIAL	9
IMPERIALISM	8
IMPERIALIST	8
IMPERIALISTIC	8
IMPERIL	7
IMPERIOUS	8
IMPERISHABLE	8
IMPERMANENCE	9
IMPERMEABLE	8
IMPERSONAL	6
IMPERSONATE	5
IMPERSONATION	6
IMPERSONATOR	5
IMPERTINENCE	9
IMPERTINENT	9
IMPERVIOUS	8
IMPETIGO	10
IMPETUOSITY	10
IMPETUOUS	10
IMPETUOUSNESS	9
IMPETUS	9
IMPINGE	9
IMPIOUS	7
IMPISH	7
IMPLACABILITY	10
IMPLACABLE	8
IMPLANT	8
IMPLANTABLE	8
IMPLANTATION	7
IMPLAUSIBLE	9
IMPLEMENT	7
IMPLEMENTATION	8
IMPLEMENTER	8
IMPLICATE	7
IMPLICATION	7
IMPLICIT	10
IMPLODE	9
IMPLORE	7
IMPLOSION	8
IMPLOSIVE	8
IMPLY	6
IMPOLITE	2
IMPOLITENESS	4
IMPORT	5
IMPORTANCE	2
IMPORTANT	1
IMPORTATION	7
IMPORTER	6
IMPORTUNATE	11
IMPORTUNE	7
IMPORTUNITY	11
IMPOSE	7
IMPOSITION	7
IMPOSSIBILITY	5
IMPOSSIBLE	2
IMPOSTOR	5
IMPOTENCE	12
IMPOTENCY	9
IMPOTENT	10
IMPOUND	8
IMPOVERISH	8
IMPOVERISHED	8
IMPOVERISHMENT	8
IMPRACTICABLE	7
IMPRACTICAL	6
IMPRACTICALITY	8
IMPRECISE	7
IMPRECISION	9
IMPREGNABILITY	10
IMPREGNABLE	9
IMPREGNATE	8
IMPREGNATION	8
IMPRESARIO	10
IMPRESS	5
IMPRESSION	4
IMPRESSIONABLE	5
IMPRESSIONISM	9
IMPRESSIONIST	8
IMPRESSIONISTIC	8
IMPRESSIVE	4
IMPRIMATUR	10
IMPRINT	6
IMPRISON	5
IMPRISONMENT	5
IMPROBABILITY	8
IMPROBABLE	7
IMPROBITY	8
IMPROMPTU	9
IMPROPER	4
IMPROPRIETY	8
IMPROVE	2
IMPROVEMENT	3
IMPROVIDENT	11
IMPROVISATION	8
IMPROVISATIONAL	8
IMPROVISE	5
IMPROVISER	6
IMPRUDENCE	8
IMPRUDENT	8
IMPUDENCE	11
IMPUDENT	10
IMPUGN	10
IMPULSE	4
IMPULSION	9
IMPULSIVE	5
IMPULSIVENESS	9
IMPULSIVITY	8
IMPUNITY	8
IMPURE	7
IMPURITY	5
IMPUTATION	11
IMPUTE	10
INABILITY	6
INACCEPTABLE	5
INACCESSIBILITY	5
INACCESSIBLE	6
INACCURACY	6
INACCURATE	5
INACTION	6
INACTIVE	4
INACTIVITY	5
INADEQUACY	8
INADEQUATE	7
INADMISSIBLE	9
INADVERTENCE	9
INADVERTENCY	10
INADVERTENT	8
INADVISABLE	9
INALIENABILITY	9
INALIENABLE	5
INAMORATA	11
INANE	12
INANIMATE	7
INANITION	9
INANITY	10
INAPPLICABLE	7
INAPPROPRIATE	5
INAPPROPRIATENESS	5
INARGUABLE	7
INARTICULATE	9
INARTISTIC	7
INATTENTION	6
INATTENTIVE	7
INAUDIBLE	8
INAUGURAL	7
INAUGURATE	7
INAUGURATION	6
INAUSPICIOUS	11
INAUTHENTIC	7
INBOARD	5
INBORN	8
INBOUND	6
INBOX	8
INBRED	8
INBREEDING	9
INCALCULABLE	10
INCANDESCENCE	7
INCANDESCENT	10
INCANTATION	7
INCAPABILITY	7
INCAPABLE	7
INCAPACITATE	8
INCAPACITATION	10
INCAPACITY	8
INCARCERATE	7
INCARCERATION	8
INCARNADINE	12
INCARNATE	8
INCARNATION	7
INCASE	5
INCAUTIOUS	9
INCENDIARY	7
INCENSE	5
INCENTIVE	8
INCEPT	8
INCEPTION	9
INCERTITUDE	12
INCESSANT	8
INCEST	7
INCESTUOUS	8
INCH	0
INCHOATE	12
INCHWORM	2
INCIDENCE	7
INCIDENT	5
INCIDENTAL	4
INCIDENTALLY	5
INCINERATE	6
INCINERATION	7
INCINERATOR	7
INCIPIENT	9
INCISE	9
INCISED	6
INCISION	7
INCISIVE	9
INCISOR	6
INCITE	8
INCITEMENT	10
INCLEMENCY	10
INCLEMENT	8
INCLINATION	7
INCLINE	6
INCLINED	6
INCLUDE	1
INCLUSION	7
INCLUSIVE	7
INCLUSIVENESS	9
INCOGNITA	9
INCOGNIZANT	10
INCOHERENT	9
INCOME	5
INCOMING	4
INCOMMUNICABILITY	8
INCOMMUNICATIVE	7
INCOMPARABLE	8
INCOMPATIBILITY	7
INCOMPATIBLE	6
INCOMPETENCE	7
INCOMPETENCY	7
INCOMPETENT	6
INCOMPLETE	3
INCOMPLETENESS	8
INCOMPREHENSIBLE	6
INCOMPREHENSION	8
INCONCEIVABILITY	8
INCONCEIVABLE	6
INCONCLUSIVE	7
INCONGRUITY	9
INCONGRUOUS	9
INCONSEQUENCE	10
INCONSEQUENTIAL	9
INCONSEQUENTIALITY	10
INCONSIDERABLE	6
INCONSIDERATE	5
INCONSIDERATION	5
INCONSISTENCY	7
INCONSISTENT	6
INCONSOLABLE	6
INCONSPICUOUS	8
INCONSTANT	6
INCONTESTABLE	10
INCONTINENCE	9
INCONTINENT	9
INCONTROVERTIBLE	8
INCONVENIENCE	4
INCONVENIENT	5
INCONVERTIBLE	7
INCORPORATE	9
INCORPORATION	8
INCORPOREAL	10
INCORRECT	2
INCORRIGIBILITY	8
INCORRIGIBLE	8
INCORRUPT	8
INCORRUPTIBILITY	9
INCORRUPTIBLE	8
INCORRUPTION	9
INCREASE	2
INCREDIBILITY	6
INCREDIBLE	4
INCREDULITY	8
INCREDULOUS	8
INCREMENT	6
INCREMENTAL	7
INCRIMINATE	7
INCRIMINATING	7
INCUBATE	6
INCUBATION	6
INCUBATOR	5
INCUBUS	9
INCULCATION	12
INCULPABLE	11
INCULPATE	12
INCUMBENT	9
INCUNABULUM	10
INCUR	9
INCURABLE	5
INCURSION	10
INDEBTED	8
INDEBTEDNESS	7
INDECENCY	7
INDECENT	7
INDECIPHERABLE	8
INDECISION	6
INDECISIVE	7
INDECISIVENESS	5
INDECLINABLE	7
INDECOROUS	11
INDEED	3
INDEFATIGABLE	10
INDEFEASIBLE	10
INDEFENSIBLE	7
INDEFINABLE	7
INDEFINITE	6
INDELIBLE	7
INDELICACY	8
INDELICATE	7
INDEMNIFICATION	11
INDEMNIFY	11
INDEMNITY	12
INDENT	5
INDENTATION	5
INDENTION	7
INDENTURE	8
INDENTURED	8
INDEPENDENCE	4
INDEPENDENT	4
INDESCRIBABLE	7
INDESTRUCTIBILITY	8
INDESTRUCTIBLE	5
INDETERMINACY	9
INDETERMINATE	8
INDEX	3
INDEXER	7
INDICATE	5
INDICATION	7
INDICATIVE	7
INDICATOR	5
INDICIA	12
INDICT	7
INDICTABLE	8
INDICTMENT	10
INDIE	10
INDIFFERENCE	4
INDIFFERENT	5
INDIGENOUS	8
INDIGENT	9
INDIGESTIBLE	7
INDIGESTION	5
INDIGNANT	7
INDIGNATION	8
INDIGNITY	9
INDIGO	4
INDIRECT	6
INDIRECTION	9
INDISCIPLINE	8
INDISCREET	9
INDISCRETION	10
INDISCRIMINATE	9
INDISCRIMINATION	8
INDISPENSABLE	6
INDISPOSED	7
INDISPOSITION	9
INDISPUTABLE	7
INDISSOLUBLE	8
INDISTINCT	8
INDISTINGUISHABLE	7
INDIVIDUAL	3
INDIVIDUALISM	8
INDIVIDUALIST	7
INDIVIDUALISTIC	7
INDIVIDUALITY	5
INDIVIDUALIZE	6
INDIVISIBLE	4
INDOCTRINATE	10
INDOCTRINATION	11
INDOLENCE	8
INDOLENT	6
INDOMITABLE	9
INDOOR	0
INDOORS	0
INDUBITABLE	10
INDUCE	7
INDUCEMENT	9
INDUCER	7
INDUCT	7
INDUCTEE	7
INDUCTION	8
INDUCTIVE	10
INDUCTOR	7
INDULGE	6
INDULGENCE	6
INDULGENT	7
INDUSTRIAL	5
INDUSTRIALIST	8
INDUSTRIALIZATION	6
INDUSTRIOUS	7
INDUSTRIOUSNESS	8
INDUSTRY	5
INEBRIATE	8
INEBRIATED	10
INEBRIATION	9
INEBRIETY	10
INEDIBLE	6
INEFFABLE	7
INEFFACEABLE	10
INEFFECTIVE	6
INEFFECTIVENESS	6
INEFFECTUAL	10
INEFFICIENCY	7
INEFFICIENT	6
INELEGANT	7
INELIGIBLE	7
INELUCTABLE	12
INEPT	9
INEPTITUDE	9
INEPTNESS	9
INEQUALITY	5
INEQUITABLE	10
INEQUITY	10
INERT	8
INERTIA	8
INERTIAL	11
INERTNESS	9
INESCAPABLE	5
INESSENTIAL	7
INESTIMABLE	9
INEVITABILITY	7
INEVITABLE	7
INEXACT	7
INEXACTITUDE	10
INEXCUSABLE	3
INEXHAUSTIBLE	7
INEXISTENCE	8
INEXORABLE	9
INEXPENSIVE	3
INEXPENSIVENESS	5
INEXPERIENCE	6
INEXPERIENCED	6
INEXPERT	7
INEXPIABLE	10
INEXPLICABLE	8
INEXPRESSIBLE	8
INEXPRESSIVE	6
INFALLIBILITY	8
INFALLIBLE	7
INFAMOUS	6
INFAMY	6
INFANCY	4
INFANT	1
INFANTICIDE	11
INFANTILE	8
INFANTILISM	10
INFANTILIZE	10
INFANTRY	7
INFANTRYMAN	5
INFARCT	10
INFARCTION	8
INFATUATE	6
INFATUATED	8
INFATUATION	8
INFECT	4
INFECTION	3
INFECTIOUS	6
INFECTOR	8
INFELICITOUS	11
INFER	8
INFERENCE	8
INFERIOR	6
INFERIORITY	7
INFERNAL	7
INFERNO	6
INFERTILE	9
INFERTILITY	8
INFEST	5
INFESTATION	7
INFIDEL	7
INFIDELITY	9
INFIELD	3
INFIELDER	4
INFIGHTING	8
INFILTRATE	7
INFILTRATION	8
INFILTRATOR	7
INFINITE	5
INFINITESIMAL	9
INFINITIVE	8
INFINITY	4
INFIRM	8
INFIRMARY	8
INFIRMITY	8
INFLAME	7
INFLAMMABLE	5
INFLAMMATION	6
INFLAMMATORY	8
INFLATABLE	4
INFLATE	3
INFLATED	5
INFLATION	7
INFLATIONARY	11
INFLECT	6
INFLECTION	5
INFLEXIBILITY	6
INFLEXIBLE	7
INFLICT	6
INFLICTION	7
INFLICTOR	7
INFLOW	7
INFLUENCE	5
INFLUENTIAL	6
INFLUENZA	5
INFLUX	10
INFO	4
INFOMERCIAL	5
INFORM	4
INFORMAL	5
INFORMALITY	7
INFORMANT	7
INFORMATION	2
INFORMATIONAL	4
INFORMATIVE	5
INFORMER	7
INFOTAINMENT	12
INFRACTION	9
INFRARED	8
INFRASTRUCTURE	8
INFREQUENT	4
INFRINGE	10
INFRINGEMENT	8
INFURIATE	6
INFURIATING	6
INFUSE	9
INFUSER	10
INFUSION	7
INGATHERING	8
INGENIOUS	5
INGENUITY	7
INGENUOUS	8
INGEST	7
INGESTION	9
INGLE	9
INGLENOOK	11
INGLORIOUS	10
INGOT	8
INGRAIN	6
INGRATE	7
INGRATIATE	9
INGRATIATING	8
INGRATITUDE	7
INGREDIENT	3
INGREDIENTS	2
INGRESS	7
INGROWN	5
INGUINAL	9
INGURGITATE	12
INHABIT	7
INHABITABLE	6
INHABITANT	5
INHALATION	7
INHALATOR	9
INHALE	2
INHALER	5
INHARMONIOUS	8
INHERE	10
INHERENT	7
INHERIT	4
INHERITABILITY	9
INHERITABLE	7
INHERITANCE	7
INHERITOR	6
INHIBIT	6
INHIBITION	8
INHIBITOR	8
INHOSPITABLE	6
INHUMAN	6
INHUMANE	6
INHUMANITY	8
INHUMANLY	6
INIMICAL	7
INIMITABLE	9
INIQUITOUS	8
INIQUITY	8
INITIAL	3
INITIALIZE	7
INITIALLY	5
INITIATE	5
INITIATION	5
INITIATIVE	5
INJECT	5
INJECTION	6
INJECTOR	7
INJUDICIOUS	10
INJUNCTION	8
INJUNCTIVE	10
INJURE	3
INJURIOUS	9
INJURY	3
INJUSTICE	6
INK	0
INKBLOT	4
INKER	9
INKLESS	7
INKLING	8
INKPAD	3
INKSTAND	6
INKWELL	7
INKY	4
INLAID	9
INLAY	8
INLET	5
INMATE	4
INMOST	8
INN	3
INNARDS	5
INNATE	9
INNER	3
INNERMOST	7
INNERSPRING	9
INNING	2
INNKEEPER	3
INNOCENCE	4
INNOCENT	1
INNOCUOUS	9
INNOVATE	6
INNOVATING	8
INNOVATION	8
INNOVATIVE	6
INNOVATOR	5
INNUENDO	9
INNUMERABLE	7
INOCULATE	8
INOCULATION	8
INOFFENSIVE	7
INOPERABLE	8
INOPERATIVE	7
INOPPORTUNE	8
INORDINATE	10
INORGANIC	8
INPATIENT	4
INPUT	6
INQUEST	8
INQUIRE	5
INQUIRER	6
INQUIRY	6
INQUISITION	8
INQUISITIVE	7
INQUISITIVENESS	7
INQUISITOR	8
INSALUBRIOUS	11
INSANE	3
INSANITARY	6
INSANITY	2
INSATIABLE	8
INSCRIBE	5
INSCRIPTION	7
INSCRUTABLE	8
INSEAM	6
INSECT	0
INSECTICIDE	6
INSECTIVORE	9
INSECTIVOROUS	9
INSECURE	7
INSECURITY	5
INSEMINATE	10
INSEMINATION	9
INSENSATE	10
INSENSIBLE	9
INSENSITIVE	5
INSENSITIVITY	6
INSENTIENT	10
INSEPARABLE	6
INSERT	3
INSERTION	5
INSET	7
INSIDE	0
INSIDER	7
INSIDIOUS	9
INSIGHT	6
INSIGHTFUL	4
INSIGNIA	7
INSIGNIFICANCE	6
INSIGNIFICANT	7
INSINCERE	6
INSINCERITY	7
INSINUATE	8
INSINUATION	8
INSIPID	12
INSIST	3
INSISTENCE	6
INSISTENT	5
INSOLATE	5
INSOLE	7
INSOLENCE	9
INSOLENT	8
INSOLUBILITY	9
INSOLUBLE	8
INSOLVENCY	10
INSOLVENT	9
INSOMNIA	8
INSOMNIAC	7
INSOMUCH	8
INSOUCIANCE	11
INSOUCIANT	9
INSPECT	3
INSPECTION	3
INSPECTOR	4
INSPIRATION	6
INSPIRATIONAL	5
INSPIRE	3
INSPIRER	6
INSPIRIT	9
INSTABILITY	8
INSTABLE	7
INSTALL	5
INSTALLATION	5
INSTANCE	5
INSTANT	2
INSTANTANEOUS	7
INSTANTLY	3
INSTATE	7
INSTEAD	2
INSTEP	7
INSTIGATE	7
INSTIGATION	7
INSTIGATOR	8
INSTINCT	6
INSTINCTIVE	7
INSTINCTUAL	7
INSTITUTE	5
INSTITUTION	5
INSTITUTIONAL	6
INSTITUTIONALIZATION	8
INSTRUCT	4
INSTRUCTION	2
INSTRUCTIONAL	6
INSTRUCTIVE	6
INSTRUCTOR	3
INSTRUMENT	2
INSTRUMENTAL	4
INSTRUMENTATION	8
INSUBORDINATE	8
INSUBORDINATION	7
INSUBSTANTIAL	8
INSUFFERABLE	7
INSUFFICIENCY	8
INSUFFICIENT	5
INSULAR	11
INSULATE	6
INSULATION	5
INSULATOR	6
INSULIN	6
INSULT	4
INSULTER	6
INSULTING	4
INSUPERABLE	8
INSUPPORTABLE	7
INSURABLE	9
INSURANCE	6
INSURE	6
INSURGENCE	10
INSURGENCY	10
INSURGENT	9
INSURMOUNTABLE	8
INSURRECTION	8
INSURRECTIONAL	10
INTACT	5
INTAGLIO	12
INTAKE	8
INTANGIBILITY	8
INTANGIBLE	7
INTEGER	5
INTEGRAL	9
INTEGRATE	6
INTEGRATION	6
INTEGRATIONIST	12
INTEGRATOR	8
INTEGRITY	6
INTEGUMENT	12
INTELLECT	6
INTELLECTUAL	6
INTELLECTUALISM	10
INTELLECTUALITY	7
INTELLECTUALIZATION	11
INTELLECTUALIZE	9
INTELLIGENCE	4
INTELLIGENT	3
INTELLIGENTSIA	11
INTELLIGIBLE	6
INTEMPERANCE	11
INTEMPERATE	11
INTEND	4
INTENDANT	9
INTENSE	5
INTENSIFIER	9
INTENSIFY	8
INTENSITY	6
INTENSIVE	8
INTENT	4
INTENTION	4
INTENTIONAL	4
INTENTIONALITY	6
INTENTIONED	7
INTER	7
INTERACT	5
INTERACTION	4
INTERACTIVE	6
INTERAGENCY	9
INTERBANK	10
INTERCEDE	8
INTERCELLULAR	8
INTERCEPT	6
INTERCEPTION	5
INTERCEPTOR	6
INTERCESSION	7
INTERCHANGE	5
INTERCHANGEABILITY	8
INTERCHANGEABLE	5
INTERCITY	10
INTERCOLLEGIATE	10
INTERCOM	4
INTERCONNECT	6
INTERCONNECTEDNESS	8
INTERCONNECTING	8
INTERCONNECTION	8
INTERCONTINENTAL	7
INTERCOOLER	6
INTERCOURSE	7
INTERCUT	9
INTERDEPARTMENTAL	10
INTERDEPENDENT	8
INTERDICT	10
INTERDICTION	10
INTERDISCIPLINARY	10
INTEREST	2
INTERESTED	4
INTERESTING	2
INTERFACE	8
INTERFAITH	10
INTERFERE	5
INTERFERENCE	5
INTERFERON	12
INTERGALACTIC	6
INTERIM	8
INTERIOR	4
INTERJECT	7
INTERJECTION	9
INTERLACE	8
INTERLEAGUE	8
INTERLINE	9
INTERLOCK	6
INTERLOCKING	4
INTERLOCUTORY	10
INTERLOPER	9
INTERLUDE	7
INTERMARRY	8
INTERMEDIARY	9
INTERMEDIATE	4
INTERMENT	9
INTERMINABLE	11
INTERMINGLE	8
INTERMISSION	6
INTERMITTENT	8
INTERMIX	7
INTERMOUNTAIN	9
INTERN	9
INTERNAL	5
INTERNALIZE	9
INTERNATIONAL	4
INTERNATIONALIST	10
INTERNE	10
INTERNECINE	10
INTERNET	7
INTERNIST	11
INTERNMENT	8
INTERNSHIP	8
INTERNUNCIO	10
INTEROFFICE	11
INTERPENETRATE	9
INTERPERSONAL	10
INTERPLANETARY	6
INTERPLAY	6
INTERPOLATION	9
INTERPOSE	9
INTERPOSITION	7
INTERPRET	5
INTERPRETATION	5
INTERPRETATIONAL	9
INTERPRETATIVE	8
INTERPRETER	6
INTERPRETIVE	7
INTERRACIAL	7
INTERRELATE	9
INTERRELATED	8
INTERRELATIONSHIP	10
INTERROGATE	6
INTERROGATION	6
INTERROGATIVE	7
INTERROGATOR	7
INTERROGATORY	9
INTERRUPT	2
INTERRUPTER	5
INTERRUPTION	3
INTERRUPTIVE	4
INTERSCHOLASTIC	8
INTERSECT	6
INTERSECTION	5
INTERSPECIES	9
INTERSPERSE	9
INTERSTATE	5
INTERSTELLAR	7
INTERSTICE	12
INTERSTITIAL	10
INTERTWINE	6
INTERVAL	6
INTERVENE	7
INTERVENTION	8
INTERVENTIONIST	11
INTERVIEW	6
INTERVIEWEE	7
INTERVIEWER	5
INTERWEAVE	6
INTESTATE	8
INTESTINAL	6
INTESTINE	4
INTIMACY	8
INTIMATE	8
INTIMATION	8
INTIMIDATE	6
INTIMIDATING	5
INTIMIDATION	5
INTIMIDATOR	7
INTO	2
INTOLERABLE	7
INTOLERANCE	6
INTOLERANT	6
INTONATION	7
INTONE	8
INTOXICATE	6
INTOXICATING	7
INTOXICATION	6
INTRACRANIAL	10
INTRACTABLE	7
INTRADOS	12
INTRAMURAL	8
INTRAMUSCULAR	8
INTRANET	10
INTRANSIGENCE	12
INTRANSIGENT	10
INTRANSITIVE	10
INTRAOCULAR	12
INTRAPARTY	11
INTRASTATE	10
INTRAUTERINE	12
INTRAVASCULAR	9
INTRAVENOUS	10
INTREPID	6
INTREPIDITY	9
INTRICACY	7
INTRICATE	7
INTRIGUE	6
INTRIGUED	6
INTRIGUING	5
INTRINSIC	11
INTRO	4
INTRODUCE	3
INTRODUCER	4
INTRODUCTION	3
INTRODUCTORY	5
INTROSPECT	7
INTROSPECTION	9
INTROSPECTIVE	9
INTROVERT	7
INTRUDE	4
INTRUDER	6
INTRUSION	5
INTRUSIVE	8
INTUBATE	11
INTUBATION	10
INTUIT	7
INTUITION	6
INTUITIVE	8
INUNDATION	10
INURE	11
INURNMENT	8
INVADE	4
INVADER	6
INVALID	6
INVALIDATE	7
INVALIDATION	9
INVALIDISM	9
INVALUABLE	7
INVARIABLE	7
INVARIANCE	11
INVASION	4
INVASIVE	8
INVECTIVE	8
INVEIGLE	8
INVENT	3
INVENTION	3
INVENTIVE	5
INVENTIVENESS	7
INVENTOR	3
INVENTORY	7
INVERSE	10
INVERSION	8
INVERT	7
INVERTEBRATE	6
INVERTED	7
INVERTER	8
INVEST	8
INVESTIGATE	4
INVESTIGATION	5
INVESTIGATIVE	6
INVESTIGATOR	4
INVESTITURE	11
INVESTMENT	6
INVESTOR	5
INVETERATE	7
INVIGILATE	10
INVIGORATE	7
INVIGORATED	8
INVIGORATING	8
INVINCIBILITY	6
INVINCIBLE	6
INVIOLABILITY	8
INVIOLABLE	11
INVIOLATE	9
INVISIBILITY	3
INVISIBLE	2
INVITATION	1
INVITATIONAL	6
INVITE	2
INVITEE	6
INVITER	4
INVOCATION	9
INVOICE	9
INVOKE	9
INVOLUNTARY	7
INVOLVE	5
INVOLVEMENT	4
INVULNERABLE	6
INWARD	3
IODIDE	10
IODINE	6
ION	9
IONIC	9
IONIZATION	11
IONOSPHERE	10
IOTA	7
IPECAC	10
IRASCIBILITY	11
IRASCIBLE	11
IRATE	6
IRE	7
IRENIC	12
IRIDESCENT	10
IRIDIUM	9
IRIS	4
IRK	6
IRKSOME	7
IRON	2
IRONBARK	11
IRONBOUND	8
IRONCLAD	6
IRONER	4
IRONIC	7
IRONICAL	9
IRONINGBOARD	2
IRONMONGER	11
IRONSTONE	8
IRONWOOD	9
IRONWORK	6
IRONWORKS	7
IRONY	6
IRRADIATE	8
IRRADIATION	7
IRRATIONAL	6
IRRATIONALITY	7
IRRECONCILABLE	9
IRRECOVERABLE	7
IRREDEEMABLE	8
IRREDUCIBLE	7
IRREFUTABLE	10
IRREGULAR	4
IRREGULARITY	8
IRRELEVANCY	6
IRRELEVANT	6
IRRELIGIOUS	10
IRREMOVABLE	8
IRREPARABLE	7
IRREPLACEABLE	6
IRREPRESSIBLE	7
IRREPROACHABLE	7
IRRESISTIBILITY	6
IRRESISTIBLE	5
IRRESPONSIBILITY	6
IRRESPONSIBLE	5
IRRETRIEVABLE	7
IRREVERENCE	9
IRREVERENT	8
IRREVERSIBLE	6
IRREVOCABILITY	9
IRREVOCABLE	9
IRRIGATE	4
IRRIGATION	6
IRRITABILITY	7
IRRITABLE	4
IRRITANT	5
IRRITATE	4
IRRITATING	4
IRRITATION	5
ISCHEMIA	12
ISCHEMIC	11
ISINGLASS	8
ISLAND	2
ISLANDER	5
ISLE	5
ISOBAR	12
ISOLATE	6
ISOLATION	4
ISOLATIONISM	7
ISOLATIONIST	9
ISOMERIC	11
ISOMERISM	11
ISOMETRIC	8
ISOMETRICS	10
ISOPROPYL	8
ISOSCELES	7
ISOTHERMAL	9
ISOTONIC	10
ISOTOPE	9
ISOTOPIC	11
ISSUANCE	8
ISSUE	4
ISTHMIAN	11
ISTHMUS	9
ITALIC	5
ITCH	0
ITCHINESS	1
ITCHY	0
ITEM	1
ITEMIZE	8
ITEMIZED	7
ITERATE	9
ITERATION	10
ITINERANT	10
ITINERARY	7
ITSELF	1
IVORY	4
JAB	3
JABBER	5
JABBERWOCKY	9
JABOT	11
JACARANDA	9
JACINTH	7
JACK	2
JACKAL	7
JACKANAPES	8
JACKASS	5
JACKBOOT	12
JACKBOOTED	9
JACKDAW	6
JACKET	0
JACKETED	6
JACKHAMMER	3
JACKKNIFE	5
JACKLEG	9
JACKPOT	2
JACKRABBIT	2
JACQUARD	10
JADE	5
JADED	7
JAG	7
JAGGED	3
JAGUAR	3
JAI	11
JAIL	1
JAILBAIT	7
JAILBIRD	4
JAILBREAK	4
JAILER	5
JAILHOUSE	2
JALAPENO	6
JALOPY	5
JAM	2
JAMB	8
JAMBALAYA	7
JAMBOREE	4
JAMMER	7
JANGLE	3
JANITOR	2
JANITORIAL	6
JANITRESS	8
JANUARY	1
JAPAN	2
JAPE	11
JAPERY	9
JAR	0
JARGON	7
JARHEAD	7
JASMINE	5
JASPER	6
JAUNDICE	8
JAUNDICED	9
JAUNT	10
JAUNTY	6
JAVA	8
JAVELIN	4
JAW	0
JAWBONE	4
JAWBREAKER	2
JAWS	0
JAY	3
JAYBIRD	4
JAYWALK	5
JAYWALKER	4
JAZZ	4
JAZZMAN	7
JAZZY	4
JEALOUS	2
JEALOUSY	3
JEAN	1
JEANS	0
JEEP	1
JEER	7
JEERING	8
JEJUNE	12
JEJUNUM	10
JELLIED	3
JELLY	0
JELLYBEAN	1
JELLYFISH	2
JELLYLIKE	6
JELLYROLL	5
JENNET	12
JEOPARDIZE	7
JEOPARDY	4
JERK	3
JERKER	5
JERKIN	9
JERKWATER	7
JERKY	4
JEROBOAM	8
JERSEY	4
JEST	6
JESTER	5
JET	0
JETLINER	4
JETSAM	7
JETTISON	7
JETTY	8
JEWEL	1
JEWELED	3
JEWELER	5
JEWELRY	2
JIB	8
JIBBER	4
JIBE	7
JIFF	4
JIFFY	4
JIG	4
JIGGER	7
JIGGLE	2
JIGSAW	3
JIHAD	10
JILLION	4
JILT	7
JIMSONWEED	11
JINGLE	0
JINGO	10
JINGOIST	8
JINX	3
JITNEY	7
JITTER	5
JITTERBUG	3
JITTERY	4
JIVE	5
JOB	0
JOBBER	10
JOBHOLDER	7
JOBLESS	4
JOCKEY	3
JOCKSTRAP	5
JOCOSE	9
JOCULAR	9
JOCULARITY	10
JOCUND	9
JODHPUR	7
JOG	1
JOGGER	3
JOGGING	5
JOGGLE	4
JOIN	1
JOINER	6
JOINERY	7
JOINT	4
JOIST	7
JOJOBA	7
JOKE	0
JOKER	2
JOKESTER	3
JOKEY	3
JOLLIFICATION	8
JOLLINESS	4
JOLLITY	7
JOLLY	2
JOLT	4
JOLTY	6
JONQUIL	9
JOSH	4
JOSTLE	5
JOT	3
JOULE	8
JOUR	10
JOURNAL	4
JOURNALISM	5
JOURNALIST	5
JOURNALISTIC	8
JOURNEY	3
JOURNEYMAN	8
JOURNO	10
JOUST	6
JOUSTER	7
JOVIAL	6
JOVIALITY	8
JOWL	7
JOY	2
JOYFUL	2
JOYFULNESS	3
JOYLESS	4
JOYOUS	2
JOYRIDE	5
JOYSTICK	4
JUBILANT	7
JUBILATION	8
JUBILEE	6
JUDGE	4
JUDGESHIP	8
JUDGMENT	4
JUDGMENTAL	6
JUDICATURE	12
JUDICIAL	8
JUDICIARY	8
JUDICIOUS	9
JUDO	6
JUG	1
JUGGERNAUT	11
JUGGLE	1
JUGGLER	2
JUGULAR	8
JUICE	0
JUICEHEAD	10
JUICER	6
JUICY	0
JUJITSU	8
JUJU	8
JUJUBE	4
JUKE	7
JUKEBOX	2
JULEP	8
JULIENNE	11
JUMBLE	3
JUMBO	3
JUMP	0
JUMPER	2
JUMPROPE	1
JUMPSUIT	5
JUMPY	3
JUNCO	6
JUNCTION	7
JUNCTURE	7
JUNGLE	0
JUNIOR	2
JUNIPER	8
JUNK	2
JUNKET	10
JUNKIE	8
JUNKMAN	3
JUNKY	5
JUNKYARD	3
JURIDICAL	9
JURISDICTION	8
JURISDICTIONAL	9
JURISPRUDENCE	11
JURISPRUDENTIAL	12
JURIST	8
JUROR	5
JURY	6
JUS	12
JUST	2
JUSTICE	4
JUSTIFIABLE	5
JUSTIFICATION	6
JUSTIFY	5
JUSTNESS	6
JUT	6
JUTE	8
JUVENILE	7
JUXTAPOSE	11
JUXTAPOSITION	9
KABUKI	9
KALE	7
KALEIDOSCOPE	2
KAMIKAZE	8
KANGAROO	1
KANJI	9
KAPOK	10
KAPPA	11
KAPUT	6
KARAOKE	7
KARATE	3
KARMA	9
KARMIC	10
KART	3
KARTING	6
KASHA	10
KATYDID	5
KAVA	11
KAYAK	4
KAYAKER	6
KAZOO	1
KEBAB	5
KEEL	7
KEELHAUL	5
KEEN	6
KEENNESS	7
KEEP	0
KEEPER	3
KEEPSAKE	4
KEG	8
KEISTER	7
KELP	5
KELPIE	10
KENDO	12
KENNEL	5
KENO	12
KEPI	12
KERATIN	7
KERCHIEF	2
KERFUFFLE	10
KERNEL	4
KEROSENE	6
KETCHUP	0
KETTLE	3
KETTLEDRUM	7
KEWPIE	8
KEY	0
KEYBOARD	4
KEYBOARDIST	5
KEYHOLE	3
KEYLESS	6
KEYNOTE	6
KEYPAD	5
KEYSTONE	6
KEYSTROKE	6
KEYWORD	4
KHAKI	5
KHAN	9
KHEDIVE	9
KIBBLE	6
KIBBUTZ	9
KIBITZ	9
KIBITZER	11
KIBOSH	7
KICK	0
KICKABLE	2
KICKBACK	8
KICKBALL	1
KICKBOXING	5
KICKER	1
KICKOFF	4
KID	0
KIDDER	4
KIDDO	2
KIDDY	2
KIDNAP	2
KIDNAPPER	3
KIDNAPPING	3
KIDNEY	4
KIDS	0
KIDSKIN	8
KIELBASA	7
KIKE	11
KILL	1
KILLER	1
KILLJOY	8
KILN	6
KILO	7
KILOBYTE	8
KILOGRAM	6
KILOHERTZ	10
KILOMETER	4
KILOTON	8
KILOWATT	6
KILT	3
KILTER	6
KIMONO	6
KIN	3
KINA	12
KIND	0
KINDERGARTEN	0
KINDERGARTENER	0
KINDERGARTNER	0
KINDHEARTED	4
KINDLE	7
KINDLER	8
KINDLINESS	5
KINDLING	5
KINDNESS	1
KINDRED	7
KINE	9
KINESCOPE	10
KINESIOLOGY	11
KINESIS	10
KINESTHESIA	10
KINETIC	9
KINETICS	9
KINFOLK	5
KING	0
KINGDOM	1
KINGFISHER	8
KINGLY	6
KINGMAKER	7
KINGPIN	7
KINGSHIP	7
KINK	6
KINKAJOU	6
KINKINESS	9
KINKY	8
KINSHIP	5
KINSMAN	7
KINSWOMAN	8
KIOSK	6
KIP	7
KIPPER	10
KIRSCH	11
KIRTLE	5
KISMET	8
KISS	0
KISSABLE	3
KISSER	2
KISSY	1
KIT	2
KITBAG	3
KITCHEN	0
KITCHENETTE	8
KITCHENWARE	4
KITE	0
KITH	12
KITSCH	12
KITSCHY	12
KITTEN	0
KITTY	0
KIWI	3
KLATCH	10
KLAXON	11
KLEPTOMANIA	9
KLEPTOMANIAC	8
KLUDGE	12
KLUTZ	5
KLUTZINESS	5
KLUTZY	5
KLYSTRON	10
KNACK	5
KNACKERED	11
KNACKWURST	9
KNAPSACK	6
KNAVE	7
KNAVERY	9
KNAVISH	10
KNEAD	4
KNEADER	6
KNEE	0
KNEECAP	1
KNEEL	2
KNEELER	5
KNEEPAD	3
KNELL	10
KNICK	5
KNICKERBOCKERS	7
KNICKERS	5
KNICKKNACK	3
KNIFE	0
KNIGHT	1
KNIGHTHOOD	5
KNISH	10
KNIT	3
KNITTER	5
KNITTING	2
KNOB	0
KNOBBY	7
KNOCK	0
KNOCKABOUT	7
KNOCKDOWN	4
KNOCKER	3
KNOCKOFF	5
KNOCKOUT	3
KNOCKWURST	8
KNOLL	6
KNOT	1
KNOTHOLE	4
KNOTTY	3
KNOW	0
KNOWABLE	4
KNOWER	5
KNOWHOW	4
KNOWLEDGE	3
KNOWLEDGEABLE	5
KNUCKLE	1
KNUCKLEBALL	6
KNUCKLEHEAD	3
KNUCKLER	7
KNUCKLES	0
KNURLED	11
KOALA	1
KOBOLD	8
KOHLRABI	12
KOOK	5
KOOKABURRA	5
KOOKY	3
KOPECK	10
KORMA	12
KOSHER	8
KOWTOW	9
KRAKEN	8
KRAUT	4
KRILL	7
KRYPTONITE	4
KUDOS	8
KUDU	9
KUDZU	6
KUMMEL	12
KUMQUAT	7
KUNG	7
KWACHA	9
KWANZA	6
LAB	4
LABEL	1
LABELER	4
LABIA	9
LABIAL	12
LABILE	7
LABOR	3
LABORATORY	4
LABORER	8
LABORIOUS	8
LABORSAVING	9
LABURNUM	12
LABYRINTH	6
LABYRINTHINE	6
LACE	1
LACERATE	6
LACERATION	8
LACK	3
LACKADAISICAL	9
LACKEY	6
LACKLUSTER	8
LACONIC	10
LACQUER	8
LACROSSE	8
LACTATE	9
LACTATED	10
LACTATION	10
LACTIC	8
LACTOSE	8
LACUNA	11
LAD	2
LADDER	0
LADDIE	6
LADING	11
LADINO	10
LADLE	5
LADY	0
LADYBIRD	6
LADYBUG	0
LADYFISH	7
LADYLIKE	2
LADYLOVE	5
LADYSHIP	6
LAG	4
LAGER	9
LAGGARD	7
LAGNIAPPE	5
LAGOON	4
LAIR	7
LAKE	0
LAKEFRONT	3
LAKESHORE	4
LAMASERY	9
LAMB	0
LAMBAST	9
LAMBDA	10
LAMBENT	9
LAMBKIN	8
LAMBSKIN	6
LAME	4
LAMEBRAIN	7
LAMENESS	6
LAMENT	7
LAMENTABLE	10
LAMENTATION	7
LAMINA	11
LAMINATE	6
LAMINATED	6
LAMINATION	5
LAMINATOR	7
LAMP	0
LAMPLIGHT	2
LAMPLIGHTER	6
LAMPOON	8
LAMPPOST	3
LAMPSHADE	1
LANAI	9
LANCE	7
LANCER	8
LANCET	10
LAND	0
LANDFALL	6
LANDFILL	4
LANDING	2
LANDLADY	4
LANDLINE	5
LANDLOCKED	6
LANDLORD	5
LANDLUBBER	5
LANDMARK	5
LANDMASS	5
LANDMINE	6
LANDOWNER	6
LANDSCAPE	5
LANDSCAPER	7
LANDSCAPING	6
LANDSLIDE	4
LANDSLIP	8
LANDSMAN	7
LANDWARD	7
LANE	2
LANGUAGE	2
LANGUID	11
LANGUISH	9
LANGUOR	8
LANGUOROUS	9
LANK	8
LANKY	5
LANOLIN	9
LANTERN	4
LANYARD	7
LAP	0
LAPAROSCOPY	11
LAPBOARD	5
LAPDOG	5
LAPEL	7
LAPIS	8
LAPSE	7
LAPTOP	7
LAPWING	9
LARBOARD	10
LARCENIST	8
LARCENOUS	10
LARCENY	8
LARCH	9
LARD	5
LARDER	10
LARGE	1
LARGEMOUTH	6
LARGENESS	2
LARGESSE	7
LARGISH	6
LARIAT	9
LARK	7
LARKSPUR	10
LARVA	4
LARVAL	6
LARYNGEAL	10
LARYNGITIS	6
LARYNGOSCOPE	12
LARYNX	8
LASAGNA	0
LASCAR	9
LASCIVIOUS	12
LASCIVIOUSNESS	11
LASER	4
LASH	4
LASS	5
LASSITUDE	10
LASSO	4
LAST	0
LASTING	3
LATCH	3
LATCHKEY	8
LATE	0
LATECOMER	6
LATENCY	9
LATENESS	3
LATENT	10
LATER	0
LATERAL	7
LATEX	8
LATH	10
LATHE	8
LATHER	3
LATHERY	7
LATITUDE	5
LATITUDINARIAN	8
LATKE	10
LATRINE	7
LATTE	8
LATTER	6
LATTICE	6
LAUD	8
LAUDABLE	9
LAUDANUM	10
LAUGH	0
LAUGHABLE	4
LAUGHER	2
LAUGHINGSTOCK	4
LAUGHTER	0
LAUNCH	3
LAUNCHER	4
LAUNDER	5
LAUNDERER	10
LAUNDERING	7
LAUNDRESS	8
LAUNDRY	1
LAUNDRYMAN	3
LAUNDRYWOMAN	4
LAUREATE	11
LAVA	1
LAVAGE	11
LAVALIERE	10
LAVATORY	6
LAVENDER	4
LAVISH	6
LAW	3
LAWBREAKER	5
LAWBREAKING	4
LAWFUL	6
LAWGIVER	8
LAWLESS	6
LAWLESSNESS	7
LAWMAKER	5
LAWMAN	5
LAWN	0
LAWNMOWER	1
LAWSUIT	6
LAWYER	3
LAWYERLIKE	7
LAX	6
LAXATIVE	7
LAXITY	8
LAY	1
LAYAWAY	4
LAYBACK	6
LAYER	3
LAYERING	4
LAYETTE	8
LAYMAN	6
LAYOFF	8
LAYOUT	5
LAYOVER	6
LAYPEOPLE	8
LAYPERSON	9
LAYUP	5
LAZE	7
LAZINESS	2
LAZY	1
LAZYBONES	3
LEACH	4
LEAD	2
LEADED	3
LEADEN	7
LEADER	2
LEADERLESS	7
LEADERSHIP	4
LEADOFF	6
LEAF	0
LEAFAGE	8
LEAFLET	5
LEAFY	1
LEAGUE	3
LEAGUER	7
LEAK	0
LEAKAGE	5
LEAKER	3
LEAKY	1
LEAN	2
LEANING	1
LEAP	1
LEAPER	5
LEAPFROG	0
LEARN	0
LEARNABLE	3
LEARNER	1
LEARY	6
LEASE	6
LEASEHOLDER	11
LEASH	1
LEASTWAYS	9
LEATHER	2
LEATHERETTE	10
LEATHERJACKET	3
LEATHERNECK	9
LEATHERY	7
LEAVE	1
LEAVER	4
LEAVINGS	5
LEBENSRAUM	11
LECHER	6
LECHEROUS	10
LECHERY	10
LECITHIN	11
LECTERN	8
LECTION	8
LECTOR	9
LECTURE	5
LECTURER	4
LECTURESHIP	9
LEDERHOSEN	6
LEDGE	6
LEDGER	8
LEECH	3
LEEK	6
LEER	6
LEEWAY	6
LEFT	1
LEFTIST	8
LEFTOVER	2
LEFTOVERS	1
LEFTY	2
LEG	0
LEGACY	5
LEGAL	4
LEGALESE	10
LEGALIST	10
LEGALISTIC	9
LEGALITY	7
LEGALIZATION	7
LEGALIZE	7
LEGATE	10
LEGATEE	9
LEGATION	10
LEGEND	3
LEGENDARY	5
LEGERDEMAIN	11
LEGGED	2
LEGGINGS	5
LEGGY	6
LEGHORN	6
LEGIBLE	5
LEGION	6
LEGIONARY	8
LEGIONNAIRE	10
LEGISLATE	6
LEGISLATION	6
LEGISLATIVE	6
LEGISLATOR	7
LEGISLATURE	7
LEGIT	6
LEGITIMACY	8
LEGITIMATE	7
LEGITIMIZE	8
LEGLESS	3
LEGMAN	8
LEGROOM	4
LEGWARMER	6
LEGWORK	6
LEISURE	5
LEISURELY	5
LEISUREWEAR	9
LEITMOTIF	11
LEMMA	11
LEMMING	8
LEMON	0
LEMONADE	0
LEMONGRASS	5
LEMONY	5
LEMUR	7
LEND	3
LENDER	5
LENGTH	1
LENGTHEN	3
LENGTHY	4
LENIENCE	6
LENIENCY	7
LENIENT	7
LENITY	9
LENS	5
LENTIL	8
LEOPARD	2
LEPER	7
LEPIDOPTERIST	10
LEPRECHAUN	2
LEPROSY	7
LEPROUS	9
LEPTON	8
LESBIAN	8
LESBIANISM	9
LESION	8
LESSEE	10
LESSEN	4
LESSENING	5
LESSON	3
LEST	5
LET	0
LETCH	8
LETDOWN	5
LETHAL	5
LETHALITY	6
LETHARGIC	7
LETHARGY	8
LETTER	0
LETTERBOX	5
LETTERHEAD	7
LETTERING	4
LETTUCE	0
LETUP	5
LEUCOTOMY	12
LEUKEMIA	6
LEVEE	8
LEVEL	1
LEVELER	7
LEVELHEADED	7
LEVELHEADEDNESS	7
LEVER	3
LEVERAGE	7
LEVERAGED	8
LEVERET	10
LEVIATHAN	10
LEVITATE	6
LEVITATION	6
LEVITY	10
LEWD	7
LEWDNESS	7
LEXICOGRAPHY	12
LEXICON	11
LEXIS	9
LIABILITY	8
LIABLE	6
LIAISE	10
LIAISON	10
LIAR	0
LIBATION	10
LIBEL	9
LIBERAL	6
LIBERALISM	10
LIBERALIZATION	10
LIBERATE	7
LIBERATING	8
LIBERATION	8
LIBERATOR	7
LIBERTARIAN	9
LIBERTARIANISM	12
LIBERTINE	11
LIBERTY	4
LIBIDINAL	11
LIBIDINOUS	11
LIBIDO	11
LIBRARIAN	1
LIBRARY	0
LIBRATION	8
LIBRETTO	8
LICENCE	4
LICENSE	4
LICENSEE	8
LICENSING	7
LICENSURE	9
LICENTIATE	12
LICENTIOUS	12
LICENTIOUSNESS	12
LICHEN	7
LICIT	11
LICK	0
LICKER	1
LICKSPITTLE	7
LICORICE	1
LID	1
LIDLESS	5
LIDO	10
LIE	0
LIEGE	10
LIEU	7
LIEUTENANCY	9
LIEUTENANT	5
LIFE	1
LIFEBELT	7
LIFEBLOOD	8
LIFEBOAT	3
LIFEBUOY	5
LIFEGUARD	1
LIFELESS	4
LIFELESSNESS	5
LIFELIKE	4
LIFELINE	4
LIFELONG	4
LIFER	8
LIFESAVER	2
LIFESAVING	4
LIFESPAN	7
LIFESTYLE	6
LIFETIME	4
LIFEVEST	3
LIFT	0
LIFTER	6
LIFTOFF	3
LIGAMENT	6
LIGATION	9
LIGATURE	11
LIGHT	0
LIGHTBULB	1
LIGHTEN	3
LIGHTENER	4
LIGHTER	2
LIGHTHEADED	6
LIGHTHEADEDNESS	5
LIGHTHEARTED	7
LIGHTHEARTEDNESS	5
LIGHTHOUSE	1
LIGHTING	2
LIGHTNESS	4
LIGHTNING	0
LIGHTSOME	8
LIGHTSWITCH	1
LIGHTWEIGHT	3
LIGNITE	10
LIKABILITY	7
LIKABLE	2
LIKE	0
LIKEABILITY	6
LIKELIHOOD	6
LIKELY	1
LIKEN	7
LIKENESS	4
LILAC	4
LILLY	2
LILT	8
LILY	2
LIMB	2
LIMBER	5
LIMBIC	11
LIMBLESS	5
LIMBO	4
LIMBURGER	6
LIME	2
LIMEADE	4
LIMEKILN	10
LIMELIGHT	7
LIMESTONE	7
LIMEY	6
LIMIT	1
LIMITATION	4
LIMITED	2
LIMITLESS	5
LIMITLESSNESS	7
LIMO	3
LIMOUSINE	3
LIMP	2
LIMPET	9
LIMPID	10
LIMY	9
LINCHPIN	10
LINE	0
LINEAGE	7
LINEAR	6
LINEBACKER	4
LINEMAN	6
LINEN	3
LINER	2
LINESMAN	7
LINEUP	3
LING	8
LINGER	6
LINGERIE	8
LINGERING	7
LINGO	6
LINGUA	10
LINGUAL	8
LINGUINE	7
LINGUINI	9
LINGUIST	9
LINGUISTIC	10
LINGUISTICS	9
LINIMENT	7
LINING	4
LINK	5
LINKAGE	6
LINKER	7
LINKUP	7
LINNET	10
LINOLEUM	6
LINOTYPE	9
LINSEED	10
LINT	2
LINTY	3
LION	0
LIONESS	2
LIONFISH	6
LIONHEARTED	6
LIONIZATION	12
LIONIZE	9
LIP	0
LIPASE	10
LIPID	9
LIPLESS	5
LIPOSUCTION	7
LIPPY	5
LIPREADING	4
LIPSTICK	0
LIQUEFACTION	10
LIQUEFY	7
LIQUESCENCE	9
LIQUEUR	7
LIQUID	1
LIQUIDATE	9
LIQUIDATION	6
LIQUIDATOR	9
LIQUIDITY	9
LIQUIDNESS	7
LIQUOR	3
LIQUORISH	2
LIRA	8
LISP	5
LISSOME	9
LIST	1
LISTEN	0
LISTENER	1
LISTING	4
LISTLESS	7
LISTLESSNESS	8
LITANY	8
LITER	5
LITERACY	6
LITERAL	5
LITERALISTIC	9
LITERALLY	5
LITERARY	6
LITERATE	5
LITERATI	10
LITERATURE	5
LITHE	6
LITHIUM	9
LITHOGRAPH	10
LITHOGRAPHIC	10
LITHOGRAPHY	9
LITHOSPHERE	9
LITIGANT	10
LITIGATE	9
LITIGATION	8
LITIGATOR	10
LITIGIOUS	11
LITMUS	9
LITTER	3
LITTERBUG	2
LITTLE	0
LITTLENESS	1
LITURGY	7
LIVABLE	3
LIVE	1
LIVEABLE	7
LIVELIHOOD	6
LIVELONG	4
LIVELY	4
LIVEN	6
LIVER	4
LIVERISH	9
LIVERY	8
LIVESTOCK	3
LIVID	7
LIZARD	0
LLAMA	4
LOAD	3
LOADER	5
LOAF	2
LOAFER	7
LOAM	6
LOAN	5
LOANER	7
LOATH	5
LOATHE	6
LOATHING	8
LOATHSOME	8
LOATHSOMENESS	7
LOB	6
LOBAR	12
LOBBY	3
LOBBYIST	8
LOBE	5
LOBOTOMIZE	10
LOBOTOMY	9
LOBSCOUSE	9
LOBSTER	2
LOCAL	4
LOCALE	6
LOCALITY	7
LOCALIZATION	9
LOCALIZE	7
LOCALIZED	5
LOCALIZER	8
LOCALS	3
LOCATE	3
LOCATER	6
LOCATION	2
LOCATOR	4
LOCH	8
LOCK	1
LOCKBOX	4
LOCKER	3
LOCKET	3
LOCKJAW	7
LOCKNUT	7
LOCKOUT	7
LOCKSMITH	5
LOCKUP	4
LOCO	5
LOCOMOTION	4
LOCOMOTIVE	2
LOCOWEED	11
LOCUM	9
LOCUS	8
LOCUST	4
LODE	7
LODESTONE	11
LODGE	3
LODGER	5
LODGINGS	5
LOFT	6
LOFTINESS	8
LOFTY	5
LOG	2
LOGARITHM	9
LOGARITHMIC	12
LOGBOOK	7
LOGE	7
LOGGER	5
LOGGERHEADED	7
LOGIC	6
LOGICAL	5
LOGICS	7
LOGIN	7
LOGISTIC	8
LOGISTICAL	10
LOGISTICIAN	10
LOGISTICS	10
LOGJAM	5
LOGO	3
LOGON	10
LOGORRHEA	12
LOGROLLER	6
LOGROLLING	5
LOGWOOD	8
LOGY	7
LOIN	6
LOINCLOTH	5
LOITER	7
LOITERER	7
LOLL	6
LOLLAPALOOZA	10
LOLLIPOP	0
LOLLY	3
LOLLYGAG	3
LOLLYPOP	0
LONE	4
LONELINESS	4
LONELY	1
LONENESS	6
LONER	5
LONESOME	3
LONESOMENESS	5
LONG	0
LONGBOAT	6
LONGBOW	8
LONGEVITY	6
LONGHAIR	2
LONGHAIRED	2
LONGHORN	5
LONGISH	6
LONGITUDE	6
LONGITUDINAL	7
LONGNECK	6
LONGSHIP	8
LONGSHORE	7
LONGSHOREMAN	8
LONGSHOT	6
LONGSTANDING	6
LONGTIME	3
LONGUE	8
LONGWAYS	5
LOO	8
LOOK	0
LOOKALIKE	5
LOOKDOWN	5
LOOKER	3
LOOKOUT	2
LOOKS	0
LOOKUP	3
LOOM	4
LOON	4
LOONEY	4
LOONY	3
LOOP	2
LOOPHOLE	6
LOOPY	4
LOOSE	3
LOOSEN	2
LOOSENESS	4
LOOT	5
LOOTER	7
LOP	5
LOPE	6
LOPSIDED	4
LOQUACIOUS	10
LOQUACITY	10
LORD	1
LORDLY	7
LORDSHIP	5
LORE	8
LORGNETTE	11
LORN	10
LORRY	9
LOSE	1
LOSER	2
LOSS	0
LOT	1
LOTHARIO	11
LOTION	1
LOTTERY	4
LOTTO	6
LOTUS	9
LOUD	0
LOUDMOUTH	4
LOUDMOUTHED	3
LOUDNESS	2
LOUDSPEAKER	5
LOUNGE	5
LOUNGER	5
LOUPE	11
LOUR	10
LOUSE	5
LOUSY	3
LOUT	8
LOUVER	10
LOUVERED	10
LOVABLE	3
LOVE	0
LOVEBIRD	3
LOVELESS	6
LOVELINESS	3
LOVELORN	11
LOVELY	2
LOVEMAKING	7
LOVER	4
LOVESEAT	4
LOVESICK	5
LOVESICKNESS	6
LOW	0
LOWBALL	9
LOWBORN	9
LOWBROW	8
LOWDOWN	7
LOWERCASE	2
LOWERCLASSMEN	7
LOWLAND	8
LOWLANDER	8
LOWLIFE	5
LOWLY	6
LOWNESS	3
LOX	9
LOYAL	4
LOYALIST	8
LOYALTY	4
LOZENGE	4
LUAU	5
LUAUS	7
LUBBER	5
LUBE	8
LUBRICANT	6
LUBRICATE	8
LUBRICATION	8
LUBRICATOR	8
LUCENT	10
LUCID	9
LUCIDITY	9
LUCK	2
LUCKLESS	4
LUCKY	1
LUCRATIVE	10
LUCRE	8
LUDDITE	10
LUDICROUS	8
LUDICROUSNESS	9
LUFF	11
LUG	8
LUGER	9
LUGGAGE	3
LUGUBRIOUS	12
LUGUBRIOUSNESS	10
LUKEWARM	4
LULL	6
LULLABY	0
LUMBAGO	10
LUMBAR	11
LUMBER	2
LUMBERING	5
LUMBERJACK	4
LUMBERMAN	4
LUMBERYARD	3
LUMEN	12
LUMINAL	10
LUMINARY	7
LUMINESCENCE	8
LUMINESCENT	9
LUMINOSITY	6
LUMINOUS	7
LUMMOX	7
LUMP	1
LUMPECTOMY	11
LUMPY	2
LUNACY	6
LUNAR	4
LUNATIC	5
LUNCH	0
LUNCHBOX	0
LUNCHEON	5
LUNCHEONETTE	5
LUNCHROOM	0
LUNCHTIME	0
LUNG	2
LUNGE	5
LUNGFUL	8
LUNGWORT	10
LUPINE	9
LUPUS	9
LURCH	6
LURE	4
LURID	9
LURK	5
LURKER	7
LUSCIOUS	6
LUSH	6
LUST	7
LUSTER	7
LUSTFUL	7
LUSTFULNESS	10
LUSTROUS	8
LUSTRUM	9
LUSTY	9
LUTE	6
LUXURIANT	8
LUXURIATE	8
LUXURIOUS	5
LUXURIOUSNESS	8
LUXURY	4
LYCANTHROPE	9
LYCANTHROPIC	12
LYCANTHROPY	11
LYCEUM	10
LYE	8
LYMPH	10
LYMPHATIC	9
LYMPHOBLASTIC	9
LYMPHOCYTE	11
LYMPHOCYTIC	12
LYMPHOMA	11
LYNCH	7
LYNCHING	7
LYNX	6
LYOPHILIZE	10
LYRE	8
LYRIC	5
LYRICAL	6
LYRICISM	8
LYRICIST	10
LYRICS	3
LYSERGIC	9
LYSINE	12
MACABRE	10
MACADAMIA	7
MACAQUE	8
MACARONI	0
MACAW	4
MACE	7
MACERATE	9
MACERATION	12
MACH	8
MACHETE	5
MACHINATION	8
MACHINE	2
MACHINEGUN	4
MACHINERY	5
MACHINIST	7
MACHISMO	8
MACHO	5
MACKEREL	6
MACRO	8
MACROBIOTIC	12
MACROECONOMIC	10
MACRON	9
MACROSCOPIC	7
MACULA	12
MACULAR	11
MACULATE	8
MAD	0
MADAM	3
MADAME	6
MADCAP	9
MADDEN	5
MADDING	6
MADEMOISELLE	6
MADHOUSE	4
MADMAN	4
MADNESS	4
MADRIGAL	9
MADWOMAN	4
MAELSTROM	11
MAESTRO	7
MAFIA	5
MAGAZINE	1
MAGDALEN	5
MAGE	5
MAGENTA	3
MAGGOT	5
MAGGOTY	7
MAGIC	1
MAGICAL	1
MAGICIAN	0
MAGISTER	8
MAGISTRACY	8
MAGISTRAL	9
MAGISTRATE	8
MAGMA	5
MAGNA	8
MAGNANIMITY	9
MAGNANIMOUS	10
MAGNATE	10
MAGNESIA	8
MAGNESIUM	7
MAGNET	1
MAGNETIC	4
MAGNETISM	6
MAGNETIZE	7
MAGNETOMETER	10
MAGNETOSPHERE	10
MAGNIFICATION	5
MAGNIFICENCE	4
MAGNIFICENT	4
MAGNIFICO	7
MAGNIFIER	5
MAGNIFY	4
MAGNIFYING	3
MAGNITUDE	7
MAGNOLIA	5
MAGPIE	5
MAHARAJAH	10
MAHARISHI	12
MAHJONG	10
MAHOGANY	8
MAID	2
MAIDEN	5
MAIDENHEAD	8
MAIDENHOOD	7
MAIDSERVANT	7
MAIL	0
MAILBAG	1
MAILBOX	1
MAILING	1
MAILMAN	0
MAILWOMAN	3
MAIM	7
MAIN	2
MAINFRAME	8
MAINLAND	7
MAINLANDER	6
MAINLINE	6
MAINLINER	7
MAINMAST	8
MAINS	6
MAINSAIL	8
MAINSHEET	9
MAINSPRING	8
MAINSTAY	7
MAINSTREAM	8
MAINTAIN	5
MAINTAINER	7
MAINTENANCE	6
MAINTOP	6
MAITRE	9
MAIZE	5
MAJESTIC	6
MAJESTY	3
MAJEURE	11
MAJOLICA	11
MAJOR	4
MAJORETTE	7
MAJORITY	4
MAJUSCULE	12
MAKE	0
MAKEOVER	6
MAKER	2
MAKESHIFT	8
MAKEUP	3
MALACHITE	8
MALADAPTED	10
MALADAPTIVE	10
MALADJUSTED	9
MALADJUSTMENT	9
MALADY	8
MALAISE	9
MALAMUTE	7
MALARIA	7
MALARIAL	9
MALARKEY	7
MALCONTENT	9
MALCONTENTED	9
MALE	1
MALEDICTION	9
MALEFACTION	10
MALEFACTOR	12
MALEFIC	12
MALENESS	6
MALEVOLENCE	8
MALEVOLENT	8
MALFEASANCE	11
MALFORMATION	8
MALFORMED	6
MALFUNCTION	5
MALICE	7
MALICIOUS	6
MALIGN	9
MALIGNANCY	7
MALIGNANT	9
MALINGERER	11
MALISON	12
MALL	2
MALLARD	5
MALLEABILITY	8
MALLEABLE	9
MALLET	6
MALNOURISHED	6
MALNOURISHMENT	6
MALNUTRITION	5
MALOCCLUSION	12
MALODOROUS	9
MALPRACTICE	7
MALT	4
MALTED	5
MALTREAT	9
MALTREATMENT	6
MAMA	0
MAMBO	6
MAMMAL	2
MAMMALIAN	7
MAMMARY	7
MAMMOGRAM	8
MAMMON	10
MAMMOTH	3
MAMMY	3
MAN	0
MANACLE	8
MANAGE	3
MANAGEABLE	5
MANAGEMENT	5
MANAGER	4
MANAGERESS	11
MANAGERIAL	7
MANANA	7
MANATEE	6
MANDARIN	5
MANDATE	8
MANDATORY	4
MANDIBLE	6
MANDOLIN	7
MANDRAKE	9
MANDRILL	12
MANE	1
MANEUVER	5
MANEUVERABILITY	6
MANEUVERABLE	8
MANFUL	7
MANGANESE	11
MANGE	7
MANGER	2
MANGLE	6
MANGO	3
MANGROVE	10
MANGY	4
MANHANDLE	7
MANHOLE	2
MANHOOD	8
MANHUNT	5
MANIA	8
MANIAC	4
MANIACAL	8
MANIC	7
MANICOTTI	10
MANICURE	6
MANICURED	7
MANICURIST	7
MANIFEST	7
MANIFESTATION	9
MANIFESTO	10
MANIFOLD	10
MANIPULATE	6
MANIPULATION	6
MANIPULATIVE	6
MANIPULATOR	6
MANKIND	4
MANLIKE	4
MANLINESS	3
MANLY	4
MANMADE	4
MANNA	7
MANNED	7
MANNEQUIN	4
MANNER	2
MANNERED	2
MANNERISM	6
MANNERIST	8
MANNERLY	3
MANNERS	1
MANNISH	7
MANOMETER	12
MANOR	5
MANPOWER	4
MANSE	8
MANSERVANT	6
MANSION	2
MANSIONS	4
MANSLAUGHTER	7
MANSLAYER	8
MANTA	9
MANTEL	3
MANTELPIECE	6
MANTIC	9
MANTILLA	10
MANTIS	4
MANTLE	4
MANTRA	9
MANTRAP	9
MANUAL	3
MANUFACTURE	6
MANUFACTURER	6
MANUFACTURING	4
MANUMISSION	11
MANURE	5
MANUSCRIPT	7
MANY	0
MAP	1
MAPLE	1
MAPLELEAF	4
MAPMAKER	7
MAPMAKING	5
MAQUILLAGE	11
MAR	6
MARABOU	9
MARACA	4
MARASCHINO	5
MARATHON	4
MARATHONER	8
MARAUD	7
MARAUDER	8
MARAUDING	9
MARBLE	2
MARBLED	5
MARBLEIZE	8
MARCEL	12
MARCH	2
MARCHER	4
MARCHIONESS	9
MARE	4
MARGARINE	4
MARGARITA	8
MARGIN	5
MARGINAL	7
MARGINALIZE	9
MARGRAVE	10
MARGUERITE	9
MARIACHI	6
MARIGOLD	3
MARIJUANA	6
MARIMBA	9
MARINADE	6
MARINARA	4
MARINATE	5
MARINE	5
MARINER	6
MARIONETTE	5
MARITAL	5
MARITIME	6
MARK	1
MARKER	0
MARKET	2
MARKETABILITY	9
MARKETABLE	7
MARKETER	6
MARKETING	7
MARKETPLACE	4
MARKSMAN	6
MARKSMANSHIP	7
MARKUP	8
MARL	9
MARLED	9
MARMALADE	5
MARMOREAL	12
MARMOSET	8
MARMOT	9
MAROON	3
MAROONED	7
MARQUEE	8
MARQUIS	8
MARQUISE	11
MARRIAGE	2
MARRIAGEABLE	8
MARRIED	0
MARROW	7
MARRY	1
MARS	3
MARSH	6
MARSHAL	4
MARSHLAND	6
MARSHMALLOW	0
MARSHY	4
MARSUPIAL	7
MART	5
MARTEN	5
MARTIAL	6
MARTINET	10
MARTINI	7
MARTYR	8
MARTYRDOM	8
MARVEL	5
MARVELOUS	3
MARZIPAN	9
MASCARA	4
MASCOT	5
MASCULINE	5
MASCULINITY	6
MASER	7
MASH	2
MASHED	1
MASHER	7
MASHIE	4
MASK	0
MASKED	2
MASOCHISM	10
MASOCHIST	11
MASOCHISTIC	10
MASON	6
MASONIC	7
MASONRY	7
MASQUE	6
MASQUERADE	7
MASQUERADER	8
MASS	4
MASSACRE	5
MASSAGE	6
MASSAGER	5
MASSES	4
MASSEUR	10
MASSEUSE	6
MASSIVE	4
MAST	6
MASTECTOMY	10
MASTER	2
MASTERFUL	8
MASTERLY	6
MASTERMIND	6
MASTERPIECE	5
MASTERSHIP	7
MASTERSTROKE	9
MASTERWORK	8
MASTERY	6
MASTIC	9
MASTIFF	7
MASTODON	4
MASTOID	10
MASTURBATE	7
MASTURBATION	8
MASTURBATOR	9
MASTURBATORY	10
MAT	0
MATADOR	7
MATCH	1
MATCHBOOK	3
MATCHBOX	2
MATCHING	3
MATCHLESS	5
MATCHLOCK	8
MATCHMAKER	7
MATCHMAKING	6
MATCHSTICK	2
MATCHWOOD	5
MATE	4
MATELOTE	11
MATERIAL	3
MATERIALISM	7
MATERIALIST	7
MATERIALISTIC	8
MATERIALITY	10
MATERIALIZATION	8
MATERIALIZE	5
MATERIEL	3
MATERNAL	6
MATERNITY	7
MATH	1
MATHEMATICAL	3
MATHEMATICIAN	4
MATHEMATICS	2
MATINEE	5
MATING	5
MATRIARCH	8
MATRIARCHAL	9
MATRIARCHS	6
MATRIARCHY	9
MATRICIDAL	11
MATRICIDE	10
MATRICULATE	11
MATRICULATION	11
MATRILINEAL	11
MATRIMONIAL	7
MATRIMONY	5
MATRIX	9
MATRON	8
MATTE	9
MATTER	3
MATTOCK	6
MATTRESS	0
MATURATION	9
MATURE	4
MATURITY	6
MATZO	6
MAUDLIN	9
MAUL	5
MAUNDER	8
MAUSOLEUM	8
MAUVE	6
MAVEN	7
MAVERICK	7
MAW	9
MAWKISH	10
MAWKISHNESS	8
MAXILLA	12
MAXILLARY	11
MAXIM	8
MAXIMAL	7
MAXIMIZATION	7
MAXIMIZE	6
MAXIMUM	3
MAY	1
MAYBE	0
MAYDAY	3
MAYFLOWER	3
MAYFLY	7
MAYHAP	8
MAYHEM	5
MAYONNAISE	1
MAYOR	3
MAYORAL	8
MAYORALTY	10
MAYPOLE	3
MAZE	2
MAZURKA	8
MEAD	6
MEADOW	2
MEADOWLARK	4
MEADOWSWEET	9
MEADOWY	5
MEAGER	6
MEAL	0
MEALTIME	2
MEALY	7
MEALYMOUTHED	8
MEAN	0
MEANDER	6
MEANIE	0
MEANING	1
MEANINGFUL	3
MEANINGFULNESS	6
MEANINGLESS	5
MEANINGLESSNESS	7
MEANNESS	0
MEANS	3
MEANTIME	3
MEASLES	4
MEASURABLE	4
MEASURE	3
MEASUREMENT	1
MEASURER	3
MEAT	0
MEATBALL	1
MEATHEAD	6
MEATLESS	6
MEATLOAF	1
MEATPACKING	4
MEATY	1
MECHANIC	3
MECHANICAL	4
MECHANICS	6
MECHANISM	6
MECHANISTIC	8
MECHANIZATION	7
MED	5
MEDAL	2
MEDALLION	5
MEDDLE	5
MEDDLER	6
MEDDLESOME	6
MEDIAL	8
MEDIAN	7
MEDIATE	7
MEDIATION	8
MEDIATOR	6
MEDIC	6
MEDICAL	4
MEDICATE	6
MEDICATION	3
MEDICINAL	8
MEDICINE	0
MEDICO	10
MEDIEVAL	5
MEDIEVALISM	10
MEDIOCRE	7
MEDIOCRITY	7
MEDITATE	6
MEDITATION	5
MEDITATIVE	7
MEDITERRANEAN	6
MEDIUM	3
MEDLEY	5
MEDULLA	9
MEEK	5
MEEKNESS	9
MEERSCHAUM	9
MEET	0
MEETING	1
MEETINGHOUSE	4
MEGA	3
MEGABITS	11
MEGABYTE	8
MEGAHERTZ	10
MEGALITH	10
MEGALOMANIA	12
MEGALOMANIAC	11
MEGALOMANIACAL	9
MEGALOPOLIS	8
MEGAPHONE	5
MEGASTAR	6
MEGATON	9
MEGAWATT	7
MEIOSIS	9
MELAMINE	8
MELANCHOLIA	11
MELANCHOLIC	8
MELANCHOLY	8
MELANIN	9
MELANOMA	9
MELATONIN	10
MELD	7
MELEE	7
MELLIFLUOUS	11
MELLOW	4
MELODIC	5
MELODIOUS	5
MELODRAMA	8
MELODRAMATIC	6
MELODY	2
MELON	0
MELT	0
MELTDOWN	5
MEMBER	3
MEMBERSHIP	3
MEMBRANE	6
MEMBRANOUS	8
MEMENTO	6
MEMO	6
MEMOIR	7
MEMOIRIST	10
MEMORABILIA	6
MEMORABLE	4
MEMORANDUM	9
MEMORIAL	3
MEMORIALIZE	6
MEMORIZATION	6
MEMORIZE	1
MEMORY	1
MEMSAHIB	10
MENACE	4
MENACING	6
MENAGE	10
MENAGERIE	9
MEND	4
MENDACIOUS	11
MENDACITY	10
MENDELEVIUM	11
MENDER	5
MENDICANT	10
MENFOLK	5
MENIAL	8
MENINGITIS	8
MENISCUS	8
MENOPAUSAL	8
MENOPAUSE	10
MENORAH	7
MENSES	8
MENSTRUAL	6
MENSTRUATE	8
MENSTRUATION	5
MENSURATION	10
MENSWEAR	5
MENTAL	4
MENTALIST	10
MENTALITY	5
MENTHOL	6
MENTHOLATED	8
MENTION	3
MENTOR	6
MENU	1
MEOW	0
MERCANTILE	7
MERCENARY	8
MERCHANDISE	4
MERCHANDISER	7
MERCHANT	5
MERCHANTMAN	6
MERCIFUL	3
MERCIFULNESS	5
MERCILESS	6
MERCURIAL	8
MERCURIC	8
MERCUROCHROME	9
MERCURY	7
MERCY	4
MERE	4
MERETRICIOUS	11
MERGE	6
MERGER	8
MERIDIAN	5
MERINGUE	6
MERINO	12
MERIT	5
MERITOCRACY	9
MERITORIOUS	8
MERMAID	1
MERRIMENT	7
MERRY	1
MERRYMAKING	3
MESCAL	11
MESCALINE	11
MESDAMES	7
MESENTERIC	11
MESENTERY	10
MESH	5
MESMERISM	7
MESMERIZE	8
MESODERM	11
MESON	9
MESOSPHERE	10
MESQUITE	7
MESS	0
MESSAGE	1
MESSAGING	6
MESSENGER	3
MESSIAH	3
MESSIANIC	8
MESSIEURS	10
MESSINESS	2
MESSY	0
MESTIZO	10
METABOLIC	8
METABOLISM	7
METABOLITE	10
METABOLIZE	7
METACARPAL	11
METAL	1
METALLIC	5
METALLOID	10
METALLURGICAL	11
METALLURGIST	11
METALLURGY	8
METALWARE	9
METALWORK	8
METALWORKER	6
METALWORKING	6
METAMORPHIC	8
METAMORPHOSE	8
METAMORPHOSIS	7
METAPHASE	10
METAPHOR	7
METAPHORIC	9
METAPHORICAL	7
METAPHYSIC	10
METAPHYSICAL	10
METAPHYSICIAN	10
METAPHYSICS	10
METASTASIS	9
METASTASIZE	10
METASTATIC	11
METATARSAL	9
METE	7
METEMPSYCHOSIS	12
METEOR	3
METEORIC	6
METEORITE	4
METEOROLOGICAL	7
METEOROLOGIST	4
METEOROLOGY	9
METER	4
METERED	9
METH	12
METHADONE	12
METHAMPHETAMINE	10
METHANE	8
METHANOL	10
METHOD	6
METHODICAL	8
METHODOLOGICAL	10
METHODOLOGY	9
METHYL	9
METHYLENE	11
METHYLPHENIDATE	12
METICULOUS	6
METRIC	5
METRO	7
METRONOME	6
METROPOLIS	7
METROPOLITAN	7
METTLE	7
METTLESOME	7
MEW	4
MEWL	9
MEZUZAH	10
MEZZANINE	7
MEZZO	8
MIAOW	1
MIASMA	11
MICA	7
MICRO	5
MICROBE	8
MICROBIAL	8
MICROBIOLOGICAL	9
MICROBIOLOGIST	8
MICROBIOLOGY	9
MICROCELLULAR	8
MICROCHEMISTRY	9
MICROCHIP	9
MICROCOMPUTER	9
MICROCOSM	11
MICRODOT	9
MICROECONOMIC	12
MICROECONOMICS	10
MICROELECTRONIC	12
MICROELECTRONICS	11
MICROFICHE	10
MICROFILM	7
MICROGRAM	8
MICROMANAGE	11
MICROMETER	9
MICRON	10
MICROORGANISM	7
MICROPHONE	1
MICROPHOTOGRAPH	8
MICROPROBE	9
MICROPROCESSOR	10
MICROREADER	12
MICROSCOPE	4
MICROSCOPIC	5
MICROSCOPY	8
MICROSECOND	7
MICROWAVABLE	6
MICROWAVE	3
MID	5
MIDAIR	4
MIDBRAIN	10
MIDCOURSE	7
MIDDAY	2
MIDDEN	8
MIDDLE	0
MIDDLEBROW	7
MIDDLECLASS	6
MIDDLEMAN	6
MIDDLEWEIGHT	5
MIDDLING	7
MIDDY	5
MIDFIELD	5
MIDFIELDER	5
MIDGET	4
MIDLIFE	6
MIDLINE	7
MIDMORNING	5
MIDNIGHT	1
MIDPOINT	6
MIDRANGE	6
MIDRIFF	7
MIDSEASON	5
MIDSECTION	5
MIDSHIP	7
MIDSHIPMAN	9
MIDSIZE	5
MIDST	6
MIDSUMMER	4
MIDTERM	8
MIDTOWN	5
MIDWAY	4
MIDWEEK	5
MIDWIFE	6
MIDWINTER	4
MIFF	6
MIGHTINESS	4
MIGHTY	1
MIGNON	9
MIGRAINE	5
MIGRANT	7
MIGRATE	5
MIGRATION	5
MIGRATORY	5
MIKADO	12
MIKE	2
MIL	6
MILADY	8
MILCH	12
MILD	3
MILDEW	5
MILDNESS	6
MILE	3
MILEAGE	5
MILEPOST	7
MILER	8
MILESTONE	7
MILIEU	12
MILITANT	8
MILITARISM	8
MILITARIST	9
MILITARISTIC	6
MILITARIZATION	8
MILITARIZE	8
MILITARY	3
MILITATE	9
MILITIA	7
MILK	0
MILKMAID	4
MILKMAN	1
MILKSHAKE	0
MILKSOP	9
MILKWEED	5
MILKY	1
MILL	3
MILLAGE	8
MILLENARIAN	11
MILLENNIAL	9
MILLENNIUM	6
MILLET	9
MILLIARD	9
MILLIGRAM	5
MILLILITER	5
MILLIMETER	4
MILLINER	10
MILLINERY	10
MILLION	1
MILLIONAIRE	2
MILLIONTH	4
MILLISECOND	6
MILLPOND	8
MILLRACE	11
MILLSTONE	6
MILLWRIGHT	11
MILORD	9
MILT	10
MIME	3
MIMEO	7
MIMEOGRAPH	8
MIMETIC	9
MIMIC	4
MIMICRY	7
MIMOSA	10
MIN	5
MINABLE	6
MINARET	8
MINATORY	8
MINCE	6
MINCED	8
MINCEMEAT	7
MIND	0
MINDBLOWER	5
MINDEDNESS	8
MINDER	7
MINDFUL	6
MINDLESS	5
MINDSET	7
MINE	0
MINEFIELD	5
MINER	3
MINERAL	4
MINERALOGY	9
MINESTRONE	6
MINESWEEPER	6
MINESWEEPING	7
MINGLE	5
MINI	2
MINIATURE	4
MINIATURIZATION	8
MINIATURIZE	5
MINIBUS	7
MINIM	9
MINIMAL	6
MINIMALIST	9
MINIMIZE	6
MINIMUM	3
MINING	4
MINION	6
MINISCULE	7
MINISKIRT	5
MINISTER	2
MINISTERIAL	8
MINISTRY	5
MINIVAN	3
MINK	5
MINNESINGER	12
MINNOW	4
MINOR	4
MINORITY	5
MINOTAUR	6
MINSTER	4
MINSTREL	6
MINSTRELSY	8
MINT	1
MINTAGE	8
MINTY	3
MINUET	8
MINUS	1
MINUSCULE	7
MINUTE	2
MINUTEMAN	5
MINUTENESS	7
MINUTIA	8
MINX	6
MIRACLE	2
MIRACULOUS	4
MIRAGE	6
MIRE	9
MIRROR	0
MIRTH	7
MIRTHLESS	8
MISADVENTURE	5
MISALIGNMENT	9
MISALLOCATION	11
MISANTHROPE	11
MISANTHROPIC	10
MISANTHROPY	10
MISAPPLICATION	7
MISAPPREHENSION	7
MISAPPROPRIATION	9
MISBEGOTTEN	8
MISBEHAVE	1
MISBEHAVIOR	2
MISBELIEVER	7
MISC	6
MISCALCULATE	7
MISCALCULATION	5
MISCARRIAGE	6
MISCARRY	8
MISCAST	8
MISCEGENATION	9
MISCELLANEOUS	4
MISCELLANY	7
MISCHANCE	8
MISCHIEF	4
MISCHIEVOUS	4
MISCHIEVOUSNESS	4
MISCIBLE	9
MISCOMMUNICATION	7
MISCONCEPTION	5
MISCONDUCT	4
MISCONSTRUE	7
MISCREANT	11
MISCUE	7
MISDEAL	7
MISDEED	6
MISDEMEANOR	9
MISDIAGNOSE	7
MISDIAGNOSIS	8
MISDIRECT	5
MISDIRECTION	8
MISDOUBT	8
MISER	7
MISERABLE	5
MISERLINESS	5
MISERLY	7
MISERY	4
MISFEASANCE	12
MISFILE	9
MISFIRE	6
MISFIT	2
MISFORTUNATE	5
MISFORTUNE	6
MISGIVING	6
MISGUIDANCE	8
MISGUIDE	6
MISGUIDED	4
MISHAP	7
MISHEAR	6
MISHEARD	5
MISHMASH	6
MISIDENTIFICATION	7
MISIDENTIFY	7
MISINFORMATION	6
MISINTERPRET	6
MISINTERPRETATION	6
MISJUDGE	4
MISJUDGMENT	5
MISLABEL	5
MISLAY	8
MISLEAD	5
MISLEADING	5
MISLIKE	7
MISMANAGE	7
MISMANAGEMENT	10
MISMATCH	4
MISMATCHED	3
MISNOMER	10
MISOGYNIST	9
MISOGYNISTIC	10
MISOGYNY	11
MISPERCEPTION	8
MISPLACE	4
MISPRINT	6
MISPRISION	7
MISPRONOUNCE	4
MISQUOTATION	8
MISQUOTE	5
MISREAD	5
MISREMEMBER	7
MISREPRESENT	8
MISREPRESENTATION	8
MISRULE	8
MISS	1
MISSAL	9
MISSHAPEN	6
MISSILE	2
MISSION	5
MISSIONARY	5
MISSIVE	8
MISSPEAK	4
MISSPELL	3
MISSPENT	6
MISSPOKEN	7
MISSTEP	8
MISSUS	4
MISSY	1
MIST	2
MISTAKE	1
MISTER	1
MISTLETOE	5
MISTRAL	10
MISTRANSLATION	8
MISTREAT	5
MISTREATMENT	3
MISTRESS	7
MISTRIAL	7
MISTRUST	4
MISTRUSTFUL	5
MISTY	3
MISUNDERSTAND	4
MISUNDERSTANDING	4
MISUSE	5
MITE	6
MITER	8
MITIGATE	10
MITIGATING	9
MITIGATION	9
MITIGATIVE	12
MITOCHONDRIA	8
MITOCHONDRIAL	10
MITOSIS	9
MITRAL	9
MITT	2
MITTEN	0
MITZVAH	7
MIX	0
MIXER	2
MIXTURE	3
MIZZEN	11
MIZZENMAST	8
MNEMONIC	8
MOAN	3
MOANER	7
MOAT	5
MOB	5
MOBILE	4
MOBILITY	6
MOBILIZATION	7
MOBILIZE	7
MOBILIZER	7
MOBSTER	5
MOCCASIN	6
MOCHA	7
MOCK	4
MOCKER	5
MOCKERY	7
MOCKINGBIRD	4
MOCKUP	9
MOD	8
MODALITY	9
MODE	5
MODEL	1
MODELING	3
MODEM	9
MODERATE	6
MODERATION	6
MODERATO	9
MODERATOR	7
MODERN	4
MODERNISM	9
MODERNIST	9
MODERNISTIC	9
MODERNITY	8
MODERNIZATION	6
MODERNIZE	6
MODEST	6
MODESTY	6
MODICUM	12
MODIFICATION	7
MODIFIED	5
MODIFIER	6
MODIFY	4
MODISTE	10
MODULAR	8
MODULARITY	10
MODULATE	8
MODULATION	9
MODULATOR	10
MODULE	8
MODULO	12
MODUS	8
MOGUL	7
MOHAIR	8
MOIL	7
MOIST	5
MOISTEN	4
MOISTURE	2
MOISTURIZE	4
MOISTURIZER	4
MOISTURIZING	5
MOL	9
MOLAR	3
MOLASSES	4
MOLD	4
MOLDBOARD	12
MOLDER	6
MOLDY	2
MOLE	2
MOLECULAR	7
MOLECULE	7
MOLEHILL	6
MOLESKIN	8
MOLEST	6
MOLESTATION	7
MOLESTER	5
MOLL	9
MOLLIFICATION	10
MOLLIFY	8
MOLLUSK	7
MOLT	5
MOLTEN	4
MOLYBDENUM	11
MOM	0
MOMENT	3
MOMENTARY	6
MOMENTOUS	8
MOMENTUM	5
MOMMA	0
MOMMY	0
MONARCH	5
MONARCHICAL	9
MONARCHIST	7
MONARCHY	5
MONASTERIAL	9
MONASTERY	5
MONASTIC	6
MONASTICISM	11
MONAURAL	12
MONETARY	8
MONETIZE	8
MONEY	0
MONEYBAG	5
MONEYBAGS	4
MONEYED	6
MONEYLENDER	6
MONEYMAKER	6
MONEYMAKING	3
MONEYMAN	7
MONGER	8
MONGO	6
MONGOLOID	7
MONGOOSE	5
MONGREL	5
MONIKER	9
MONITOR	5
MONITORY	10
MONK	5
MONKEY	0
MONKEYSHINE	6
MONKFISH	9
MONKSHOOD	8
MONO	6
MONOAMINE	11
MONOCHROMATIC	11
MONOCHROME	9
MONOCLE	8
MONOCLONAL	9
MONOFILAMENT	9
MONOGAMIST	7
MONOGAMOUS	8
MONOGAMY	8
MONOGRAM	6
MONOGRAMMED	7
MONOGRAPH	7
MONOLAYER	8
MONOLITH	10
MONOLITHIC	9
MONOLOGUE	8
MONOMANIA	11
MONOMANIACAL	9
MONONUCLEOSIS	8
MONOPLANE	7
MONOPOLIST	8
MONOPOLISTIC	9
MONOPOLIZE	7
MONOPOLY	2
MONORAIL	6
MONOSODIUM	12
MONOSYLLABIC	7
MONOSYLLABLE	6
MONOTHEISM	10
MONOTONE	6
MONOTONOUS	8
MONOTONY	9
MONOUNSATURATED	10
MONOXIDE	8
MONOZYGOTIC	10
MONSIEUR	5
MONSIGNOR	9
MONSOON	6
MONSTER	0
MONSTROSITY	8
MONSTROUS	6
MONTAGE	7
MONTH	1
MONTHLY	3
MONUMENT	3
MONUMENTAL	6
MOO	0
MOOCH	7
MOOCHER	7
MOOD	2
MOODINESS	7
MOODY	4
MOON	0
MOONBEAM	3
MOONCALF	7
MOONLESS	4
MOONLIGHT	1
MOONLIGHTER	8
MOONLIT	1
MOONRISE	3
MOONSCAPE	7
MOONSHINE	4
MOONSHINER	8
MOONSTRUCK	8
MOONWALK	5
MOONY	6
MOOR	7
MOORAGE	9
MOORHEN	11
MOORING	7
MOORLAND	8
MOOSE	0
MOOT	9
MOP	0
MOPE	4
MOPED	4
MOPPET	8
MORAINE	10
MORAL	5
MORALE	6
MORALIST	8
MORALISTIC	8
MORALITY	6
MORALIZATION	9
MORALIZE	7
MORALIZER	9
MORALS	5
MORASS	7
MORATORIUM	10
MORAY	8
MORBID	5
MORBIDITY	9
MORE	0
MOREL	7
MORES	9
MORGUE	6
MORIBUND	10
MORIBUNDITY	12
MORMON	7
MORN	5
MORNING	0
MORON	4
MORONIC	5
MOROSE	8
MORPH	6
MORPHINE	8
MORPHOGENETIC	11
MORPHOLOGICAL	12
MORPHOLOGY	10
MORSEL	4
MORTAL	5
MORTALITY	7
MORTAR	7
MORTEM	7
MORTGAGE	8
MORTGAGEE	11
MORTICIAN	5
MORTIFICATION	8
MORTIFY	7
MORTISE	8
MORTMAIN	12
MORTUARY	7
MOSAIC	5
MOSEY	4
MOSQUE	9
MOSQUITO	1
MOSS	3
MOSSBACK	9
MOSSY	3
MOT	6
MOTE	5
MOTEL	2
MOTET	9
MOTH	1
MOTHBALL	3
MOTHER	0
MOTHERBOARD	9
MOTHERFUCKER	5
MOTHERFUCKING	5
MOTHERHOOD	3
MOTHERHOUSE	9
MOTHERLAND	5
MOTHERLESS	2
MOTHERLY	4
MOTHPROOF	6
MOTIF	9
MOTILE	7
MOTILITY	9
MOTION	2
MOTIONLESS	4
MOTIONLESSNESS	5
MOTIVATE	5
MOTIVATION	6
MOTIVATIONAL	7
MOTIVATOR	6
MOTIVE	6
MOTIVELESS	7
MOTLEY	7
MOTOCROSS	7
MOTOR	2
MOTORBIKE	3
MOTORBOAT	2
MOTORBUS	4
MOTORCADE	6
MOTORCAR	3
MOTORCYCLE	0
MOTORCYCLIST	2
MOTORING	6
MOTORIST	3
MOTORIZATION	8
MOTORIZED	4
MOTORMAN	5
MOTORWAY	3
MOTTO	5
MOULD	6
MOUND	3
MOUNT	4
MOUNTAIN	1
MOUNTAINEERING	6
MOUNTAINOUS	6
MOUNTAINSIDE	3
MOUNTAINTOP	3
MOUNTEBANK	12
MOURN	4
MOURNER	5
MOURNFUL	5
MOURNING	6
MOUSE	0
MOUSER	5
MOUSETRAP	2
MOUSSE	5
MOUSTACHE	0
MOUSY	6
MOUTH	0
MOUTHFUL	1
MOUTHPIECE	6
MOUTHWASH	2
MOUTHWATERING	4
MOUTHY	3
MOVABLE	3
MOVE	0
MOVEMENT	2
MOVER	3
MOVIE	0
MOVIEGOER	5
MOVIEMAKER	5
MOW	2
MOWER	2
MOXIE	9
MOZZARELLA	3
MUCH	0
MUCILAGE	9
MUCILAGINOUS	12
MUCK	3
MUCKRAKE	9
MUCKRAKER	10
MUCKY	3
MUCOSA	9
MUCOSAL	9
MUCOUS	5
MUCUS	5
MUD	0
MUDDINESS	2
MUDDLE	6
MUDDLED	6
MUDDLEHEADED	9
MUDDY	0
MUDGUARD	8
MUDPACK	8
MUDROOM	6
MUDSKIPPER	6
MUDSLIDE	3
MUDSLINGER	8
MUDSLINGING	9
MUESLI	10
MUEZZIN	9
MUFF	5
MUFFIN	0
MUFFLE	5
MUFFLED	4
MUFFLER	5
MUG	0
MUGGER	6
MUGGY	3
MUJAHEDIN	12
MUKLUK	8
MULATTO	8
MULBERRY	4
MULCH	4
MULE	1
MULETEER	9
MULISH	12
MULISHNESS	7
MULL	7
MULLED	9
MULLET	7
MULLIGATAWNY	10
MULLIONED	12
MULTI	4
MULTICOLORED	2
MULTICULTURAL	5
MULTIDIMENSIONAL	8
MULTIDIMENSIONALITY	10
MULTIDIRECTIONAL	7
MULTIFACETED	8
MULTIFOCAL	8
MULTILATERAL	8
MULTILAYERED	4
MULTILEVEL	3
MULTIMEDIA	7
MULTIMILLION	6
MULTIMILLIONAIRE	5
MULTINATIONAL	8
MULTIPHASE	10
MULTIPLE	3
MULTIPLEX	8
MULTIPLICATION	3
MULTIPLICITY	7
MULTIPLY	3
MULTIPROCESSING	9
MULTIPROCESSOR	10
MULTISPECIES	6
MULTISTAGE	7
MULTISYSTEM	8
MULTITASK	8
MULTITUDE	6
MULTITUDINOUS	8
MULTIVITAMIN	6
MULTIVOLUME	7
MUM	2
MUMBLE	2
MUMBO	6
MUMMER	8
MUMMERY	7
MUMMIFICATION	6
MUMMIFIED	5
MUMMIFY	5
MUMMY	0
MUMPS	3
MUNCH	3
MUNCHKIN	1
MUNDANE	9
MUNICIPAL	9
MUNICIPALITY	8
MUNIFICENCE	9
MUNITION	8
MURAL	5
MURALIST	8
MURDER	4
MURDERER	3
MURDERESS	8
MURDEROUS	5
MURK	6
MURKY	5
MURMUR	6
MUSCATEL	12
MUSCLE	3
MUSCLEMAN	4
MUSCOVITE	10
MUSCULAR	4
MUSCULARITY	8
MUSCULATURE	10
MUSE	7
MUSETTE	9
MUSEUM	4
MUSH	1
MUSHER	9
MUSHROOM	1
MUSHY	2
MUSIC	0
MUSICAL	2
MUSICALE	6
MUSICALITY	7
MUSICIAN	2
MUSICIANSHIP	7
MUSICOLOGIST	9
MUSICOLOGY	6
MUSK	6
MUSKELLUNGE	4
MUSKET	5
MUSKETEER	2
MUSKETRY	7
MUSKRAT	5
MUSKY	6
MUSLIM	8
MUSLIN	7
MUSS	5
MUSSEL	5
MUST	0
MUSTACHED	3
MUSTACHIO	11
MUSTACHIOED	8
MUSTANG	4
MUSTARD	0
MUSTER	7
MUSTY	5
MUTABLE	6
MUTAGEN	11
MUTAGENESIS	11
MUTANT	5
MUTATE	4
MUTATION	6
MUTATIVE	9
MUTE	5
MUTED	4
MUTILATE	8
MUTILATED	5
MUTILATION	7
MUTILATOR	8
MUTINEER	9
MUTINOUS	7
MUTINY	6
MUTT	2
MUTTER	5
MUTTON	8
MUTTONHEAD	7
MUTUAL	4
MUTUALITY	8
MUUMUU	4
MUZZLE	3
MUZZY	9
MYCOLOGICAL	12
MYCOLOGIST	12
MYELIN	12
MYELOID	10
MYELOMA	11
MYNAH	5
MYOCARDIAL	12
MYOCARDIUM	10
MYOPIA	10
MYOPIC	8
MYRIAD	7
MYRMIDON	11
MYRRH	5
MYRTLE	6
MYSELF	0
MYSTERIOUS	4
MYSTERIOUSNESS	5
MYSTERY	2
MYSTIC	6
MYSTICAL	5
MYSTICISM	8
MYSTIFICATION	8
MYSTIFIED	7
MYSTIFY	6
MYSTIQUE	7
MYTH	4
MYTHIC	5
MYTHICAL	2
MYTHMAKING	6
MYTHOLOGICAL	6
MYTHOLOGY	6
MYTHOS	9
NAB	3
NABOB	10
NACELLE	9
NACHO	2
NACRE	9
NADA	4
NAG	4
NAIAD	9
NAIL	0
NAILFILE	3
NAIRA	11
NAIVE	6
NAIVETE	8
NAIVETY	7
NAKED	0
NAKEDNESS	2
NAME	0
NAMELESS	5
NAMEPLATE	5
NAMESAKE	5
NANA	0
NANNY	2
NANOSECOND	9
NANOTECHNOLOGY	11
NAP	0
NAPALM	10
NAPE	6
NAPERY	10
NAPHTHA	12
NAPKIN	0
NAPPY	3
NARCISSISM	8
NARCISSIST	10
NARCISSISTIC	9
NARCOLEPSY	10
NARCOLEPTIC	9
NARCOSIS	10
NARCOTIC	8
NARCOTICS	7
NARD	9
NARK	7
NARRATE	4
NARRATION	5
NARRATIVE	6
NARRATOR	2
NARROW	3
NARROWNESS	5
NARWHAL	7
NARY	7
NASAL	4
NASCENT	9
NASOPHARYNX	11
NASTINESS	3
NASTURTIUM	11
NASTY	1
NATAL	8
NATALITY	11
NATATORIUM	10
NATION	3
NATIONAL	2
NATIONALISM	7
NATIONALIST	8
NATIONALISTIC	9
NATIONALITY	5
NATIONALIZATION	7
NATIONWIDE	4
NATIVE	4
NATIVES	3
NATIVITY	5
NATTER	7
NATTY	7
NATURAL	4
NATURALIST	7
NATURALISTIC	9
NATURALIZATION	7
NATURALIZED	7
NATURALLY	4
NATURE	1
NATURED	6
NATUROPATHIC	10
NAUGHT	6
NAUGHTINESS	4
NAUGHTY	0
NAUSEA	4
NAUSEATE	6
NAUSEATING	6
NAUSEOUS	4
NAUTICAL	6
NAUTILUS	7
NAVAL	5
NAVE	8
NAVEL	5
NAVIGABILITY	7
NAVIGATE	5
NAVIGATION	5
NAVIGATIONAL	6
NAVIGATOR	5
NAVY	2
NAY	5
NAYSAY	7
NAYSAYER	7
NEAP	11
NEAR	0
NEARBY	2
NEARLY	2
NEARNESS	2
NEARSIDE	6
NEARSIGHTED	4
NEARSIGHTEDNESS	5
NEAT	0
NEATEN	4
NEATNESS	2
NEB	8
NEBBISH	7
NEBULA	8
NEBULIZER	10
NEBULOUS	8
NECESSARY	3
NECESSITATE	8
NECESSITOUS	11
NECESSITY	5
NECK	0
NECKBAND	5
NECKERCHIEF	5
NECKLACE	0
NECKLINE	6
NECKTIE	2
NECKWEAR	7
NECROLOGY	11
NECROMANCER	9
NECROMANCY	9
NECROMANTIC	10
NECROPHILIA	10
NECROPOLIS	10
NECROPSY	10
NECROSIS	9
NECROTIC	10
NECTAR	4
NECTARINE	4
NECTAROUS	8
NEED	0
NEEDFUL	6
NEEDINESS	5
NEEDLE	0
NEEDLEPOINT	4
NEEDLESS	4
NEEDLEWOMAN	8
NEEDLEWORK	5
NEEDY	2
NEFARIOUS	8
NEGATE	8
NEGATION	9
NEGATIVE	2
NEGATIVISM	7
NEGATIVITY	6
NEGLECT	5
NEGLECTFUL	5
NEGLIGEE	11
NEGLIGENCE	7
NEGLIGENT	7
NEGLIGIBLE	6
NEGOTIABLE	8
NEGOTIATE	6
NEGOTIATION	7
NEGOTIATOR	6
NEGRO	5
NEGUS	12
NEIGH	2
NEIGHBOR	0
NEIGHBORHOOD	1
NEIGHBORING	6
NEIN	9
NEITHER	2
NEMESIS	6
NEOCLASSIC	10
NEOCLASSICAL	9
NEOCLASSICISM	12
NEOCONSERVATIVE	12
NEODYMIUM	10
NEOMYCIN	12
NEON	3
NEONATAL	9
NEONATE	9
NEOPHYTE	11
NEOPLASTIC	12
NEOPRENE	10
NEPENTHE	11
NEPHEW	1
NEPHRITIS	12
NEPHROLOGY	11
NEPOTISM	9
NEPTUNIUM	10
NERD	2
NERDY	5
NERVE	5
NERVECELL	7
NERVINESS	6
NERVOUS	2
NERVOUSNESS	2
NERVY	6
NEST	0
NESTER	8
NET	2
NETBALL	5
NETHER	7
NETHERMOST	9
NETHERWORLD	6
NETSUKE	11
NETTING	3
NETTLE	9
NETWORK	6
NETWORKING	8
NEURAL	7
NEURALGIA	12
NEURASTHENIA	12
NEURASTHENIC	11
NEURITIS	9
NEUROBIOLOGICAL	12
NEUROBIOLOGIST	10
NEUROBIOLOGY	10
NEUROCHEMISTRY	11
NEUROLOGIC	9
NEUROLOGICAL	9
NEUROLOGIST	9
NEUROLOGY	9
NEUROMUSCULAR	11
NEURON	7
NEURONAL	9
NEUROPATH	9
NEUROPATHIC	10
NEUROPATHOLOGY	11
NEUROPATHY	12
NEUROPHYSIOLOGIST	12
NEUROPHYSIOLOGY	10
NEUROPSYCHIATRY	12
NEUROPSYCHOLOGICAL	12
NEUROPSYCHOLOGIST	11
NEUROSCIENCE	9
NEUROSCIENTIST	9
NEUROSIS	10
NEUROSURGEON	9
NEUROSURGERY	9
NEUROSURGICAL	9
NEUROTIC	9
NEUROTOXIN	9
NEUROTRANSMITTER	11
NEUROVASCULAR	11
NEUTER	6
NEUTRAL	5
NEUTRALIST	8
NEUTRALITY	7
NEUTRALIZATION	8
NEUTRALIZE	7
NEUTRALIZER	8
NEUTRINO	9
NEUTRON	6
NEVER	0
NEVUS	12
NEW	0
NEWBIE	5
NEWBORN	2
NEWCOMER	3
NEWEL	7
NEWFANGLED	6
NEWFOUND	6
NEWISH	5
NEWLYWED	4
NEWNESS	2
NEWS	1
NEWSAGENT	6
NEWSBEAT	6
NEWSBOY	3
NEWSBREAK	4
NEWSCAST	2
NEWSCASTER	5
NEWSFLASH	4
NEWSGROUP	6
NEWSHOUND	10
NEWSLETTER	4
NEWSMAN	1
NEWSPAPER	1
NEWSPAPERMAN	3
NEWSPAPERWOMAN	2
NEWSPRINT	5
NEWSREADER	6
NEWSREEL	5
NEWSROOM	4
NEWSSTAND	5
NEWSWOMAN	4
NEWSWORTHY	5
NEWSY	8
NEWT	3
NEXT	0
NEXUS	10
NIACIN	10
NIB	5
NIBBLE	2
NIBBLER	3
NICE	0
NICENESS	0
NICETY	8
NICHE	9
NICK	3
NICKEL	1
NICKELODEON	4
NICKER	7
NICKNAME	2
NICOTINE	5
NIECE	2
NIFTINESS	5
NIFTY	4
NIGGARD	9
NIGGER	3
NIGGLE	10
NIGH	6
NIGHT	0
NIGHTCAP	5
NIGHTCLUB	6
NIGHTCLUBBING	9
NIGHTDRESS	4
NIGHTFALL	3
NIGHTGOWN	1
NIGHTIE	3
NIGHTINGALE	4
NIGHTLIFE	6
NIGHTLIGHT	0
NIGHTLY	3
NIGHTMARE	1
NIGHTMARISH	4
NIGHTSHIRT	1
NIGHTSPOT	7
NIGHTSTAND	2
NIGHTSTICK	5
NIGHTTIME	0
NIGHTWEAR	2
NIHILISM	12
NIHILIST	12
NIHILISTIC	10
NIHILITY	8
NIL	7
NIMBLE	4
NIMBOSTRATUS	8
NIMROD	6
NINCOMPOOP	2
NINE	0
NINEPIN	7
NINEPINS	8
NINETY	2
NINJA	4
NINNY	4
NINTH	1
NIP	3
NIPPER	4
NIPPLE	4
NIPPY	4
NIT	4
NITER	9
NITPICK	5
NITRATE	9
NITRIC	7
NITRITE	9
NITRO	8
NITROCELLULOSE	11
NITROGEN	6
NITROGLYCERINE	9
NITROUS	9
NITWIT	5
NIX	7
NOB	3
NOBELIUM	11
NOBILITY	6
NOBLE	6
NOBLEMAN	5
NOBLENESS	5
NOBLESSE	9
NOBLEWOMAN	7
NOBODY	0
NOCK	8
NOCTURNAL	4
NOCTURNE	6
NOD	1
NODAL	11
NODDLE	3
NODE	7
NODULE	9
NOGGIN	1
NOIR	11
NOIRE	11
NOISE	0
NOISELESS	5
NOISEMAKER	3
NOISINESS	4
NOISOME	11
NOISY	0
NOM	7
NOMAD	6
NOMADIC	6
NOMENCLATURE	9
NOMINAL	6
NOMINATE	6
NOMINATION	7
NOMINATIVE	9
NOMINEE	6
NONAGENARIAN	11
NONAGGRESSION	8
NONALCOHOLIC	7
NONALIGNED	8
NONATTENDANCE	7
NONBELIEVER	3
NONBINDING	7
NONCANCEROUS	8
NONCE	9
NONCHALANCE	7
NONCHALANT	7
NONCOM	9
NONCOMBAT	8
NONCOMBATANT	9
NONCOMBUSTIBLE	7
NONCOMMISSIONED	9
NONCOMMITTAL	10
NONCOMPETITIVE	6
NONCOMPLIANCE	10
NONCONFORMIST	10
NONCONTACT	5
NONCOOPERATION	7
NONCRITICAL	8
NONDAIRY	5
NONDENOMINATIONAL	9
NONDESCRIPT	7
NONDISCLOSURE	10
NONDRINKING	5
NONE	1
NONENTITY	8
NONES	8
NONESSENTIAL	8
NONESUCH	7
NONETHELESS	5
NONEVENT	8
NONEXCLUSIVE	7
NONEXISTENCE	7
NONEXISTENT	6
NONFARM	9
NONFAT	3
NONFATAL	6
NONFICTION	4
NONFUNCTIONAL	7
NONFUNCTIONING	7
NONHUMAN	4
NONINFECTIOUS	7
NONINTERVENTION	8
NONINVASIVE	9
NONINVOLVEMENT	7
NONJUDGMENTAL	5
NONLETHAL	7
NONLINEAR	6
NONMETAL	6
NONMETALLIC	6
NONMILITARY	8
NONNATIVE	6
NONNEGOTIABLE	6
NONOFFICIAL	7
NONOPERATIONAL	7
NONORGANIC	10
NONPAID	7
NONPAREIL	10
NONPARTICIPATION	5
NONPARTISAN	10
NONPAYING	5
NONPAYMENT	5
NONPERFORMANCE	6
NONPERMANENT	6
NONPERSON	6
NONPHYSICAL	6
NONPLUSSED	8
NONPOLITICAL	9
NONPOROUS	8
NONPRODUCTIVE	8
NONPROFESSIONAL	8
NONPROFIT	7
NONPROLIFERATION	11
NONPUBLIC	6
NONRANDOM	8
NONREACTIVE	8
NONREFUNDABLE	6
NONRELIGIOUS	5
NONRESIDENTIAL	7
NONRESISTANCE	8
NONRESPONSIVE	6
NONRETURNABLE	6
NONROMANTIC	6
NONSCHEDULED	6
NONSECTARIAN	12
NONSENSE	2
NONSENSICAL	7
NONSEXUAL	8
NONSKID	6
NONSLIP	5
NONSMOKER	3
NONSMOKING	4
NONSPECIFIC	8
NONSTANDARD	9
NONSTARTER	8
NONSTICK	4
NONSUPPORT	6
NONSURGICAL	9
NONTHREATENING	6
NONTOXIC	6
NONTRADITIONAL	6
NONUNION	10
NONVERBAL	5
NONVIABLE	12
NONVIOLENCE	4
NONVIOLENT	4
NONVOTING	7
NOODLE	0
NOODLES	0
NOOK	5
NOON	1
NOONDAY	4
NOONTIDE	8
NOONTIME	2
NOOSE	3
NOR	4
NORM	5
NORMAL	1
NORMALCY	8
NORMALITY	7
NORMALIZE	6
NORMALLY	2
NORMALNESS	4
NORMATIVE	10
NORTH	2
NORTHBOUND	5
NORTHEAST	2
NORTHEASTER	8
NORTHEASTERLY	7
NORTHEASTERN	5
NORTHER	4
NORTHERLY	6
NORTHERN	3
NORTHERNER	4
NORTHERNMOST	5
NORTHWEST	3
NORTHWESTERLY	6
NORTHWESTERN	4
NOSE	0
NOSEBAG	6
NOSEBLEED	0
NOSEDIVE	5
NOSEGAY	12
NOSH	8
NOSINESS	2
NOSTALGIA	8
NOSTALGIC	7
NOSTRIL	2
NOSY	0
NOT	0
NOTA	10
NOTABILITY	8
NOTABLE	5
NOTARIAL	10
NOTARIZE	9
NOTARY	9
NOTATE	8
NOTATION	8
NOTCH	3
NOTE	1
NOTEBOOK	1
NOTEPAD	4
NOTEPAPER	1
NOTEWORTHY	5
NOTHING	0
NOTHINGNESS	6
NOTICE	2
NOTICEABLE	3
NOTIFICATION	4
NOTIFY	5
NOTION	6
NOTOCHORD	10
NOTORIETY	9
NOTORIOUS	7
NOUGAT	4
NOUN	2
NOURISH	5
NOURISHMENT	5
NOUS	8
NOUVEAU	10
NOVEL	5
NOVELETTE	9
NOVELIST	5
NOVELISTIC	9
NOVELLA	10
NOVELTY	7
NOVEMBER	1
NOVENA	7
NOVICE	6
NOVITIATE	11
NOW	0
NOWADAYS	4
NOWHERE	0
NOXIOUS	8
NOZZLE	4
NUANCE	6
NUB	5
NUBBIN	10
NUBBY	7
NUBILE	12
NUCLEAR	6
NUCLEIC	8
NUCLEOSIDE	9
NUCLEUS	6
NUDE	3
NUDENESS	4
NUDGE	6
NUDIE	6
NUDISM	7
NUDIST	6
NUDITY	4
NUDNIK	8
NUGGET	2
NUISANCE	5
NUKE	6
NULL	7
NULLIFICATION	10
NULLIFY	9
NUM	5
NUMB	4
NUMBER	0
NUMBNESS	5
NUMBSKULL	3
NUMERAL	3
NUMERATOR	6
NUMERIC	4
NUMERICAL	4
NUMEROLOGIST	10
NUMEROLOGY	8
NUMEROUS	4
NUMINOUS	10
NUMISMATICS	10
NUMISMATIST	10
NUN	3
NUNNERY	9
NUPTIAL	9
NUPTIALS	8
NURSE	1
NURSEMAID	5
NURSERY	2
NURSING	3
NURSLING	9
NURTURE	6
NURTURER	7
NUT	0
NUTCASE	3
NUTCRACKER	2
NUTHATCH	6
NUTHOUSE	5
NUTMEG	4
NUTPICK	9
NUTRIENT	6
NUTRITION	5
NUTRITIONAL	5
NUTRITIONIST	6
NUTRITIOUS	4
NUTRITIVE	7
NUTSHELL	2
NUTTINESS	5
NUTTY	2
NUZZLE	6
NYLON	5
NYMPH	6
NYMPHET	12
NYMPHOMANIA	12
NYMPHOMANIAC	10
OAF	7
OAFISH	10
OAK	2
OAKEN	7
OAKUM	7
OAKY	6
OAR	1
OARSMAN	9
OASIS	4
OAT	1
OATH	6
OATMEAL	0
OATS	2
OBBLIGATO	9
OBDURATE	10
OBEDIENCE	4
OBEDIENT	4
OBEISANCE	10
OBELISK	9
OBESE	4
OBESITY	6
OBEY	0
OBFUSCATE	12
OBFUSCATION	11
OBIT	5
OBITUARY	4
OBJECT	3
OBJECTIFICATION	9
OBJECTIFY	9
OBJECTION	5
OBJECTIONABLE	6
OBJECTIVE	8
OBJECTIVITY	6
OBJECTOR	7
OBJET	5
OBLATE	10
OBLIGATE	7
OBLIGATION	6
OBLIGATORY	7
OBLIGE	7
OBLIGING	10
OBLIQUE	8
OBLIQUITY	10
OBLITERATE	8
OBLITERATION	8
OBLIVION	6
OBLIVIOUS	8
OBLIVIOUSNESS	8
OBLONG	5
OBLONGATA	10
OBLOQUY	11
OBNOXIOUS	3
OBNOXIOUSNESS	7
OBOE	6
OBOIST	10
OBSCENE	7
OBSCENITY	5
OBSCURANTISM	11
OBSCURANTIST	9
OBSCURE	7
OBSCURITY	7
OBSEQUIOUS	10
OBSERVABLE	6
OBSERVANCE	5
OBSERVANT	4
OBSERVATION	4
OBSERVATIONAL	7
OBSERVATORY	4
OBSERVE	5
OBSERVER	5
OBSESS	6
OBSESSED	4
OBSESSION	5
OBSESSIVE	6
OBSIDIAN	7
OBSOLESCENCE	8
OBSOLESCENT	10
OBSOLETE	7
OBSTACLE	3
OBSTANTE	9
OBSTETRIC	8
OBSTETRICIAN	8
OBSTETRICS	10
OBSTINACY	6
OBSTINATE	8
OBSTRUCT	6
OBSTRUCTION	5
OBTAIN	4
OBTRUDE	8
OBTRUSIVE	10
OBTUSE	7
OBVIATE	12
OBVIOUS	4
OBVIOUSLY	3
OBVIOUSNESS	5
OCARINA	8
OCCASION	3
OCCASIONAL	4
OCCASIONALLY	5
OCCIDENT	10
OCCIDENTAL	8
OCCIPITAL	11
OCCLUDE	9
OCCLUDED	10
OCCLUSION	10
OCCULT	8
OCCULTISM	10
OCCULTIST	8
OCCUPANCY	5
OCCUPANT	5
OCCUPATION	6
OCCUPATIONAL	5
OCCUPY	4
OCCUR	5
OCCURRENCE	6
OCEAN	0
OCEANFRONT	4
OCEANIC	6
OCEANOGRAPHER	8
OCEANOGRAPHIC	8
OCEANOGRAPHY	8
OCELOT	5
OCHRE	8
OCOTILLO	9
OCTAGON	3
OCTAGONAL	7
OCTANE	10
OCTANT	11
OCTAVE	4
OCTAVO	7
OCTET	7
OCTILLION	10
OCTOGENARIAN	11
OCTOPUS	1
OCTOROON	10
OCULAR	8
OCULIST	6
ODALISQUE	12
ODD	1
ODDBALL	4
ODDITY	6
ODDNESS	4
ODDS	4
ODE	6
ODIFEROUS	9
ODIOUS	9
ODOR	2
ODORANT	6
ODORLESS	5
ODOROUS	6
ODYSSEY	8
OEDIPAL	9
OEUVRE	12
OFF	0
OFFAL	9
OFFBEAT	5
OFFENCE	5
OFFEND	5
OFFENDER	6
OFFENSE	4
OFFENSIVE	4
OFFENSIVENESS	6
OFFER	2
OFFERTORY	6
OFFICE	2
OFFICEMATE	8
OFFICER	2
OFFICIAL	4
OFFICIALDOM	11
OFFICIATE	10
OFFICIOUS	9
OFFICIOUSNESS	9
OFFING	8
OFFISH	7
OFFLOAD	7
OFFSET	6
OFFSHOOT	8
OFFSHORE	5
OFFSPRING	7
OFT	5
OFTEN	2
OGLE	8
OGRE	3
OGRESS	8
OHM	9
OIL	2
OILCAN	3
OILCLOTH	8
OILLAMP	5
OILMAN	6
OILPAPER	7
OILSKIN	9
OILY	2
OINK	0
OINTMENT	3
OKAPI	6
OKAY	0
OKRA	8
OLD	0
OLDEN	5
OLDFASHIONED	4
OLDIE	2
OLDNESS	4
OLEANDER	10
OLEIC	11
OLFACTORY	8
OLIGARCH	9
OLIGARCHY	8
OLIO	10
OLIVE	2
OLYMPICS	3
OMBUDSMAN	12
OMBUDSPERSON	12
OMEGA	8
OMELET	2
OMEN	7
OMICRON	11
OMINOUS	8
OMISSION	8
OMIT	6
OMNIBUS	10
OMNIPOTENCE	9
OMNIPOTENT	6
OMNIPRESENT	6
OMNISCIENCE	8
OMNISCIENT	8
OMNIVOROUS	7
ONBOARD	4
ONCE	0
ONCOLOGIST	10
ONCOLOGY	11
ONCOMING	5
ONE	0
ONENESS	6
ONEROUS	9
ONETIME	3
ONGOING	3
ONION	1
ONLOOKER	4
ONLY	0
ONRUSHING	8
ONSCREEN	6
ONSET	6
ONSHORE	4
ONSIDE	5
ONSLAUGHT	7
ONSTAGE	2
ONTOLOGICAL	10
ONTOLOGY	12
ONUS	11
ONYX	8
OODLES	3
OOLONG	12
OOMPH	4
OOZE	2
OOZY	4
OPACITY	7
OPAL	4
OPAQUE	9
OPEN	0
OPENER	2
OPENHANDED	5
OPENING	1
OPENNESS	4
OPERABLE	8
OPERATE	2
OPERATIC	7
OPERATION	3
OPERATIONAL	6
OPERATIVE	5
OPERATOR	3
OPERCULUM	11
OPERETTA	11
OPHTHALMIC	12
OPHTHALMOLOGIST	6
OPHTHALMOLOGY	7
OPIATE	9
OPINE	9
OPINION	3
OPINIONATED	6
OPIUM	7
OPOSSUM	4
OPPONENT	4
OPPORTUNE	6
OPPORTUNISM	9
OPPORTUNIST	9
OPPORTUNISTIC	7
OPPORTUNITY	5
OPPOSABLE	6
OPPOSE	6
OPPOSING	3
OPPOSITE	0
OPPOSITION	7
OPPRESS	7
OPPRESSED	6
OPPRESSION	7
OPPRESSIVE	7
OPPRESSIVENESS	8
OPPRESSOR	8
OPPROBRIOUS	6
OPS	9
OPT	8
OPTIC	6
OPTICAL	6
OPTICIAN	6
OPTICS	8
OPTIMAL	9
OPTIMISM	7
OPTIMIST	6
OPTIMISTIC	6
OPTIMIZATION	7
OPTIMIZE	6
OPTIMUM	6
OPTION	4
OPTIONAL	4
OPTOMETRIST	4
OPTOMETRY	9
OPULENCE	7
OPULENT	10
OPUS	9
ORACLE	7
ORAL	4
ORANGE	0
ORANGERY	7
ORANGEY	2
ORANGUTAN	3
ORATE	9
ORATION	9
ORATOR	8
ORATORIO	10
ORATORY	10
ORB	6
ORBIT	3
ORBITAL	8
ORBITER	4
ORCHARD	3
ORCHESTRA	4
ORCHESTRAL	6
ORCHESTRATE	6
ORCHESTRATION	7
ORCHID	5
ORCHIDACEOUS	12
ORDAIN	6
ORDEAL	5
ORDER	1
ORDERLINESS	5
ORDERLY	3
ORDINANCE	8
ORDINARINESS	7
ORDINARY	4
ORDINATE	8
ORDINATION	9
ORDNANCE	9
ORDURE	11
ORE	6
OREGANO	6
ORGAN	4
ORGANDY	8
ORGANIC	9
ORGANISM	6
ORGANISMIC	9
ORGANIST	3
ORGANIZATION	4
ORGANIZATIONAL	6
ORGANIZE	1
ORGANIZER	5
ORGASM	9
ORGASMIC	11
ORGIASTIC	10
ORGY	9
ORIEL	7
ORIENTAL	3
ORIENTATE	9
ORIENTATION	7
ORIFICE	6
ORIGAMI	4
ORIGIN	5
ORIGINAL	3
ORIGINALITY	5
ORIGINALLY	3
ORIGINATE	5
ORIGINATION	6
ORIGINATOR	8
ORIOLE	5
ORMOLU	10
ORNAMENT	1
ORNAMENTAL	5
ORNAMENTATION	6
ORNATE	5
ORNERINESS	7
ORNERY	5
ORNITHOLOGICAL	12
ORNITHOLOGIST	10
ORNITHOLOGY	10
OROTUND	10
ORPHAN	2
ORPHANAGE	4
ORPHANED	3
ORPHIC	10
ORT	10
ORTHOCLASE	12
ORTHODONTIC	7
ORTHODONTICS	6
ORTHODONTIST	5
ORTHODOX	8
ORTHODOXY	10
ORTHOGRAPHIC	10
ORTHOGRAPHY	9
ORTHOPEDIC	7
ORTHOPEDICS	6
ORTHOPEDIST	9
ORTHOTIC	9
OSCILLATE	9
OSCILLATING	8
OSCILLATION	10
OSCILLATOR	9
OSCILLOSCOPE	11
OSCULATION	12
OSIER	9
OSMIUM	11
OSMOSIS	8
OSMOTIC	9
OSPREY	10
OSSEOUS	10
OSSIFICATION	10
OSSIFIED	11
OSSUARY	12
OSTENSIBLE	11
OSTENTATION	10
OSTENTATIOUS	9
OSTEOPATH	11
OSTEOPOROSIS	9
OSTRACISM	10
OSTRICH	1
OTHER	0
OTHERNESS	4
OTHERWISE	3
OTHERWORLD	5
OTHERWORLDLY	6
OTTER	0
OTTOMAN	6
OUBLIETTE	12
OUCH	0
OUGHT	5
OUNCE	4
OUR	0
OURS	0
OURSELVES	3
OUST	8
OUSTER	8
OUT	0
OUTAGE	4
OUTBACK	5
OUTBID	7
OUTBOARD	6
OUTBOUND	5
OUTBOX	9
OUTBREAK	6
OUTBUILDING	6
OUTBURST	6
OUTCAST	4
OUTCLASS	5
OUTCOME	5
OUTCRY	5
OUTDATED	5
OUTDISTANCE	8
OUTDO	5
OUTDOOR	0
OUTDOORS	0
OUTDOORSMAN	4
OUTDOORSY	6
OUTDRAW	5
OUTER	2
OUTERMOST	7
OUTERWEAR	4
OUTFIELD	2
OUTFIELDER	3
OUTFIGHT	6
OUTFIT	2
OUTFITTER	9
OUTFLANK	8
OUTFLOW	7
OUTFOX	6
OUTGO	7
OUTGOING	3
OUTGROW	2
OUTGROWTH	6
OUTGUESS	5
OUTGUN	6
OUTHOUSE	3
OUTING	3
OUTLANDER	7
OUTLANDISH	7
OUTLAST	5
OUTLAW	1
OUTLAWRY	8
OUTLAY	10
OUTLET	3
OUTLINE	4
OUTLIVE	3
OUTLOOK	6
OUTLYING	6
OUTMANEUVER	7
OUTMODE	9
OUTMODED	11
OUTNUMBER	3
OUTNUMBERED	5
OUTPATIENT	7
OUTPERFORM	8
OUTPLACEMENT	8
OUTPLAY	5
OUTPOST	7
OUTPOUR	7
OUTPOURING	6
OUTPUT	6
OUTRACE	5
OUTRAGE	5
OUTRAGED	4
OUTRAGEOUS	4
OUTRAGEOUSNESS	5
OUTRANGE	6
OUTRANK	6
OUTREACH	8
OUTRIDE	7
OUTRIGGER	6
OUTRUN	3
OUTSELL	6
OUTSET	7
OUTSHINE	6
OUTSHOOT	6
OUTSIDE	0
OUTSIDER	4
OUTSIZE	8
OUTSIZED	6
OUTSKIRTS	6
OUTSMART	4
OUTSOURCE	9
OUTSPEND	6
OUTSPOKEN	7
OUTSPOKENNESS	6
OUTSTANDING	2
OUTSTARE	5
OUTSTAY	7
OUTSTRETCHED	5
OUTSTRIP	7
OUTTAKE	6
OUTTAKES	9
OUTTALK	7
OUTTHINK	7
OUTTURN	7
OUTWEAR	4
OUTWEIGH	6
OUTWIT	5
OUTWORK	7
OUTWORN	6
OUZO	8
OVAL	1
OVARIAN	9
OVARY	7
OVATION	6
OVEN	1
OVER	1
OVERABUNDANCE	6
OVERACHIEVE	5
OVERACHIEVER	7
OVERACT	5
OVERACTIVE	7
OVERAGE	7
OVERALL	3
OVERAMBITIOUS	8
OVERANALYZE	10
OVERANXIOUS	8
OVERARM	6
OVERAWE	7
OVERBEARING	6
OVERBID	5
OVERBILL	9
OVERBITE	3
OVERBLOWN	4
OVERBOARD	4
OVERBURDEN	7
OVERCALL	6
OVERCAST	4
OVERCHARGE	5
OVERCOAT	4
OVERCOME	3
OVERCOMPENSATE	10
OVERCOMPENSATION	8
OVERCONFIDENCE	5
OVERCONFIDENT	7
OVERCOOK	4
OVERCROWD	3
OVERCROWDED	4
OVERDO	4
OVERDOSE	7
OVERDRAFT	10
OVERDRAMATIC	6
OVERDRAMATIZE	7
OVERDRAWN	9
OVERDRESS	5
OVERDRIVE	6
OVERDUB	8
OVERDUE	3
OVEREAGER	5
OVEREAT	3
OVEREATER	4
OVEREDUCATED	8
OVEREMOTIONAL	6
OVEREMPHASIS	6
OVERENTHUSIASTIC	7
OVERESTIMATE	8
OVERESTIMATION	6
OVEREXCITE	6
OVEREXCITEMENT	4
OVEREXPOSE	7
OVEREXPOSED	7
OVEREXPOSURE	7
OVEREXTEND	7
OVEREXTENSION	8
OVERFEED	4
OVERFILL	3
OVERFLOW	1
OVERGROWN	4
OVERHAND	4
OVERHANG	6
OVERHANGING	4
OVERHAUL	6
OVERHEAD	4
OVERHEADS	5
OVERHEAR	3
OVERHEAT	4
OVERHEATED	3
OVERINDULGE	6
OVERINDULGENCE	8
OVERINDULGENT	8
OVERINFLATED	5
OVERJOYED	5
OVERKILL	4
OVERLAND	6
OVERLAP	4
OVERLAPPING	5
OVERLAY	7
OVERLOAD	5
OVERLONG	6
OVERLOOK	5
OVERLORD	8
OVERMATCH	6
OVERNIGHT	0
OVERNIGHTER	4
OVERPASS	4
OVERPAY	5
OVERPAYMENT	8
OVERPLAY	6
OVERPOPULATE	8
OVERPOPULATION	8
OVERPOWER	3
OVERPRESSURE	7
OVERPRICE	5
OVERPRICED	4
OVERPRODUCE	7
OVERPRODUCTION	7
OVERPROTECT	4
OVERPROTECTIVE	5
OVERQUALIFIED	8
OVERRATE	6
OVERRATED	5
OVERREACH	6
OVERREACT	5
OVERREACTION	6
OVERREPRESENTATION	9
OVERRIDE	8
OVERRIDING	7
OVERRULE	3
OVERRUN	4
OVERSEA	3
OVERSEE	6
OVERSEER	7
OVERSELL	8
OVERSENSITIVE	5
OVERSEXED	10
OVERSHADOW	4
OVERSHOE	8
OVERSHOOT	6
OVERSIGHT	6
OVERSIMPLIFICATION	7
OVERSIMPLIFY	6
OVERSIZED	5
OVERSLEEP	4
OVERSPECIALIZED	9
OVERSPEND	6
OVERSPREAD	5
OVERSTAFFED	9
OVERSTATE	8
OVERSTATEMENT	6
OVERSTAY	5
OVERSTEP	7
OVERSTIMULATION	7
OVERSTOCK	7
OVERSTRESS	9
OVERSTUFF	5
OVERT	10
OVERTAKE	4
OVERTAX	6
OVERTHROW	6
OVERTIME	4
OVERTONE	9
OVERTRAIN	8
OVERTURE	6
OVERTURN	4
OVERUSE	4
OVERVIEW	6
OVERWATER	5
OVERWEENING	8
OVERWEIGHT	4
OVERWHELM	4
OVERWHELMING	5
OVERWORK	6
OVERWORKED	5
OVERWRITE	6
OVERWROUGHT	10
OVERZEALOUS	6
OVERZEALOUSNESS	9
OVOID	8
OVULATE	8
OVULATION	7
OVUM	7
OWE	4
OWL	1
OWLET	6
OWN	0
OWNER	3
OWNERSHIP	4
OXALATE	10
OXBLOOD	7
OXBOW	6
OXCART	5
OXIDATION	8
OXIDE	10
OXIDIZATION	9
OXIDIZED	8
OXIDIZER	10
OXLIPS	7
OXTAIL	7
OXYACETYLENE	12
OXYGEN	4
OXYGENATE	7
OXYGENATING	9
OXYGENATION	8
OXYMORON	9
OYSTER	3
OZONE	8
PABULUM	11
PACE	3
PACEMAKER	7
PACER	7
PACHINKO	12
PACHYDERM	6
PACIFICATION	8
PACIFIER	0
PACIFISM	8
PACIFIST	8
PACIFISTIC	9
PACIFY	5
PACK	2
PACKABLE	5
PACKAGE	2
PACKAGING	4
PACKER	5
PACKET	4
PACKHORSE	8
PACKINGHOUSE	10
PACKSADDLE	8
PACT	4
PAD	4
PADDED	2
PADDING	3
PADDLE	2
PADDLEBALL	3
PADDLER	3
PADDOCK	7
PADDY	7
PADLOCK	4
PADRE	6
PAEAN	9
PAELLA	9
PAGAN	8
PAGANISM	10
PAGE	0
PAGEANT	5
PAGEANTRY	6
PAGEBOY	8
PAGER	5
PAGINATE	11
PAGINATION	11
PAGING	6
PAGODA	7
PAIL	1
PAIN	0
PAINED	4
PAINFUL	1
PAINKILLER	7
PAINLESS	4
PAINS	2
PAINSTAKING	6
PAINT	0
PAINTBALL	8
PAINTBOX	1
PAINTBRUSH	1
PAINTER	1
PAINTERLY	10
PAINTING	0
PAINTWORK	5
PAIR	1
PAISLEY	6
PAJAMA	0
PAJAMAS	0
PAL	1
PALACE	2
PALANQUIN	10
PALATABLE	8
PALATE	7
PALATIAL	9
PALATINATE	12
PALAVER	10
PALAZZO	11
PALE	2
PALEFACE	6
PALENESS	5
PALEOGRAPHY	10
PALEONTOLOGIST	8
PALEONTOLOGY	8
PALETTE	6
PALFREY	9
PALIMONY	11
PALINDROME	8
PALINODE	12
PALL	7
PALLADIUM	9
PALLBEARER	5
PALLET	7
PALLIATION	12
PALLIATIVE	12
PALLID	10
PALLOR	8
PALM	1
PALMATE	9
PALMETTO	8
PALMISTRY	10
PALMTOP	6
PALMTREE	2
PALMY	9
PALOMINO	9
PALOOKA	9
PALPATE	10
PALPATION	10
PALPITATE	10
PALPITATION	9
PALSY	9
PALTER	10
PALTRY	5
PAMPAS	8
PAMPER	4
PAMPHLET	5
PAN	0
PANACEA	12
PANACHE	8
PANATELA	10
PANCAKE	0
PANCHROMATIC	12
PANCREAS	8
PANCREATIC	9
PANCREATITIS	11
PANDA	1
PANDEMIC	7
PANDEMONIUM	9
PANDER	8
PANDOWDY	9
PANE	5
PANEGYRIC	12
PANEL	4
PANELING	3
PANELIST	6
PANFRY	6
PANG	6
PANHANDLE	7
PANHANDLER	8
PANIC	3
PANICKY	4
PANICLE	9
PANJANDRUM	11
PANOPLY	11
PANORAMA	9
PANORAMIC	7
PANPIPE	7
PANSEXUAL	11
PANSY	3
PANT	1
PANTHEISTIC	9
PANTHEON	7
PANTHER	2
PANTIES	1
PANTOGRAPH	10
PANTOMIME	4
PANTRY	3
PANTS	0
PANTSUIT	4
PANTY	1
PANTYHOSE	1
PANTYWAIST	6
PANZER	9
PAP	8
PAPA	0
PAPACY	8
PAPAL	7
PAPARAZZO	9
PAPAW	5
PAPAYA	6
PAPER	0
PAPERBACK	3
PAPERBOY	3
PAPERCLIP	1
PAPERHANGER	6
PAPERLESS	6
PAPERMAKING	3
PAPERWEIGHT	2
PAPERWORK	3
PAPERY	5
PAPILLA	9
PAPILLARY	12
PAPIST	9
PAPOOSE	6
PAPRIKA	5
PAPYRUS	6
PAR	5
PARA	8
PARABLE	6
PARABOLIC	10
PARACHUTE	2
PARACHUTIST	6
PARADE	2
PARADIGM	12
PARADIGMATIC	11
PARADISE	4
PARADISIACAL	10
PARADOX	9
PARADOXICAL	9
PARAFFIN	9
PARAGLIDING	7
PARAGON	10
PARAGRAPH	2
PARAKEET	2
PARALDEHYDE	11
PARALEGAL	10
PARALLEL	5
PARALLELISM	6
PARALLELOGRAM	6
PARALYSIS	5
PARALYTIC	11
PARALYZE	5
PARAMECIUM	9
PARAMEDIC	5
PARAMEDICAL	7
PARAMEDICS	4
PARAMETER	6
PARAMETERIZATION	12
PARAMILITARY	8
PARAMOUR	10
PARANOIA	8
PARANOIAC	11
PARANOID	7
PARANORMAL	8
PARAPET	7
PARAPHERNALIA	8
PARAPHRASE	8
PARAPLEGIA	8
PARAPLEGIC	9
PARAPSYCHOLOGIST	12
PARAPSYCHOLOGY	11
PARASITE	5
PARASITIC	7
PARASITISM	9
PARASOL	7
PARATHYROID	11
PARATROOP	6
PARATROOPER	8
PARATROOPS	7
PARATYPHOID	10
PARBOIL	9
PARCEL	6
PARCH	7
PARCHED	4
PARCHMENT	6
PARD	10
PARDON	3
PARDONABLE	6
PARDONER	7
PARE	6
PAREGORIC	12
PARENT	0
PARENTAGE	8
PARENTAL	5
PARENTHESIS	4
PARENTHETIC	10
PARENTHOOD	3
PARENTING	5
PARENTLESS	5
PARESIS	10
PARFAIT	6
PARIAH	10
PARIETAL	12
PARING	5
PARISH	6
PARISHIONER	7
PARITY	9
PARK	0
PARKA	5
PARKING	1
PARKLAND	5
PARLANCE	8
PARLAY	9
PARLIAMENT	7
PARLIAMENTARIAN	9
PARLIAMENTARY	7
PARLOR	4
PARLOUS	8
PARMESAN	3
PAROCHIAL	8
PARODY	8
PAROLE	6
PAROLEE	8
PARONOMASIA	12
PAROTID	12
PAROXYSM	11
PAROXYSMAL	12
PARQUET	9
PARQUETRY	12
PARRICIDE	9
PARROT	1
PARROTFISH	9
PARRY	6
PARSE	8
PARSEC	12
PARSER	9
PARSIMONIOUS	10
PARSLEY	4
PARSNIP	6
PARSONAGE	8
PART	0
PARTAKE	6
PARTAKER	6
PARTIAL	5
PARTIALITY	6
PARTIBLE	7
PARTICIPANT	3
PARTICIPATE	2
PARTICIPATION	3
PARTICIPATORY	8
PARTICIPLE	7
PARTICLE	5
PARTICLEBOARD	9
PARTICULAR	3
PARTICULARS	7
PARTICULATE	9
PARTING	3
PARTISAN	9
PARTITION	9
PARTNER	1
PARTNERSHIP	5
PARTRIDGE	3
PARTWAY	4
PARTY	0
PASHA	11
PASS	0
PASSABLE	5
PASSAGE	3
PASSAGEWAY	4
PASSBOOK	10
PASSE	8
PASSEL	8
PASSENGER	2
PASSER	7
PASSERBY	5
PASSERINE	7
PASSION	6
PASSIONATE	6
PASSIONLESS	6
PASSIVE	4
PASSIVISM	9
PASSIVITY	8
PASSKEY	8
PASSPORT	7
PASSWORD	4
PAST	2
PASTA	1
PASTE	0
PASTEBOARD	5
PASTEL	5
PASTERN	7
PASTICHE	10
PASTIES	6
PASTILLE	9
PASTIME	7
PASTOR	2
PASTORAL	6
PASTRAMI	3
PASTRY	2
PASTURE	1
PASTURELAND	4
PASTY	6
PAT	0
PATCH	2
PATCHOULI	12
PATCHWORK	4
PATCHY	4
PATE	8
PATELLA	9
PATELLAR	10
PATEN	8
PATENT	7
PATENTABLE	10
PATENTED	7
PATERFAMILIAS	12
PATERNAL	6
PATERNITY	8
PATH	1
PATHETIC	4
PATHFINDER	7
PATHLESS	7
PATHOGEN	8
PATHOGENIC	11
PATHOLOGIC	8
PATHOLOGICAL	8
PATHOLOGIST	10
PATHOLOGY	9
PATHOS	8
PATHWAY	2
PATIENCE	3
PATIENT	2
PATINA	11
PATIO	3
PATISSERIE	9
PATOIS	10
PATRIARCH	8
PATRIARCHAL	8
PATRIARCHY	7
PATRICIAN	11
PATRICIDAL	10
PATRICIDE	9
PATRIMONY	10
PATRIOT	5
PATRIOTIC	3
PATRIOTISM	4
PATROL	4
PATROLMAN	5
PATRON	8
PATRONAGE	8
PATRONESS	7
PATRONIZE	6
PATRONIZING	8
PATRONYMIC	10
PATROON	9
PATTER	4
PATTERN	2
PATTERNED	4
PAUCITY	11
PAUNCH	8
PAUNCHY	9
PAUPER	4
PAUPERIZATION	11
PAUSE	2
PAVE	3
PAVEMENT	1
PAVER	6
PAVILION	6
PAW	1
PAWN	4
PAWNBROKER	9
PAWNSHOP	5
PAWPAW	3
PAY	1
PAYABLE	4
PAYBACK	2
PAYCHECK	4
PAYDAY	4
PAYER	5
PAYLOAD	8
PAYMASTER	8
PAYMENT	4
PAYOFF	5
PAYOLA	9
PAYOUT	7
PAYPHONE	2
PAYROLL	8
PEA	0
PEACE	1
PEACEABLE	4
PEACEFUL	2
PEACEFULNESS	3
PEACEKEEPER	4
PEACEKEEPING	4
PEACEMAKER	5
PEACEMAKING	5
PEACENIK	10
PEACETIME	5
PEACH	0
PEACHY	3
PEACOCK	1
PEAHEN	7
PEAK	2
PEAKY	3
PEAL	2
PEANUT	0
PEANUTS	0
PEAR	0
PEARL	1
PEARLY	4
PEASANT	4
PEASANTRY	7
PEASE	7
PEASHOOTER	5
PEAT	8
PEATY	8
PEBBLE	1
PECAN	2
PECCADILLO	9
PECCARY	8
PECK	3
PECKER	4
PECKERWOOD	5
PECORINO	10
PECTORAL	8
PECULIAR	7
PECULIARITY	7
PECUNIARY	9
PEDAGOGUE	12
PEDAL	2
PEDANT	9
PEDANTIC	9
PEDDLE	2
PEDDLER	3
PEDERAST	12
PEDERASTY	12
PEDESTAL	6
PEDESTRIAN	5
PEDIATRICS	6
PEDICAB	9
PEDICURE	6
PEDICURIST	10
PEDIGREE	7
PEDIGREED	8
PEDIMENT	9
PEDOMETER	9
PEDOPHILE	8
PEDOPHILIA	10
PEDUNCLE	11
PEE	0
PEEK	1
PEEKABOO	0
PEEL	1
PEELER	3
PEELINGS	1
PEEN	10
PEEP	3
PEEPER	3
PEEPHOLE	4
PEEPSHOW	8
PEER	5
PEERLESS	9
PEEVE	7
PEEVED	6
PEEVISH	10
PEG	2
PEGBOARD	3
PEIGNOIR	11
PEJORATIVE	8
PEKOE	9
PELAGE	12
PELARGONIUM	12
PELF	12
PELICAN	3
PELLAGRA	10
PELLET	5
PELOTON	9
PELT	6
PELVIC	6
PELVIS	5
PEN	0
PENAL	8
PENALIZE	6
PENALTY	4
PENANCE	8
PENCHANT	10
PENCIL	0
PENCILSHARPENER	0
PENDANT	5
PENDING	7
PENDULOUS	8
PENDULUM	7
PENETRATE	6
PENETRATION	6
PENETRATIVE	8
PENETRATOR	9
PENGUIN	1
PENHOLDER	5
PENICILLIN	5
PENILE	9
PENINSULA	4
PENIS	4
PENITENCE	7
PENITENT	9
PENITENTIAL	8
PENITENTIARY	6
PENKNIFE	7
PENLIGHT	6
PENMANSHIP	4
PENNANT	6
PENNILESS	6
PENNY	0
PENNYROYAL	10
PENNYWEIGHT	6
PENOLOGIST	12
PENOLOGY	11
PENSION	8
PENSIONER	9
PENSIVE	9
PENT	7
PENTACLE	9
PENTAGRAM	6
PENTAMETER	9
PENTANGLE	7
PENTATHLON	8
PENTHOUSE	8
PENTOBARBITAL	12
PENTOTHAL	12
PENULTIMATE	11
PENURIOUS	9
PENURY	12
PEON	6
PEONY	7
PEOPLE	0
PEP	4
PEPLUM	11
PEPPER	0
PEPPERBOX	7
PEPPERCORN	6
PEPPERMINT	1
PEPPERONI	1
PEPPERY	4
PEPPY	4
PEPSIN	8
PEPTIC	10
PEPTIDE	11
PER	4
PERADVENTURE	6
PERAMBULATE	10
PERAMBULATOR	10
PERCALE	11
PERCEIVE	5
PERCENT	3
PERCENTAGE	5
PERCENTILE	8
PERCEPT	8
PERCEPTIBLE	7
PERCEPTION	7
PERCEPTIVE	7
PERCEPTIVENESS	8
PERCEPTUAL	9
PERCH	4
PERCHANCE	8
PERCIPIENT	11
PERCOLATE	8
PERCOLATOR	5
PERCUSSION	5
PERCUSSIONIST	5
PERCUSSIVE	6
PERDITION	11
PEREGRINE	8
PEREMPTORY	12
PERENNIAL	9
PERESTROIKA	10
PERFECT	1
PERFECTIBLE	7
PERFECTION	5
PERFECTIONISM	7
PERFECTIONIST	7
PERFECTIVE	8
PERFECTLY	1
PERFECTO	7
PERFIDIOUS	10
PERFIDY	9
PERFORATE	8
PERFORATION	6
PERFORATOR	7
PERFORM	3
PERFORMANCE	3
PERFORMER	2
PERFUME	2
PERFUMED	4
PERFUMER	5
PERFUMERY	8
PERFUNCTORY	11
PERFUSE	7
PERFUSION	10
PERHAPS	3
PERICARDIAL	12
PERICARDIUM	10
PERIGEE	9
PERIL	7
PERILOUS	7
PERIMETER	5
PERINEUM	12
PERIOD	2
PERIODIC	8
PERIODICAL	6
PERIODONTAL	9
PERIPATETIC	12
PERIPHERAL	9
PERIPHERY	8
PERIPHRASIS	9
PERISCOPE	5
PERISH	6
PERISHABLE	7
PERISTALSIS	9
PERISTALTIC	12
PERITONEAL	12
PERITONEUM	10
PERITONITIS	12
PERIWIG	11
PERIWINKLE	5
PERJURE	9
PERJURER	9
PERJURY	8
PERK	5
PERKINESS	5
PERKY	4
PERM	4
PERMAFROST	10
PERMANENCE	7
PERMANENCY	7
PERMANENT	3
PERMANGANATE	11
PERMEABILITY	9
PERMEABLE	8
PERMEATE	9
PERMISSIBLE	6
PERMISSION	1
PERMISSIVE	6
PERMISSIVENESS	8
PERMIT	4
PERMITTIVITY	10
PERMUTATION	9
PERMUTE	11
PERNICIOUS	10
PEROXIDE	5
PERPENDICULAR	6
PERPETRATE	7
PERPETRATION	9
PERPETRATOR	8
PERPETUAL	9
PERPETUATE	8
PERPETUATION	9
PERPETUITY	8
PERPLEX	7
PERPLEXING	7
PERSECUTE	5
PERSECUTION	7
PERSECUTOR	7
PERSECUTORY	10
PERSEVERANCE	6
PERSEVERATE	9
PERSEVERE	6
PERSIFLAGE	12
PERSIMMON	10
PERSIST	5
PERSISTENCE	5
PERSISTENCY	6
PERSISTENT	6
PERSNICKETY	8
PERSON	0
PERSONA	6
PERSONABLE	7
PERSONAGE	8
PERSONAL	3
PERSONALITY	4
PERSONALIZE	5
PERSONALLY	3
PERSONHOOD	8
PERSONIFICATION	9
PERSONIFY	8
PERSONNEL	6
PERSPECTIVE	6
PERSPICACIOUS	10
PERSPICACITY	11
PERSPICUITY	11
PERSPICUOUS	9
PERSPIRATION	5
PERSPIRE	7
PERSUADE	6
PERSUADER	7
PERSUASION	6
PERSUASIVE	7
PERSUASIVENESS	7
PERT	5
PERTAIN	6
PERTINACIOUS	12
PERTINENCE	7
PERTINENT	9
PERTURB	6
PERTURBATION	9
PERUSAL	8
PERUSE	8
PERVADE	8
PERVASIVE	10
PERVERSE	8
PERVERSENESS	9
PERVERSION	8
PERVERSITY	9
PERVERT	5
PERVERTED	7
PESETA	11
PESKY	5
PESO	7
PESSIMISM	7
PESSIMIST	8
PESSIMISTIC	7
PEST	2
PESTER	2
PESTHOLE	7
PESTICIDE	7
PESTIFEROUS	12
PESTILENCE	8
PESTILENT	8
PESTILENTIAL	9
PESTLE	8
PESTO	9
PET	0
PETAL	1
PETARD	10
PETITE	4
PETITION	6
PETITIONER	8
PETRIFACTION	9
PETRIFIED	4
PETRIFY	5
PETROCHEMICAL	10
PETROL	7
PETROLATUM	6
PETROLEUM	6
PETROLOGY	9
PETTICOAT	6
PETTIFOGGING	11
PETTINESS	8
PETTISH	10
PETTY	5
PETULANCE	9
PETULANT	8
PETUNIA	4
PEW	4
PEWTER	8
PEYOTE	11
PFENNIG	10
PHAETON	7
PHAGE	11
PHALANGE	10
PHALANX	9
PHALLIC	10
PHALLUS	9
PHANTASMAGORIA	12
PHANTOM	3
PHARAOH	3
PHARISAIC	11
PHARISAICAL	9
PHARMACEUTICAL	8
PHARMACEUTICS	9
PHARMACIST	4
PHARMACOLOGICAL	9
PHARMACOLOGY	10
PHARMACOPOEIA	11
PHARMACOTHERAPY	11
PHARMACY	4
PHAROS	9
PHARYNGEAL	12
PHASE	4
PHEASANT	5
PHENOBARBITAL	12
PHENOL	10
PHENOLPHTHALEIN	10
PHENOMENAL	6
PHENOMENOLOGICAL	10
PHENOMENON	7
PHENOTYPE	8
PHENYL	9
PHEROMONE	10
PHI	8
PHIAL	10
PHILANDER	9
PHILANDERER	12
PHILANTHROPIC	9
PHILANTHROPIST	9
PHILANTHROPY	9
PHILATELY	12
PHILHARMONIC	10
PHILISTINE	7
PHILODENDRON	8
PHILOLOGIST	10
PHILOLOGY	11
PHILOSOPHER	7
PHILOSOPHIC	9
PHILOSOPHICAL	7
PHILOSOPHIZE	9
PHILOSOPHIZER	9
PHILOSOPHY	8
PHISH	10
PHLEBITIS	12
PHLEBOTOMY	9
PHLEGM	6
PHLOEM	9
PHLOX	10
PHO	10
PHOBIA	5
PHOBIC	7
PHONE	0
PHONETIC	5
PHONETICS	6
PHONEY	4
PHONICS	4
PHONINESS	7
PHONOGRAPH	4
PHONOGRAPHIC	7
PHONY	3
PHOOEY	3
PHOSGENE	12
PHOSPHATE	8
PHOSPHATIC	10
PHOSPHOR	10
PHOSPHORESCENCE	9
PHOSPHORESCENT	7
PHOSPHORIC	10
PHOSPHOROUS	6
PHOSPHORUS	9
PHOTO	0
PHOTOCHEMICAL	9
PHOTOCOPIER	5
PHOTOCOPY	6
PHOTODYNAMIC	10
PHOTOELECTRIC	8
PHOTOELECTRON	10
PHOTOGENIC	7
PHOTOGRAPH	2
PHOTOGRAPHER	3
PHOTOGRAPHIC	4
PHOTOGRAPHY	3
PHOTOJOURNALISM	9
PHOTOJOURNALIST	8
PHOTOMONTAGE	8
PHOTOMULTIPLIER	11
PHOTON	8
PHOTOPERIODIC	11
PHOTOPHOBIA	10
PHOTOPLAY	9
PHOTOSENSITIVE	8
PHOTOSYNTHESIS	6
PHOTOSYNTHESIZE	6
PHOTOTROPISM	10
PHOTOVOLTAIC	11
PHRASE	3
PHRASEBOOK	7
PHRASEMAKER	7
PHRASEOLOGY	11
PHRASING	7
PHRENOLOGIST	12
PHRENOLOGY	12
PHYLUM	8
PHYSIC	7
PHYSICAL	3
PHYSICALITY	9
PHYSICIAN	4
PHYSICIST	8
PHYSICS	7
PHYSIOGNOMIC	11
PHYSIOLOGIC	10
PHYSIOLOGICAL	7
PHYSIOLOGIST	10
PHYSIOLOGY	8
PHYSIOTHERAPY	12
PHYSIQUE	7
PIANISSIMO	6
PIANIST	3
PIANO	1
PIANOFORTE	7
PIASTER	10
PIAZZA	8
PICA	11
PICADOR	12
PICAROON	11
PICAYUNE	11
PICCALILLI	11
PICE	9
PICK	0
PICKANINNY	6
PICKAX	5
PICKER	3
PICKET	6
PICKLE	1
PICKLED	4
PICKLOCK	7
PICKOFF	5
PICKPOCKET	4
PICKUP	2
PICKY	1
PICNIC	1
PICNICKER	3
PICOT	10
PICTOGRAM	7
PICTOGRAPH	8
PICTOGRAPHIC	8
PICTORIAL	8
PICTURE	0
PICTURES	0
PICTURESQUE	8
PIDDLE	3
PIDDLING	6
PIDGIN	5
PIE	0
PIECE	0
PIECEWORK	7
PIED	7
PIER	5
PIERCE	3
PIERCER	7
PIETY	8
PIFFLE	8
PIG	0
PIGBOAT	5
PIGEON	1
PIGEONHOLE	6
PIGGERY	6
PIGGY	0
PIGGYBACK	0
PIGGYBANK	1
PIGHEADED	4
PIGLET	1
PIGMENT	6
PIGMENTATION	7
PIGMY	10
PIGPEN	1
PIGSKIN	3
PIGSTY	3
PIGSWILL	8
PIGTAIL	1
PIGTAILED	1
PIKE	7
PIKER	7
PIKESTAFF	9
PILAF	7
PILCHARD	10
PILE	1
PILEUP	4
PILFER	6
PILFERAGE	10
PILFERER	10
PILGRIM	1
PILGRIMAGE	6
PILL	1
PILLAGE	6
PILLAR	3
PILLBOX	4
PILLION	10
PILLORY	11
PILLOW	0
PILLOWCASE	0
PILOT	1
PILOTHOUSE	6
PILOTLESS	6
PIMIENTO	6
PIMP	8
PIMPLE	5
PIMPLED	5
PIMPLY	6
PIN	0
PINAFORE	9
PINBALL	2
PINCER	6
PINCH	1
PINCHPENNY	6
PINCUSHION	4
PINE	1
PINEAL	11
PINEAPPLE	1
PINECONE	0
PINEY	7
PINFEATHER	7
PING	4
PINHEAD	5
PINHEADED	6
PINHOLE	4
PINION	10
PINK	0
PINKEYE	4
PINKIE	0
PINKISH	3
PINNACLE	8
PINNATE	11
PINOCHLE	7
PINOT	11
PINPOINT	5
PINPRICK	4
PINSCHER	7
PINSTRIPE	5
PINT	3
PINTO	4
PINTSIZE	3
PINUP	6
PINWHEEL	3
PIONEER	3
PIOUS	8
PIP	6
PIPE	3
PIPELINE	5
PIPER	3
PIPETTE	9
PIPING	5
PIPKIN	12
PIPSQUEAK	2
PIQUANCY	8
PIQUANT	10
PIQUE	8
PIQUET	12
PIRACY	6
PIRANHA	4
PIRATE	2
PIRATICAL	7
PIROUETTE	6
PISCATORIAL	10
PISCINE	12
PISMIRE	11
PISS	3
PISSER	7
PISTACHIO	4
PISTIL	5
PISTILLATE	9
PISTOL	2
PISTON	5
PIT	1
PITA	7
PITCH	1
PITCHBLENDE	12
PITCHER	1
PITCHFORK	2
PITCHMAN	7
PITEOUS	8
PITFALL	8
PITH	8
PITHECANTHROPUS	12
PITHY	8
PITIABLE	8
PITIFUL	4
PITILESS	7
PITMAN	6
PITON	8
PITTANCE	7
PITTER	6
PITUITARY	8
PITY	4
PIVOT	6
PIVOTAL	7
PIX	8
PIXEL	9
PIXIE	3
PIZZA	0
PIZZAZZ	7
PIZZERIA	4
PIZZICATO	9
PLACARD	7
PLACATE	9
PLACE	0
PLACEBO	7
PLACEHOLDER	6
PLACEKICKER	6
PLACEMENT	4
PLACENTA	7
PLACENTAL	10
PLACER	6
PLACID	8
PLACKET	8
PLAGIARISM	6
PLAGIARIST	8
PLAGIARIZE	7
PLAGUE	4
PLAICE	9
PLAID	4
PLAIN	2
PLAINCLOTHES	5
PLAINCLOTHESMAN	8
PLAINNESS	5
PLAINT	7
PLAINTIFF	7
PLAINTIVE	9
PLAIT	8
PLAN	2
PLANE	0
PLANELOAD	5
PLANER	4
PLANET	2
PLANETARIUM	5
PLANETARY	5
PLANETOID	8
PLANK	3
PLANKTON	6
PLANNER	4
PLANT	0
PLANTAIN	8
PLANTAR	9
PLANTATION	5
PLANTER	3
PLAQUE	2
PLASM	8
PLASMA	8
PLASMID	10
PLASTER	4
PLASTERER	6
PLASTIC	0
PLASTICITY	7
PLASTICIZER	12
PLAT	10
PLATE	0
PLATEAU	5
PLATEFUL	3
PLATELET	8
PLATEN	12
PLATFORM	3
PLATING	7
PLATINUM	7
PLATITUDE	8
PLATONIC	8
PLATOON	7
PLATTER	4
PLATYPUS	3
PLAUSIBILITY	6
PLAUSIBLE	8
PLAY	0
PLAYA	9
PLAYABLE	2
PLAYACT	6
PLAYBACK	4
PLAYBOOK	6
PLAYBOY	7
PLAYER	2
PLAYFUL	1
PLAYFULNESS	3
PLAYGIRL	8
PLAYGROUND	0
PLAYHOUSE	0
PLAYLIST	9
PLAYMAKER	7
PLAYMATE	0
PLAYOFF	4
PLAYPEN	0
PLAYROOM	1
PLAYSUIT	4
PLAYTHING	3
PLAYTIME	0
PLAYWRIGHT	5
PLAYWRITING	6
PLAZA	5
PLEA	3
PLEAD	5
PLEADER	6
PLEASANT	3
PLEASANTNESS	3
PLEASANTRY	7
PLEASE	0
PLEASED	3
PLEASER	4
PLEASING	2
PLEASURABLE	6
PLEASURE	3
PLEAT	7
PLEATED	5
PLEBE	10
PLEBEIAN	9
PLEBISCITE	12
PLEBS	11
PLEDGE	2
PLENARY	11
PLENIPOTENTIARY	11
PLENITUDE	8
PLENTEOUS	10
PLENTIFUL	3
PLENTY	1
PLENUM	12
PLESIOSAUR	5
PLETHORA	8
PLEURA	9
PLEURAL	6
PLEURISY	9
PLEXUS	12
PLIABILITY	7
PLIABLE	6
PLIERS	2
PLIGHT	7
PLINK	4
PLOD	5
PLODDER	5
PLOP	2
PLOSIVE	8
PLOT	4
PLOTTER	6
PLOW	2
PLOWBOY	8
PLOY	8
PLUCK	5
PLUCKY	6
PLUG	1
PLUM	1
PLUMAGE	8
PLUMB	5
PLUMBER	4
PLUMBING	3
PLUME	6
PLUMMET	8
PLUMP	3
PLUMPER	4
PLUMY	7
PLUNDER	7
PLUNGE	4
PLUNGER	5
PLUNK	4
PLUPERFECT	10
PLURAL	2
PLURALISM	9
PLURALIST	11
PLURALISTIC	10
PLURALITY	9
PLURALIZATION	6
PLUS	1
PLUSH	5
PLUSHY	4
PLUTOCRACY	10
PLUTOCRAT	8
PLUTOCRATIC	11
PLUTONIAN	11
PLUTONIC	8
PLUTONIUM	9
PLUVIAL	11
PLY	7
PLYWOOD	4
PNEUMATIC	9
PNEUMATICS	10
PNEUMONIA	5
PNEUMONIC	8
POACH	5
POACHER	5
POCK	7
POCKET	0
POCKETBOOK	4
POCKETFUL	2
POCKETKNIFE	1
POCKMARK	8
POCUS	5
POD	3
PODCAST	11
PODGY	9
PODIATRIC	9
PODIATRIST	11
PODIUM	4
POEM	2
POESY	7
POET	4
POETESS	8
POETIC	5
POETICAL	6
POETRY	3
POGO	3
POGROM	9
POI	8
POIGNANCY	8
POIGNANT	8
POINSETTIA	4
POINT	0
POINTER	3
POINTIER	5
POINTILLISM	10
POINTLESS	3
POINTY	2
POISE	6
POISON	1
POISONER	4
POISONING	3
POISONOUS	0
POKE	0
POKER	4
POKY	2
POLAR	3
POLARITY	8
POLARIZATION	11
POLARIZE	7
POLE	1
POLECAT	6
POLEMIC	9
POLESTAR	8
POLICE	0
POLICEMAN	0
POLICEWOMAN	1
POLICY	5
POLICYHOLDER	9
POLIO	7
POLISH	3
POLISHER	6
POLITBURO	10
POLITE	0
POLITENESS	2
POLITIC	6
POLITICAL	5
POLITICIAN	4
POLITICIZE	10
POLITICK	9
POLITICO	9
POLITICS	4
POLKA	3
POLL	7
POLLEN	3
POLLINATE	5
POLLINATION	5
POLLING	5
POLLIWOG	3
POLLOI	9
POLLUTANT	6
POLLUTE	4
POLLUTER	3
POLLUTION	4
POLLYWOG	6
POLO	5
POLONAISE	6
POLONIUM	9
POLTERGEIST	4
POLTROON	9
POLY	8
POLYCARBONATE	11
POLYCHROMATIC	10
POLYCLINIC	10
POLYCYCLIC	10
POLYCYSTIC	12
POLYESTER	5
POLYETHYLENE	11
POLYGAMIST	9
POLYGAMOUS	9
POLYGAMY	8
POLYGENIC	9
POLYGLOT	12
POLYGONAL	7
POLYGRAPH	8
POLYGRAPHIST	9
POLYMER	11
POLYMERIZATION	10
POLYMORPH	10
POLYMORPHIC	11
POLYMORPHOUS	10
POLYNOMIAL	8
POLYP	11
POLYPHONIC	11
POLYSTYRENE	11
POLYSYLLABIC	9
POLYTECHNIC	10
POLYTHEISM	7
POLYTHEIST	10
POLYTHENE	12
POLYUNSATURATED	10
POLYURETHANE	9
POLYVINYL	10
POMADE	10
POMEGRANATE	6
POMP	7
POMPOM	4
POMPON	4
POMPOSITY	10
POMPOUS	8
PONCHO	4
POND	0
PONDER	6
PONDEROUS	8
PONE	9
PONG	4
PONIARD	9
PONTIFF	8
PONTIFICATE	10
PONTOON	7
PONY	0
PONYTAIL	1
POOCH	3
POODLE	2
POOF	1
POOL	0
POOLROOM	4
POOLSIDE	3
POOLTABLE	3
POOP	0
POOR	1
POORHOUSE	6
POORLY	3
POP	0
POPCORN	0
POPE	4
POPERY	8
POPEYED	2
POPGUN	4
POPINJAY	7
POPLAR	5
POPLIN	8
POPOVER	3
POPPER	5
POPPET	7
POPPY	5
POPPYCOCK	6
POPSICLE	0
POPULACE	7
POPULAR	2
POPULARITY	4
POPULARIZE	6
POPULATE	5
POPULATION	3
POPULIST	9
POPULOUS	8
PORCELAIN	4
PORCH	0
PORCINE	10
PORCUPINE	2
PORE	5
PORK	1
PORKER	6
PORKPIE	6
PORKY	6
PORN	7
PORNO	8
PORNOGRAPHER	10
PORNOGRAPHIC	7
PORNOGRAPHY	8
POROSITY	7
POROUS	6
PORPHYRY	10
PORPOISE	4
PORRIDGE	1
PORRINGER	12
PORT	4
PORTABILITY	7
PORTABLE	3
PORTAGE	8
PORTAL	6
PORTATIVE	7
PORTCULLIS	9
PORTEND	10
PORTENT	8
PORTENTOUS	11
PORTER	5
PORTERHOUSE	10
PORTFOLIO	9
PORTHOLE	5
PORTICO	8
PORTIERE	12
PORTION	3
PORTLY	6
PORTMANTEAU	12
PORTRAIT	3
PORTRAITIST	8
PORTRAITURE	8
PORTRAY	6
PORTRAYAL	5
PORTRAYER	7
PORTSIDE	7
POSADA	10
POSE	3
POSER	8
POSEUR	10
POSH	7
POSIT	10
POSITION	4
POSITIONAL	5
POSITIONING	5
POSITIVE	3
POSITIVITY	7
POSITRON	10
POSSE	6
POSSESS	7
POSSESSION	5
POSSESSIVE	5
POSSESSIVENESS	6
POSSESSOR	8
POSSESSORY	7
POSSIBILITY	3
POSSIBLE	2
POSSUM	2
POST	3
POSTAGE	3
POSTAL	3
POSTBOX	2
POSTCARD	2
POSTDATE	9
POSTDOCTORAL	10
POSTER	3
POSTERIOR	10
POSTERITY	9
POSTGRADUATE	10
POSTHASTE	8
POSTHOLE	4
POSTHUMOUS	10
POSTHYPNOTIC	10
POSTLUDE	9
POSTMAN	0
POSTMARK	6
POSTMASTER	6
POSTMERIDIAN	8
POSTMISTRESS	8
POSTMODERN	9
POSTMODERNISM	10
POSTMODERNIST	12
POSTMORTEM	7
POSTNASAL	10
POSTNATAL	8
POSTOPERATIVE	9
POSTPAID	9
POSTPARTUM	11
POSTPONE	5
POSTPONEMENT	7
POSTPRANDIAL	12
POSTSCRIPT	8
POSTTRAUMATIC	11
POSTULANT	9
POSTULATE	9
POSTURAL	9
POSTURE	4
POSTWAR	6
POSY	4
POT	1
POTABLE	10
POTAGE	8
POTASH	10
POTASSIUM	7
POTATO	0
POTBELLIED	6
POTBOILER	8
POTENCY	8
POTENT	6
POTENTATE	10
POTENTIAL	5
POTENTIALITY	8
POTENTIATE	8
POTHEAD	7
POTHOLE	3
POTHOLING	8
POTHOUSE	8
POTION	3
POTLATCH	7
POTLUCK	3
POTPIE	3
POTPOURRI	5
POTSHOT	8
POTTAGE	9
POTTED	3
POTTER	3
POTTERY	3
POTTY	0
POUCH	2
POULTICE	9
POULTRY	3
POUNCE	4
POUND	2
POUNDAGE	6
POUNDER	6
POUNDING	4
POUR	0
POURER	3
POUT	2
POUTER	7
POUTY	2
POVERTY	5
POWDER	0
POWDERED	2
POWDERPUFF	6
POWDERY	3
POWER	2
POWERBOAT	3
POWERFUL	1
POWERHOUSE	4
POWERLESS	5
POWERLESSNESS	5
POWERSTRIP	7
POWWOW	4
POX	4
PRACTICAL	5
PRACTICALITY	6
PRACTICE	1
PRACTITIONER	9
PRAETOR	12
PRAETORIAN	10
PRAGMATIC	11
PRAGMATISM	11
PRAGMATIST	11
PRAIRIE	2
PRAISE	3
PRAISEWORTHY	5
PRALINE	6
PRAM	5
PRANCE	4
PRANCES	5
PRANK	3
PRANKSTER	4
PRASEODYMIUM	12
PRATE	9
PRATER	10
PRATFALL	9
PRATTLE	7
PRATTLER	9
PRAWN	8
PRAY	1
PRAYER	0
PRAYERFUL	2
PREACH	2
PREACHER	1
PREACHMENT	9
PREACHY	6
PREADOLESCENCE	8
PREADOLESCENT	7
PREAMBLE	7
PREARRANGE	8
PREARRANGED	6
PREARRANGEMENT	8
PREASSIGNED	7
PREBORN	6
PRECANCEROUS	10
PRECARIOUS	10
PRECAUTION	6
PRECAUTIONARY	6
PRECAUTIOUS	7
PRECEDE	5
PRECEDENCE	8
PRECEDENT	6
PRECEPT	9
PRECEPTOR	7
PRECINCT	7
PRECIOSITY	11
PRECIOUS	3
PRECIOUSNESS	6
PRECIPICE	7
PRECIPITATE	5
PRECIPITATING	6
PRECIPITATION	5
PRECIPITOUS	9
PRECIS	9
PRECISE	5
PRECISION	6
PRECLUDE	8
PRECOCIOUS	7
PRECOCITY	11
PRECOGNITION	8
PRECOGNITIVE	10
PRECONCEIVED	8
PRECONCEPTION	9
PRECONDITION	8
PRECONSCIOUS	10
PRECURSOR	7
PREDACEOUS	9
PREDATE	8
PREDATION	8
PREDATOR	3
PREDATORY	7
PREDAWN	5
PREDECEASE	10
PREDECESSOR	9
PREDESTINATE	9
PREDESTINATION	8
PREDETERMINED	6
PREDICABLE	6
PREDICAMENT	5
PREDICATE	8
PREDICATION	7
PREDICT	3
PREDICTABILITY	7
PREDICTABLE	5
PREDICTION	5
PREDICTIVE	6
PREDICTOR	6
PREDIGEST	8
PREDILECTION	10
PREDISPOSE	9
PREDISPOSITION	8
PREDNISONE	12
PREDOMINANCE	8
PREDOMINANT	10
PREDOMINATE	6
PREEMIE	7
PREEMINENCE	8
PREEMINENT	8
PREEMPT	9
PREEMPTION	9
PREEMPTIVE	9
PREEMPTORY	10
PREEN	8
PREEXISTING	5
PREFAB	11
PREFABRICATED	8
PREFACE	5
PREFECT	7
PREFECTURAL	9
PREFECTURE	8
PREFER	2
PREFERABLE	4
PREFERENCE	4
PREFERENTIAL	8
PREFERMENT	12
PREFIX	5
PREFLIGHT	8
PREFRONTAL	9
PREGAME	8
PREGNABLE	9
PREGNANCY	4
PREGNANT	2
PREHEAT	4
PREHENSILE	12
PREHISTORIC	3
PREHISTORICAL	6
PREHISTORY	7
PREINDUSTRIAL	7
PREJUDGE	6
PREJUDICE	5
PREJUDICED	5
PREJUDICIAL	8
PRELATE	8
PRELAUNCH	5
PRELAW	8
PRELIM	9
PRELIMINARY	7
PRELUDE	6
PREMARITAL	8
PREMATURE	7
PREMATURITY	8
PREMED	7
PREMEDICAL	7
PREMEDITATE	9
PREMEDITATION	7
PREMENSTRUAL	8
PREMIER	6
PREMIERE	3
PREMISE	7
PREMISES	8
PREMIUM	5
PREMOLAR	7
PREMONITION	5
PREMONITORY	11
PRENATAL	9
PRENUPTIAL	11
PREOCCUPATION	6
PREOCCUPIED	5
PREOCCUPY	7
PREOPERATIVE	7
PREORDER	8
PREP	4
PREPACKAGED	5
PREPAID	8
PREPARATION	4
PREPARATORY	7
PREPARE	3
PREPAREDNESS	4
PREPARER	5
PREPAY	7
PREPAYMENT	7
PREPONDERANCE	11
PREPOSITION	7
PREPOSITIONAL	8
PREPOSTEROUS	7
PREPPY	6
PREPRODUCTION	10
PREPROGRAM	8
PREPROGRAMMED	9
PREPUBESCENT	9
PREPUCE	11
PREQUEL	7
PRERECORD	8
PRERECORDED	5
PREREQUISITE	8
PREROGATIVE	8
PRESAGE	11
PRESCHOOL	0
PRESCIENCE	8
PRESCIENT	8
PRESCRIBE	4
PRESCRIPTION	4
PRESEASON	5
PRESENCE	4
PRESENT	0
PRESENTABLE	5
PRESENTATION	5
PRESENTER	4
PRESENTIMENT	10
PRESENTMENT	8
PRESERVATION	6
PRESERVATIVE	6
PRESERVE	5
PRESERVER	7
PRESET	3
PRESHOW	6
PRESHRUNK	5
PRESIDE	7
PRESIDENCY	3
PRESIDENT	2
PRESIDENTIAL	4
PRESIDIUM	6
PRESOAK	5
PRESS	1
PRESSBOARD	6
PRESSROOM	6
PRESSURE	4
PRESSURIZATION	10
PRESSURIZE	7
PRESTIDIGITATION	9
PRESTIDIGITATOR	10
PRESTIGE	7
PRESTIGIOUS	7
PRESTO	3
PRESUME	8
PRESUMPTION	9
PRESUMPTIVE	8
PRESUMPTUOUS	9
PRESUMPTUOUSNESS	9
PRESUPPOSE	10
PRESUPPOSITION	10
PRETAX	11
PRETEEN	4
PRETEND	0
PRETENDER	4
PRETENSE	7
PRETENSION	6
PRETENTIOUS	8
PRETENTIOUSNESS	8
PRETERNATURAL	9
PRETEXT	8
PRETRIAL	10
PRETTINESS	3
PRETTY	0
PRETZEL	0
PREVAIL	5
PREVAILING	7
PREVALENCE	6
PREVALENT	8
PREVARICATION	11
PREVENT	4
PREVENTABLE	5
PREVENTATIVE	6
PREVENTER	5
PREVENTION	3
PREVENTIVE	6
PREVERBAL	9
PREVIEW	2
PREVIOUS	3
PREWAR	6
PREWASHED	5
PREY	4
PRICE	2
PRICELESS	5
PRICEY	3
PRICK	4
PRICKLY	1
PRIDE	4
PRIDEFUL	3
PRIEST	2
PRIESTESS	7
PRIESTHOOD	5
PRIG	7
PRIGGISH	12
PRIM	5
PRIMA	8
PRIMAL	7
PRIMARILY	5
PRIMARY	4
PRIMATE	4
PRIMATOLOGIST	10
PRIME	4
PRIMER	6
PRIMEVAL	9
PRIMITIVE	4
PRIMORDIAL	10
PRIMP	7
PRIMROSE	8
PRIMUS	7
PRINCE	0
PRINCEDOM	5
PRINCELY	4
PRINCESS	0
PRINCIPAL	1
PRINCIPLE	5
PRINCIPLED	9
PRINCIPLES	5
PRINT	3
PRINTER	3
PRINTING	3
PRINTOUT	7
PRIOR	6
PRIORITIZE	8
PRIORITY	6
PRISM	5
PRISMATIC	8
PRISON	3
PRISONER	3
PRISSY	4
PRISTINE	7
PRITHEE	10
PRIVACY	3
PRIVATE	1
PRIVATEER	7
PRIVATION	9
PRIVATIZATION	9
PRIVATIZE	9
PRIVET	9
PRIVILEGE	4
PRIVILEGED	6
PRIVY	7
PRIZE	0
PRIZED	3
PRIZEFIGHT	5
PRIZEFIGHTER	6
PRIZEWINNING	3
PRO	3
PROACTIVE	8
PROBABILISTIC	10
PROBABILITY	6
PROBABLE	7
PROBATE	7
PROBATION	7
PROBATIONARY	8
PROBATIVE	9
PROBE	5
PROBING	6
PROBITY	9
PROBLEM	1
PROBLEMATIC	7
PROBLEMATICAL	7
PROBOSCIS	6
PROCAINE	8
PROCEDURAL	6
PROCEDURE	5
PROCEED	3
PROCEEDINGS	6
PROCEEDS	5
PROCESS	6
PROCESSING	5
PROCESSION	7
PROCESSIONAL	6
PROCESSOR	8
PROCLAIM	6
PROCLAMATION	6
PROCLIVITY	10
PROCONSUL	11
PROCRASTINATE	6
PROCRASTINATION	7
PROCRASTINATOR	6
PROCREANT	6
PROCREATE	8
PROCREATION	7
PROCREATIVE	10
PROCREATOR	9
PROCTOLOGIST	10
PROCTOLOGY	12
PROCURATOR	9
PROCURE	9
PROCUREMENT	8
PROCURER	11
PROCURESS	10
PROD	6
PRODIGAL	7
PRODIGIOUS	8
PRODIGY	7
PRODUCE	3
PRODUCER	6
PRODUCT	3
PRODUCTION	4
PRODUCTIVE	4
PRODUCTIVITY	7
PROEM	12
PROFANATION	9
PROFANE	8
PROFANER	8
PROFANITY	6
PROFESS	6
PROFESSION	5
PROFESSIONAL	4
PROFESSIONALISM	7
PROFESSOR	6
PROFESSORIAL	6
PROFESSORSHIP	8
PROFFER	11
PROFICIENCY	7
PROFICIENT	7
PROFILE	4
PROFILER	7
PROFIT	4
PROFITABILITY	7
PROFITABLE	6
PROFITEER	7
PROFITEERING	11
PROFITLESS	8
PROFLIGATE	11
PROFOUND	7
PROFUNDITY	9
PROFUSE	8
PROFUSION	7
PROGENITOR	10
PROGENY	10
PROGESTERONE	12
PROGNOSIS	9
PROGNOSTIC	10
PROGNOSTICATION	9
PROGNOSTICATOR	11
PROGRAM	3
PROGRAMMATIC	12
PROGRAMMER	8
PROGRAMMING	6
PROGRESS	4
PROGRESSION	6
PROGRESSIVE	6
PROHIBIT	6
PROHIBITION	7
PROHIBITIVE	8
PROJECT	4
PROJECTILE	5
PROJECTING	6
PROJECTION	5
PROJECTIONIST	8
PROJECTOR	2
PROLAPSE	9
PROLAPSED	8
PROLEGOMENON	10
PROLETARIAN	11
PROLETARIAT	10
PROLIFERATION	10
PROLIFIC	7
PROLIX	9
PROLIXITY	10
PROLOGUE	8
PROLONG	7
PROLONGED	6
PROM	5
PROMENADE	6
PROMETHEAN	11
PROMETHIUM	8
PROMINENCE	8
PROMINENT	5
PROMISCUITY	9
PROMISCUOUS	8
PROMISE	1
PROMISING	3
PROMISSORY	9
PROMO	8
PROMONTORY	9
PROMOTABLE	9
PROMOTE	5
PROMOTER	7
PROMOTION	6
PROMOTIONAL	6
PROMPT	5
PROMPTER	9
PROMPTITUDE	11
PROMPTLY	5
PROMPTNESS	6
PROMULGATE	12
PROMULGATION	7
PRONE	8
PRONENESS	7
PRONG	6
PRONOUN	4
PRONOUNCE	3
PRONOUNCEMENT	5
PRONTO	5
PRONUNCIATION	3
PROOF	3
PROOFREAD	4
PROOFREADER	5
PROP	6
PROPAGANDA	7
PROPAGANDIST	9
PROPAGANDIZE	10
PROPAGATE	9
PROPAGATION	8
PROPANE	8
PROPEL	5
PROPELLANT	8
PROPELLER	2
PROPENSITY	11
PROPER	3
PROPERTIED	7
PROPERTY	3
PROPHASE	10
PROPHECY	8
PROPHESY	6
PROPHET	5
PROPHETESS	7
PROPHETIC	10
PROPHYLACTIC	10
PROPHYLAXIS	10
PROPINQUITY	11
PROPITIOUS	7
PROPONENT	7
PROPORTION	7
PROPORTIONAL	6
PROPORTIONALITY	8
PROPORTIONATE	6
PROPOSAL	6
PROPOSE	4
PROPOSITION	7
PROPOUND	7
PROPRIETARY	9
PROPRIETOR	7
PROPRIETRESS	8
PROPRIETY	10
PROPULSION	8
PROPYLENE	10
PRORATE	10
PROSAIC	9
PROSCENIUM	11
PROSCIUTTO	11
PROSCRIBE	10
PROSE	7
PROSECUTE	5
PROSECUTION	7
PROSECUTOR	6
PROSECUTORIAL	9
PROSELYTE	9
PROSELYTIZE	12
PROSLAVERY	7
PROSPECT	5
PROSPECTIVE	5
PROSPECTOR	7
PROSPECTUS	12
PROSPER	5
PROSPERITY	5
PROSPEROUS	8
PROSTATE	10
PROSTATECTOMY	10
PROSTATIC	7
PROSTHESIS	8
PROSTHETIC	6
PROSTITUTE	7
PROSTITUTION	8
PROSTRATE	11
PROSTRATION	8
PROSY	9
PROTAGONIST	8
PROTEAN	7
PROTEASE	9
PROTECT	2
PROTECTION	3
PROTECTIONIST	8
PROTECTIVE	3
PROTECTIVENESS	5
PROTECTOR	4
PROTECTORATE	9
PROTEGE	8
PROTEGEE	7
PROTEIN	5
PROTEST	4
PROTESTANT	8
PROTESTATION	8
PROTESTER	6
PROTOCOL	9
PROTON	6
PROTOPLASM	10
PROTOPLASMIC	9
PROTOTYPE	8
PROTOTYPICAL	9
PROTRACTED	6
PROTRACTION	9
PROTRACTOR	5
PROTRUDE	7
PROTRUSION	7
PROTUBERANCE	12
PROUD	0
PROVABLE	5
PROVE	3
PROVENANCE	9
PROVENDER	10
PROVERB	3
PROVERBIAL	9
PROVIDE	3
PROVIDENT	11
PROVIDENTIAL	8
PROVIDER	5
PROVINCE	5
PROVINCIAL	8
PROVISION	7
PROVISIONAL	9
PROVISO	9
PROVOCATEUR	10
PROVOCATION	7
PROVOCATIVE	7
PROVOKE	3
PROVOKER	5
PROVOST	12
PROW	8
PROWESS	8
PROWL	5
PROWLER	5
PROXIMAL	9
PROXIMATE	8
PROXIMITY	7
PROXIMO	11
PROXY	10
PRUDE	7
PRUDENCE	7
PRUDENT	8
PRUDERY	11
PRUDISH	7
PRUNE	3
PRUNING	6
PRURIENT	9
PRUSSIC	11
PRY	3
PSALM	4
PSALMIST	6
PSALMODY	10
PSEUDO	9
PSEUDONYM	8
PSEUDOSCIENCE	10
PSEUDOSCIENTIFIC	10
PSI	10
PSILOCYBIN	10
PSITTACOSIS	12
PSORIASIS	11
PSYCH	5
PSYCHE	8
PSYCHEDELIC	7
PSYCHIATRIC	7
PSYCHIATRIST	8
PSYCHIATRY	7
PSYCHIC	6
PSYCHICAL	6
PSYCHO	3
PSYCHOACTIVE	10
PSYCHOANALYSIS	9
PSYCHOANALYST	10
PSYCHOANALYTIC	10
PSYCHOANALYTICAL	11
PSYCHOANALYZE	11
PSYCHOBABBLE	9
PSYCHOBIOLOGICAL	10
PSYCHODRAMA	11
PSYCHODYNAMIC	12
PSYCHODYNAMICS	10
PSYCHOKINETIC	10
PSYCHOLINGUISTICS	11
PSYCHOLOGICAL	7
PSYCHOLOGIST	7
PSYCHOLOGY	7
PSYCHOMETRIC	10
PSYCHONEUROSIS	12
PSYCHONEUROTIC	11
PSYCHOPATH	8
PSYCHOPATHIC	7
PSYCHOPATHOLOGICAL	10
PSYCHOPATHOLOGY	11
PSYCHOPHYSICS	10
PSYCHOPHYSIOLOGY	10
PSYCHOSEXUAL	12
PSYCHOSIS	11
PSYCHOSOCIAL	10
PSYCHOSOMATIC	10
PSYCHOSURGERY	11
PSYCHOTHERAPIST	10
PSYCHOTHERAPY	9
PSYCHOTIC	6
PSYCHOTROPIC	11
PTERODACTYL	5
PTOMAINE	9
PUB	7
PUBERTAL	11
PUBERTY	6
PUBES	6
PUBESCENCE	8
PUBESCENT	9
PUBIC	5
PUBIS	6
PUBLIC	3
PUBLICAN	8
PUBLICATION	6
PUBLICIST	9
PUBLICITY	6
PUBLICIZE	6
PUBLISH	4
PUBLISHER	6
PUBLISHING	5
PUCE	10
PUCK	3
PUCKER	3
PUCKISH	6
PUDDING	0
PUDDLE	0
PUDDLING	4
PUDGY	3
PUEBLO	7
PUERILE	9
PUERILITY	12
PUFF	1
PUFFBALL	3
PUFFER	6
PUFFERY	7
PUFFIN	4
PUFFINESS	3
PUFFING	3
PUFFY	2
PUG	4
PUGILISM	12
PUGILIST	10
PUGILISTIC	10
PUGNACIOUS	10
PUGNACITY	10
PUISSANCE	11
PUKE	2
PUKKA	9
PULCHRITUDE	11
PULCHRITUDINOUS	12
PULL	0
PULLBACK	6
PULLER	6
PULLET	9
PULLEY	5
PULLOUT	5
PULLOVER	3
PULMONARY	8
PULP	5
PULPIT	6
PULPY	5
PULSAR	9
PULSATE	9
PULSATION	8
PULSE	5
PULVERIZE	8
PUMA	4
PUMICE	7
PUMMEL	7
PUMP	1
PUMPER	4
PUMPKIN	0
PUN	6
PUNCH	1
PUNCHBOWL	3
PUNCHEON	12
PUNCHER	3
PUNCHINGBAG	3
PUNCHY	8
PUNCTILIO	12
PUNCTILIOUS	10
PUNCTUAL	6
PUNCTUALITY	6
PUNCTUATE	3
PUNCTUATION	4
PUNCTURE	4
PUNDIT	9
PUNGENCY	9
PUNGENT	8
PUNISH	2
PUNISHABLE	4
PUNISHER	3
PUNISHMENT	0
PUNITIVE	8
PUNK	5
PUNSTER	8
PUNT	3
PUNTER	5
PUNY	3
PUP	0
PUPA	6
PUPATE	8
PUPIL	3
PUPPET	0
PUPPETEER	3
PUPPETRY	4
PUPPY	0
PURBLIND	5
PURCHASE	3
PURCHASER	5
PURE	3
PUREBLOOD	5
PUREBRED	6
PUREE	6
PURENESS	6
PURGATION	10
PURGATIVE	9
PURGATORIAL	10
PURGATORY	7
PURGE	7
PURIFICATION	6
PURIFIER	5
PURIFY	6
PURIST	7
PURITAN	8
PURITANICAL	8
PURITY	5
PURL	9
PURLIEU	12
PURLOIN	9
PURPLE	0
PURPLISH	2
PURPORT	11
PURPOSE	3
PURPOSEFUL	5
PURPOSEFULNESS	6
PURPOSELESS	7
PURR	0
PURSE	1
PURSER	9
PURSUE	5
PURSUER	6
PURSUIT	5
PURULENT	11
PURVEYOR	8
PURVIEW	10
PUS	3
PUSH	0
PUSHBUTTON	4
PUSHCART	4
PUSHCHAIR	5
PUSHER	4
PUSHINESS	4
PUSHOVER	6
PUSHROD	9
PUSHUP	3
PUSHY	3
PUSILLANIMITY	11
PUSILLANIMOUS	10
PUSS	4
PUSSY	5
PUSSYCAT	1
PUSSYFOOT	7
PUSTULE	9
PUT	0
PUTATIVE	10
PUTDOWN	5
PUTREFACTION	9
PUTREFIED	8
PUTREFY	7
PUTRESCENCE	10
PUTRESCENT	10
PUTRID	8
PUTRIDITY	10
PUTSCH	11
PUTT	4
PUTTER	4
PUTTY	3
PUZZLE	0
PUZZLED	3
PUZZLEMENT	6
PUZZLER	5
PYGMY	8
PYJAMAS	1
PYLON	8
PYLORIC	12
PYORRHEA	10
PYRAMID	3
PYRAMIDAL	9
PYRE	9
PYRETHRUM	11
PYRITE	7
PYROMANIA	8
PYROMANIAC	8
PYROPHOSPHATE	10
PYROTECHNIC	8
PYROTECHNICS	10
PYRRHIC	12
PYTHON	3
QUACK	0
QUACKERY	6
QUAD	8
QUADRANGLE	8
QUADRANGULAR	9
QUADRANT	8
QUADRATIC	8
QUADRICEPS	8
QUADRILLE	9
QUADRILLION	6
QUADRILLIONTH	8
QUADRIPARTITE	12
QUADRIPLEGIA	10
QUADRIPLEGIC	9
QUADROON	9
QUADRUPED	7
QUADRUPLE	6
QUADRUPLET	6
QUAFF	9
QUAGMIRE	9
QUAIL	5
QUAINT	8
QUAINTNESS	8
QUAKE	3
QUALIFICATION	6
QUALIFICATIONS	6
QUALIFIED	5
QUALIFIER	8
QUALIFY	5
QUALITATIVE	10
QUALITY	4
QUALM	8
QUANDARY	8
QUANTIFIABLE	10
QUANTIFY	9
QUANTITATIVE	9
QUANTITY	6
QUANTUM	9
QUARANTINE	8
QUARANTINING	8
QUARREL	3
QUARRELSOME	5
QUARRY	6
QUART	3
QUARTER	1
QUARTERBACK	3
QUARTERDECK	9
QUARTERFINAL	7
QUARTERLY	6
QUARTERMASTER	8
QUARTERS	1
QUARTERSTAFF	7
QUARTET	4
QUARTETTE	6
QUARTO	8
QUARTZ	4
QUASAR	9
QUASH	7
QUASI	8
QUATERNARY	11
QUATRAIN	9
QUAY	10
QUEASINESS	6
QUEASY	6
QUEEN	0
QUEER	6
QUELL	9
QUENCH	5
QUENCHER	6
QUENELLE	11
QUERY	9
QUESADILLA	6
QUEST	5
QUESTING	9
QUESTION	1
QUESTIONABLE	3
QUESTIONER	5
QUESTIONNAIRE	6
QUETZAL	8
QUEUE	7
QUIBBLE	7
QUICHE	8
QUICK	1
QUICKEN	4
QUICKIE	8
QUICKLIME	10
QUICKLY	1
QUICKNESS	3
QUICKSAND	5
QUICKSILVER	7
QUICKSTEP	7
QUID	6
QUIET	0
QUIETNESS	3
QUIETUDE	10
QUIETUS	9
QUILL	4
QUILT	2
QUILTED	5
QUILTER	6
QUIN	7
QUINCE	9
QUININE	7
QUINOA	12
QUINSY	9
QUINT	8
QUINTAL	9
QUINTESSENCE	11
QUINTESSENTIAL	11
QUINTET	5
QUINTILLION	10
QUINTUPLE	6
QUINTUPLICATE	8
QUIP	8
QUIRE	10
QUIRK	6
QUIRKINESS	7
QUIRKY	5
QUISLING	8
QUIT	0
QUITCLAIM	11
QUITE	2
QUITTER	2
QUIVER	6
QUIVERING	6
QUIVERY	6
QUIXOTIC	9
QUIZ	2
QUIZMASTER	4
QUIZZICAL	7
QUONDAM	8
QUORUM	10
QUOTA	8
QUOTABLE	6
QUOTATION	4
QUOTE	3
QUOTH	9
QUOTIDIAN	9
QUOTIENT	6
RABBET	8
RABBI	4
RABBINIC	7
RABBINICAL	8
RABBIT	0
RABBLE	7
RABID	4
RABIES	3
RACCOON	2
RACE	1
RACECOURSE	3
RACEHORSE	2
RACEME	12
RACER	0
RACETRACK	4
RACEWAY	3
RACIAL	6
RACIALISM	9
RACIALIST	9
RACISM	5
RACIST	4
RACK	1
RACKET	3
RACKETEER	9
RACKETEERING	11
RACONTEUR	12
RACOON	1
RACQUETBALL	6
RACY	6
RADAR	5
RADIAL	6
RADIANCE	5
RADIANT	5
RADIATE	8
RADIATION	6
RADIATOR	4
RADICAL	7
RADICALISM	9
RADICALIZE	10
RADICCHIO	12
RADIO	0
RADIOACTIVE	7
RADIOACTIVITY	7
RADIOCARBON	11
RADIOGRAM	11
RADIOGRAPH	10
RADIOISOTOPE	11
RADIOLOGIC	6
RADIOLOGICAL	8
RADIOLOGIST	8
RADIOLOGY	8
RADIOMAN	5
RADIOMETER	9
RADIONUCLIDE	12
RADIOTHERAPY	10
RADISH	0
RADIUM	9
RADIUS	5
RADIX	9
RADON	11
RAFFIA	9
RAFFISH	10
RAFFLE	4
RAFT	2
RAFTER	6
RAFTING	3
RAG	0
RAGA	10
RAGAMUFFIN	3
RAGE	4
RAGGED	4
RAGGEDY	1
RAGGING	7
RAGING	6
RAGOUT	6
RAGTAG	5
RAGTIME	7
RAGWEED	6
RAGWORT	9
RAID	5
RAIDER	4
RAIL	3
RAILBIRD	7
RAILCAR	3
RAILHEAD	7
RAILING	2
RAILLERY	9
RAILROAD	1
RAILROADTRACKS	2
RAILWAY	2
RAIMENT	10
RAIN	0
RAINBOW	0
RAINCOAT	1
RAINDROP	1
RAINFALL	0
RAINFOREST	2
RAINMAKER	4
RAINSTORM	0
RAINWATER	1
RAINY	0
RAISE	2
RAISER	4
RAISIN	0
RAKE	0
RAKISH	10
RALLY	6
RAM	3
RAMBLE	6
RAMBLER	6
RAMBLING	6
RAMBUNCTIOUS	5
RAMJET	12
RAMMER	6
RAMOSE	12
RAMP	2
RAMPAGE	5
RAMPANT	7
RAMPART	5
RAMROD	6
RAMSHACKLE	7
RANCH	2
RANCHER	5
RANCHERO	8
RANCHING	4
RANCID	5
RANCIDITY	9
RANCOROUS	10
RANDOM	4
RANDOMIZATION	8
RANDOMNESS	5
RANGE	2
RANGELAND	8
RANGER	4
RANK	4
RANKING	4
RANKNESS	7
RANSACK	6
RANSOM	5
RANT	4
RANTS	6
RANUNCULUS	12
RAP	4
RAPACIOUS	10
RAPACITY	12
RAPE	6
RAPESEED	9
RAPID	4
RAPIDITY	8
RAPIER	9
RAPINE	11
RAPIST	7
RAPPEL	8
RAPPER	6
RAPPORT	8
RAPPROCHEMENT	11
RAPSCALLION	11
RAPT	10
RAPTOR	6
RAPTURE	7
RAPTUROUS	9
RARE	2
RAREBIT	7
RAREFIED	9
RARELY	4
RARING	8
RARITY	6
RASCAL	2
RASCALITY	7
RASH	1
RASHNESS	7
RASP	8
RASPBERRY	0
RASPY	6
RAT	0
RATATOUILLE	11
RATCHET	5
RATE	4
RATFINK	6
RATHER	2
RATIFICATION	8
RATIFY	7
RATING	4
RATIO	6
RATIOCINATE	9
RATIOCINATION	10
RATION	5
RATIONAL	5
RATIONALE	7
RATIONALIST	9
RATIONALITY	7
RATIONALIZATION	7
RATIONALIZE	7
RATIONING	7
RATTAIL	5
RATTAN	9
RATTLE	0
RATTLEBRAINED	7
RATTLER	2
RATTLESNAKE	2
RATTRAP	2
RATTY	4
RAUCOUS	9
RAUNCHY	6
RAVAGE	8
RAVAGER	9
RAVE	7
RAVEN	4
RAVENOUS	7
RAVINE	6
RAVIOLI	2
RAVISH	8
RAVISHER	9
RAVISHING	7
RAW	2
RAWHIDE	5
RAWNESS	4
RAY	2
RAYON	8
RAZE	7
RAZOR	2
RAZORBACK	7
RAZORBLADE	3
RAZZ	6
RAZZLE	6
REACH	0
REACHABLE	4
REACQUAINT	8
REACQUAINTED	5
REACQUIRE	8
REACQUISITION	9
REACT	2
REACTANT	9
REACTION	3
REACTIONARY	8
REACTIVATE	6
REACTIVATION	8
REACTIVE	5
REACTOR	8
READ	0
READABLE	3
READDRESS	6
READER	0
READERSHIP	6
READINESS	5
READJUST	6
READJUSTMENT	8
READMIT	7
READOUT	6
READY	1
READYMADE	4
REAFFIRM	7
REAFFIRMATION	8
REAGENT	9
REAL	0
REALIGN	5
REALIGNMENT	7
REALISM	8
REALIST	8
REALISTIC	4
REALITY	5
REALIZATION	6
REALIZE	3
REALLOCATION	11
REALLY	1
REALM	6
REALNESS	2
REALTOR	7
REALTY	6
REAM	8
REAMER	9
REANIMATE	7
REANIMATION	8
REAP	5
REAPER	6
REAPPEAR	4
REAPPEARANCE	5
REAPPORTIONMENT	9
REAPPRAISAL	9
REAPPRAISE	8
REAR	2
REARGUARD	8
REARM	8
REARMAMENT	10
REARRANGE	3
REARRANGEMENT	4
REARWARD	6
REASON	3
REASONABLE	3
REASONABLENESS	7
REASONING	5
REASSEMBLE	4
REASSERT	7
REASSESS	8
REASSESSMENT	9
REASSIGN	6
REASSIGNMENT	5
REASSUME	6
REASSURANCE	6
REASSURE	4
REATTACH	5
REATTACHMENT	5
REAWAKEN	4
REBALANCE	6
REBAR	7
REBATE	7
REBEL	5
REBELLION	5
REBELLIOUS	5
REBELLIOUSNESS	6
REBIRTH	5
REBOOK	7
REBOOT	9
REBORN	5
REBOUND	4
REBOUNDER	8
REBROADCAST	5
REBUFF	8
REBUILD	4
REBUKE	8
REBURIAL	9
REBURY	4
REBUT	7
REBUTTABLE	9
REBUTTAL	9
RECALCITRANCE	11
RECALCITRANT	10
RECALCULATE	7
RECALIBRATE	9
RECALIBRATION	10
RECALL	6
RECANT	9
RECAP	5
RECAPITALIZE	9
RECAPITULATE	12
RECAPITULATION	9
RECAPTURE	5
RECAST	7
RECEDE	7
RECEIPT	4
RECEIVABLE	5
RECEIVE	3
RECEIVER	5
RECEIVERSHIP	10
RECENCY	9
RECENT	3
RECEPTACLE	5
RECEPTION	4
RECEPTIONIST	5
RECEPTIVE	7
RECEPTIVITY	7
RECEPTOR	7
RECERTIFICATION	9
RECESS	1
RECESSION	9
RECESSIONARY	10
RECESSIVE	8
RECHARGE	4
RECHARGER	6
RECHECK	5
RECHRISTEN	7
RECIDIVISM	11
RECIDIVIST	12
RECIPE	2
RECIPIENT	3
RECIPROCAL	7
RECIPROCATE	8
RECIPROCATION	8
RECIPROCITY	10
RECIRCULATION	7
RECITAL	2
RECITATION	9
RECITE	3
RECKLESS	4
RECKLESSNESS	6
RECKON	4
RECKONING	8
RECLAIM	6
RECLAMATION	8
RECLINE	4
RECLINER	1
RECLINING	4
RECLUSE	6
RECLUSIVE	8
RECOGNITION	5
RECOGNIZABLE	4
RECOGNIZANCE	9
RECOGNIZE	4
RECOIL	6
RECOILLESS	8
RECOLLECT	5
RECOLLECTION	6
RECOMBINANT	11
RECOMBINATION	8
RECOMBINE	8
RECOMMENCE	9
RECOMMEND	4
RECOMMENDATION	6
RECOMMIT	8
RECOMPENSE	8
RECOMPRESSION	8
RECON	9
RECONCILE	5
RECONCILEMENT	7
RECONCILIATION	6
RECONCILIATORY	10
RECONDITION	7
RECONFIGURATION	9
RECONFIGURE	8
RECONFIRM	7
RECONNAISSANCE	8
RECONNECT	4
RECONNECTION	5
RECONNOITER	7
RECONSIDER	5
RECONSIDERATION	7
RECONSTITUTE	9
RECONSTITUTION	8
RECONSTRUCT	6
RECONSTRUCTION	7
RECONSTRUCTIVE	6
RECONVENE	8
RECONVERSION	8
RECONVICT	8
RECORD	1
RECORDABLE	6
RECORDER	3
RECORDING	2
RECORDPLAYER	1
RECOUNT	4
RECOUP	8
RECOURSE	8
RECOVER	3
RECOVERABLE	7
RECOVERY	3
RECREANT	8
RECREATE	4
RECREATION	4
RECREATIONAL	4
RECRIMINATE	10
RECRIMINATION	9
RECRUIT	6
RECRUITMENT	6
RECTAL	8
RECTANGLE	0
RECTANGULAR	0
RECTIFICATION	10
RECTIFY	11
RECTITUDE	8
RECTOR	8
RECTORY	9
RECTUM	5
RECTUS	8
RECUMBENT	9
RECUPERATE	7
RECUPERATION	7
RECUPERATIVE	9
RECUR	6
RECURRENCE	7
RECURRENT	6
RECURRING	5
RECURSIVE	8
RECYCLABLE	4
RECYCLE	6
RECYCLED	3
RECYCLING	6
RED	0
REDBIRD	3
REDBONE	8
REDBREAST	4
REDCAP	9
REDCOAT	5
REDDEN	4
REDDISH	1
REDECORATE	5
REDECORATION	5
REDEDICATE	7
REDEDICATION	10
REDEEM	4
REDEEMABLE	5
REDEEMER	6
REDEFINE	5
REDEFINITION	7
REDEMPTION	6
REDEPLOY	8
REDEPLOYMENT	10
REDESIGN	5
REDEVELOP	7
REDEVELOPMENT	8
REDEYE	5
REDHEAD	1
REDHEADED	1
REDIAL	4
REDIRECT	6
REDISCOVER	6
REDISCOVERY	5
REDISTRIBUTE	6
REDISTRIBUTION	7
REDISTRICT	9
REDLINE	7
REDNECK	4
REDNESS	1
REDO	3
REDOUBLE	5
REDOUBT	8
REDOUBTABLE	11
REDRAFT	8
REDRAW	6
REDRESS	7
REDSKIN	5
REDUCE	3
REDUCER	8
REDUCIBLE	7
REDUCTION	6
REDUCTIONIST	9
REDUCTIVE	8
REDUNDANCY	10
REDUNDANT	8
REED	4
REEDIT	7
REEDUCATION	9
REEF	5
REEFER	9
REEK	4
REEL	4
REELECT	6
REELECTION	6
REEMERGE	7
REEMPHASIZE	6
REENACT	9
REENACTMENT	6
REENGAGE	7
REENLIST	7
REENLISTMENT	9
REENTER	5
REENTRY	7
REESTABLISH	5
REEVALUATE	6
REEVALUATION	7
REEXAMINATION	8
REEXAMINE	6
REF	3
REFECTION	7
REFER	4
REFERABLE	7
REFEREE	3
REFEREEING	2
REFERENCE	4
REFERENDUM	9
REFERENT	8
REFERENTIAL	10
REFERRAL	6
REFIGHT	4
REFILL	2
REFINANCE	11
REFINE	7
REFINED	5
REFINEMENT	6
REFINER	8
REFINERY	6
REFINISH	5
REFIT	7
REFLECT	5
REFLECTANCE	9
REFLECTION	1
REFLECTIVE	6
REFLECTIVITY	8
REFLECTOR	4
REFLEX	3
REFLEXIVE	6
REFLEXIVITY	8
REFLEXOLOGY	10
REFLUX	11
REFOCUS	6
REFORM	8
REFORMAT	8
REFORMATION	7
REFORMATORY	8
REFORMER	9
REFORMIST	9
REFORMULATE	9
REFRACT	7
REFRACTION	7
REFRACTIVE	7
REFRACTOR	9
REFRACTORY	9
REFRAIN	6
REFRAME	5
REFREEZE	5
REFRESH	6
REFRESHER	5
REFRESHING	3
REFRESHMENT	2
REFRIED	4
REFRIGERANT	9
REFRIGERATE	1
REFRIGERATION	2
REFRIGERATOR	0
REFUEL	5
REFUGE	6
REFUGEE	6
REFUND	4
REFUNDABLE	6
REFURBISH	8
REFURBISHMENT	8
REFURNISH	7
REFUSAL	3
REFUSE	4
REFUTATION	9
REFUTE	9
REGAIN	6
REGAL	5
REGALE	8
REGALIA	9
REGARD	5
REGARDS	5
REGATTA	8
REGENCY	7
REGENERATE	5
REGENERATION	7
REGENERATIVE	9
REGENERATOR	8
REGENT	11
REGGAE	7
REGIME	8
REGIMEN	6
REGIMENT	7
REGIMENTAL	8
REGIMENTATION	8
REGIMENTED	8
REGION	4
REGIONAL	6
REGIONALISM	8
REGISTER	4
REGISTRAR	10
REGISTRATION	6
REGISTRY	8
REGRESS	8
REGRESSION	9
REGRESSIVE	10
REGRET	5
REGRETFUL	5
REGRETTABLE	5
REGROUP	5
REGULAR	4
REGULARITY	7
REGULARIZATION	10
REGULARIZE	7
REGULARLY	3
REGULATE	7
REGULATION	6
REGULATOR	7
REGULATORY	7
REGURGITATE	6
REGURGITATION	5
REHAB	9
REHABILITATE	8
REHABILITATION	9
REHASH	7
REHEARSAL	3
REHEARSE	4
REHEAT	3
REHIRE	7
REHYDRATE	9
REHYDRATION	5
REIGN	4
REIGNING	6
REIGNITE	5
REIMBURSE	8
REIMBURSEMENT	7
REIN	5
REINCARNATE	7
REINCARNATION	6
REINDEER	0
REINFORCE	5
REINFORCEMENT	5
REINITIALIZE	9
REINITIATE	9
REINS	4
REINSERT	5
REINSERTION	8
REINSTALL	8
REINSTATE	8
REINSTATEMENT	7
REINSTITUTE	9
REINSURE	9
REINTEGRATE	8
REINTEGRATION	10
REINTERPRETATION	7
REINTRODUCE	7
REINTRODUCTION	6
REINVENT	6
REINVENTION	7
REINVEST	8
REINVESTIGATE	7
REINVESTMENT	10
REINVIGORATE	7
REISSUE	7
REITERATE	8
REITERATION	8
REJECT	5
REJECTION	4
REJOICE	4
REJOIN	6
REJOINDER	10
REJUVENATE	7
REJUVENATED	7
REJUVENATION	7
REKINDLE	8
RELABEL	8
RELAPSE	8
RELATABLE	8
RELATE	5
RELATION	3
RELATIONAL	6
RELATIONSHIP	4
RELATIVE	1
RELATIVISM	10
RELATIVISTIC	11
RELATIVITY	7
RELAX	2
RELAXANT	8
RELAXATION	5
RELAXED	3
RELAXER	6
RELAXING	3
RELAY	4
RELEARN	4
RELEASABLE	6
RELEASE	4
RELEGATE	7
RELENT	7
RELENTLESS	5
RELENTLESSNESS	8
RELEVANCE	7
RELEVANCY	7
RELEVANT	5
RELIABILITY	5
RELIABLE	4
RELIANCE	6
RELIANT	7
RELIC	6
RELICT	10
RELIEF	3
RELIEVE	3
RELIEVER	5
RELIGHT	3
RELIGION	2
RELIGIONIST	9
RELIGIOSITY	9
RELIGIOUS	3
RELINQUISH	7
RELINQUISHMENT	8
RELIQUARY	9
RELISH	3
RELIVE	5
RELOAD	4
RELOCATE	5
RELOCATION	5
RELOCK	4
RELUCTANCE	6
RELUCTANT	6
RELY	4
REMAIN	3
REMAINDER	3
REMAINING	2
REMAINS	3
REMAKE	3
REMAND	8
REMARK	3
REMARKABLE	5
REMARRIAGE	6
REMARRY	4
REMATCH	4
REMATERIALIZE	8
REMEDIAL	8
REMEDY	4
REMEMBER	1
REMEMBRANCE	6
REMIND	3
REMINDER	3
REMINISCE	8
REMINISCENCE	7
REMINISCENCES	8
REMINISCENT	7
REMISS	7
REMISSION	9
REMIT	11
REMITTANCE	9
REMIX	5
REMNANT	7
REMODEL	5
REMODELER	6
REMOLD	8
REMONSTRATION	10
REMORA	9
REMORSE	6
REMORSEFUL	6
REMORSELESS	6
REMORTGAGE	10
REMOTE	2
REMOTENESS	5
REMOUNT	10
REMOVABLE	5
REMOVAL	2
REMOVE	1
REMOVER	2
REMUNERATION	11
REMUNERATIVE	12
RENAISSANCE	7
RENAL	12
RENAME	4
RENASCENCE	8
REND	8
RENDER	7
RENDERER	8
RENDEZVOUS	7
RENDITION	7
RENEGADE	5
RENEGE	8
RENEGOTIATE	8
RENEGOTIATION	6
RENEW	5
RENEWABLE	6
RENEWAL	6
RENEWED	4
RENITENT	9
RENNET	10
RENNIN	10
RENOUNCE	8
RENOVATE	6
RENOVATION	6
RENOWN	6
RENOWNED	6
RENT	4
RENTAL	5
RENTER	5
RENUNCIATION	10
REOCCUR	6
REOCCURRENCE	6
REOCCURRING	4
REOPEN	4
REORDER	3
REORGANIZATION	9
REORGANIZE	5
REORIENT	9
REORIENTATION	8
REP	5
REPACK	4
REPACKAGE	5
REPACKING	5
REPAGINATION	11
REPAINT	3
REPAIR	3
REPAIRABLE	5
REPAIRER	4
REPAIRMAN	2
REPARATION	7
REPARATIVE	7
REPARTEE	7
REPAST	8
REPATRIATE	10
REPATRIATION	9
REPAY	5
REPAYMENT	7
REPEAL	7
REPEAT	0
REPEATABLE	5
REPEATER	6
REPEL	5
REPELLANT	5
REPELLENT	5
REPENT	4
REPENTANCE	6
REPENTANT	6
REPERCUSSION	8
REPERTOIRE	9
REPERTORY	9
REPETITION	3
REPETITIOUS	5
REPETITIVE	4
REPHRASE	4
REPINE	9
REPLACE	2
REPLACEABLE	3
REPLACEMENT	5
REPLACER	5
REPLANT	3
REPLAY	2
REPLENISH	4
REPLENISHMENT	6
REPLETE	9
REPLETION	10
REPLICA	5
REPLICABLE	6
REPLICATE	6
REPLICATION	8
REPLY	3
REPOPULATE	7
REPOPULATION	7
REPORT	2
REPORTABLE	6
REPORTAGE	9
REPORTER	3
REPORTORIAL	8
REPOSE	8
REPOSITION	6
REPOSITORY	10
REPOSSESS	8
REPOSSESSION	7
REPOT	3
REPOWER	7
REPREHEND	8
REPREHENSIBLE	8
REPRESENT	5
REPRESENTATION	4
REPRESENTATIONAL	6
REPRESENTATIVE	6
REPRESS	7
REPRESSED	8
REPRESSION	8
REPRESSIVE	8
REPRESSIVENESS	8
REPRESSOR	11
REPRIEVE	8
REPRIMAND	5
REPRINT	4
REPRISAL	9
REPRISE	9
REPRO	9
REPROACH	9
REPROACHFUL	7
REPROBATE	9
REPROCESS	8
REPRODUCE	5
REPRODUCIBLE	7
REPRODUCTION	6
REPRODUCTIVE	6
REPROGRAM	7
REPROOF	8
REPROVE	8
REPTILE	1
REPTILIAN	5
REPUBLIC	6
REPUBLICAN	6
REPUBLISH	7
REPUDIATE	12
REPUDIATION	10
REPUGNANCE	8
REPUGNANT	8
REPULSE	6
REPULSION	7
REPULSIVE	5
REPULSIVENESS	7
REPURCHASE	6
REPUTABLE	8
REPUTATION	4
REPUTE	7
REPUTED	8
REQUEST	4
REQUESTER	7
REQUIEM	8
REQUIRE	4
REQUIREMENT	3
REQUISITE	11
REQUISITION	8
REQUITE	11
RERATE	10
REREAD	3
RERECORD	5
RERELEASE	6
REROUTE	6
RERUN	3
RES	6
RESALABLE	9
RESALE	4
RESCAN	9
RESCHEDULE	5
RESCIND	9
RESCISSION	10
RESCORE	6
RESCUE	2
RESCUER	3
RESEAL	5
RESEARCH	3
RESEARCHER	5
RESEAT	4
RESECTION	9
RESEED	6
RESELL	5
RESEMBLANCE	5
RESEMBLE	5
RESEND	5
RESENT	6
RESENTFUL	7
RESENTMENT	7
RESERVATION	6
RESERVE	5
RESERVIST	9
RESERVOIR	5
RESET	5
RESETTLEMENT	7
RESHAPE	4
RESHAPING	5
RESHIP	8
RESHOOT	6
RESHUFFLE	4
RESIDE	6
RESIDENCE	4
RESIDENCY	6
RESIDENT	3
RESIDENTIAL	5
RESIDUAL	7
RESIDUARY	9
RESIDUE	6
RESIGN	7
RESIGNATION	7
RESILIENCE	8
RESILIENCY	7
RESILIENT	8
RESIN	7
RESIST	4
RESISTANCE	5
RESISTANT	4
RESISTIBLE	8
RESISTOR	8
RESIZE	4
RESOLE	6
RESOLUTE	7
RESOLUTION	6
RESOLVE	6
RESONANCE	8
RESONANT	8
RESONATE	9
RESORT	4
RESOUND	8
RESOUNDING	7
RESOURCE	5
RESOURCEFUL	6
RESOURCEFULNESS	6
RESPECT	4
RESPECTABILITY	5
RESPECTABLE	3
RESPECTER	6
RESPECTFUL	1
RESPECTIVE	6
RESPIRATION	7
RESPIRATOR	5
RESPIRATORY	6
RESPITE	9
RESPLENDENT	10
RESPOND	4
RESPONDENT	8
RESPONDER	6
RESPONSE	2
RESPONSIBILITY	2
RESPONSIBLE	5
RESPONSIVE	6
RESPONSIVENESS	6
REST	0
RESTACK	3
RESTAGE	7
RESTART	3
RESTATE	6
RESTATEMENT	8
RESTAURANT	1
RESTAURATEUR	7
RESTFUL	4
RESTFULNESS	4
RESTITUTION	8
RESTLESS	5
RESTLESSNESS	7
RESTOCK	8
RESTORABLE	4
RESTORATION	6
RESTORATIVE	8
RESTORE	6
RESTORER	6
RESTRAIN	4
RESTRAINER	7
RESTRAINING	5
RESTRAINT	5
RESTRICT	4
RESTRICTED	3
RESTRICTION	5
RESTRICTIVE	6
RESTRING	5
RESTROOM	2
RESTRUCTURE	6
RESTRUCTURING	8
RESUBMIT	6
RESULT	3
RESULTANT	9
RESUME	8
RESUMPTION	8
RESURFACE	6
RESURGENCE	10
RESURRECT	5
RESURRECTION	3
RESURVEY	9
RESUSCITATE	7
RESUSCITATION	7
RESUSCITATOR	8
RET	9
RETAIL	6
RETAILER	5
RETAILING	8
RETAIN	6
RETAINER	7
RETAKE	4
RETALIATE	5
RETALIATION	8
RETALIATORY	7
RETARD	3
RETARDANT	9
RETARDATION	5
RETARDED	3
RETCH	6
RETELL	4
RETENTION	8
RETENTIVE	10
RETENTIVENESS	9
RETEST	4
RETHINK	4
RETHREAD	6
RETICENCE	10
RETICENT	10
RETICULAR	6
RETICULATION	11
RETICULUM	9
RETIE	2
RETIME	7
RETINA	6
RETINAL	11
RETINITIS	12
RETINOBLASTOMA	12
RETINOPATHY	10
RETIRE	6
RETIREE	7
RETIREMENT	4
RETOOL	7
RETORT	7
RETRACE	3
RETRACT	7
RETRACTABLE	8
RETRACTION	8
RETRACTOR	8
RETRAIN	5
RETRAINING	7
RETRANSMIT	7
RETREAD	9
RETREAT	6
RETRENCH	10
RETRENCHMENT	9
RETRIAL	8
RETRIBUTION	8
RETRIBUTIVE	9
RETRIEVABLE	5
RETRIEVAL	5
RETRIEVE	3
RETRIEVER	4
RETRO	7
RETROACTIVE	8
RETROCEDE	9
RETROFIT	8
RETROGRADE	8
RETROGRESSION	10
RETROGRESSIVE	9
RETROPERITONEAL	11
RETROROCKET	8
RETROSPECT	10
RETROSPECTIVE	9
RETROVIRUS	10
RETRY	3
RETUNE	6
RETURN	1
RETURNABLE	5
RETURNEE	6
RETURNER	4
RETYPE	5
REUBEN	9
REUNIFICATION	9
REUNIFY	8
REUNION	5
REUNITE	4
REUPHOLSTER	9
REUSABLE	2
REUSE	2
REV	6
REVALUE	7
REVAMP	8
REVEAL	4
REVEALER	6
REVEILLE	8
REVEL	7
REVELATION	5
REVELRY	8
REVENGE	3
REVENGEFUL	5
REVENUE	7
REVERB	9
REVERBERANT	9
REVERBERATE	8
REVERBERATING	9
REVERBERATION	10
REVERE	5
REVERENCE	8
REVEREND	7
REVERENT	7
REVERIE	9
REVERSAL	3
REVERSE	2
REVERSIBLE	4
REVERSION	9
REVERT	8
REVIEW	4
REVIEWER	5
REVILE	8
REVISE	7
REVISED	5
REVISION	5
REVISIONIST	12
REVISIT	5
REVITALIZE	7
REVIVAL	5
REVIVE	5
REVIVER	6
REVOCABLE	8
REVOCATION	10
REVOKE	7
REVOLT	6
REVOLTING	5
REVOLUTION	5
REVOLUTIONARY	5
REVOLUTIONIZE	7
REVOLVE	3
REVOLVER	4
REVOLVING	6
REVOTE	9
REVUE	9
REVULSION	7
REWARD	2
REWARDING	3
REWASH	1
REWEIGH	5
REWIND	3
REWIRE	5
REWORD	6
REWORK	5
REWRAP	4
REWRITE	5
REWRITER	7
RHAPSODY	8
RHESUS	11
RHETORIC	9
RHETORICAL	9
RHEUM	12
RHEUMATIC	9
RHEUMATISM	9
RHEUMATOID	9
RHEUMATOLOGY	10
RHINESTONE	6
RHINITIS	12
RHINO	1
RHINOCEROS	1
RHIZOME	8
RHO	10
RHODIUM	10
RHODODENDRON	7
RHOMBOID	8
RHOMBUS	6
RHUBARB	6
RHYME	0
RHYMESTER	9
RHYTHM	2
RHYTHMIC	6
RHYTHMICAL	7
RIB	1
RIBALD	6
RIBALDRY	10
RIBAND	8
RIBBED	6
RIBBON	0
RIBCAGE	4
RIBOFLAVIN	9
RIBONUCLEIC	8
RICE	0
RICH	1
RICHES	3
RICHNESS	4
RICK	3
RICKETS	7
RICKETY	6
RICKSHAW	7
RICOCHET	6
RICOTTA	8
RID	2
RIDDANCE	8
RIDDLE	2
RIDE	0
RIDER	1
RIDGE	4
RIDGEPOLE	9
RIDICULE	7
RIDICULOUS	2
RIDICULOUSNESS	4
RIEL	11
RIFE	8
RIFF	5
RIFFLE	4
RIFFRAFF	3
RIFLE	3
RIFLEMAN	5
RIFT	7
RIG	4
RIGATONI	4
RIGGER	8
RIGHT	0
RIGHTEOUS	5
RIGHTEOUSNESS	5
RIGHTFUL	4
RIGHTIST	9
RIGHTNESS	5
RIGHTWARD	6
RIGHTY	3
RIGID	4
RIGIDITY	6
RIGMAROLE	10
RIGOR	6
RIGOROUS	7
RIGOROUSNESS	9
RILE	6
RILL	11
RIM	3
RIMLESS	6
RIMY	5
RIND	4
RING	0
RINGER	4
RINGLEADER	5
RINGMASTER	3
RINGSIDE	5
RINGTAIL	6
RINGTONE	9
RINGWORM	5
RINK	4
RINSE	0
RIOT	5
RIOTING	5
RIOTOUS	8
RIP	1
RIPCORD	6
RIPE	2
RIPEN	2
RIPENESS	7
RIPOSTE	11
RIPPER	3
RIPPLE	3
RIPPLING	2
RIPSAW	8
RIPTIDE	5
RISE	2
RISER	6
RISK	3
RISKY	3
RISOTTO	11
RISSOLE	10
RITE	5
RITUAL	7
RITUALISTIC	8
RITUALIZE	8
RITUALIZED	6
RITZY	5
RIVAL	5
RIVALRY	6
RIVE	6
RIVEN	9
RIVER	0
RIVERBANK	1
RIVERBED	5
RIVERBOAT	3
RIVERFRONT	4
RIVET	8
RIVETER	6
RIVETING	8
RIVULET	7
RIYAL	12
ROACH	2
ROAD	0
ROADBED	7
ROADBLOCK	4
ROADHOUSE	9
ROADIE	8
ROADRUNNER	2
ROADSIDE	3
ROADSTEAD	9
ROADSTER	7
ROADSWEEPER	5
ROADWAY	2
ROADWORK	3
ROAM	4
ROAN	8
ROAR	0
ROAST	4
ROASTED	2
ROASTER	4
ROB	2
ROBBER	1
ROBBERY	2
ROBE	1
ROBIN	2
ROBOT	0
ROBOTIC	6
ROBOTICS	5
ROBUST	8
ROCK	0
ROCKER	2
ROCKET	1
ROCKETRY	9
ROCKINGCHAIR	1
ROCKSLIDE	5
ROCOCO	10
ROD	2
RODENT	2
RODEO	3
ROE	10
ROENTGEN	9
ROGUE	6
ROGUERY	10
ROGUISH	7
ROIL	8
ROISTER	9
ROLE	2
ROLL	0
ROLLAWAY	7
ROLLBACK	6
ROLLER	2
ROLLERBLADE	6
ROLLERCOASTER	1
ROLLERSKATE	1
ROLLICK	10
ROLLICKING	7
ROLLINGPIN	3
ROLLOUT	7
ROLLOVER	3
ROMAINE	7
ROMAN	5
ROMANCE	4
ROMANCER	9
ROMANTIC	3
ROMANTICISM	8
ROMANTICIST	8
ROMANTICIZE	8
ROMP	5
ROMPER	8
ROOD	7
ROOF	0
ROOFER	3
ROOFING	3
ROOFLINE	7
ROOFTOP	1
ROOFTREE	7
ROOK	7
ROOKERY	9
ROOKIE	4
ROOKY	5
ROOM	0
ROOMER	8
ROOMETTE	9
ROOMFUL	4
ROOMMATE	4
ROOMS	0
ROOMY	3
ROOST	6
ROOSTER	1
ROOT	1
ROOTER	6
ROOTLESS	4
ROPE	0
ROPES	0
ROSARY	3
ROSE	1
ROSEBUD	3
ROSEBUSH	0
ROSEWATER	6
ROSIN	8
ROSTER	4
ROSTRUM	12
ROT	3
ROTARY	5
ROTATE	3
ROTATION	3
ROTATIONAL	5
ROTATOR	9
ROTATORY	7
ROTE	6
ROTENONE	12
ROTGUT	8
ROTISSERIE	6
ROTOR	8
ROTTEN	2
ROTTENNESS	4
ROTUND	8
ROTUNDA	6
ROUE	12
ROUGE	7
ROUGH	1
ROUGHAGE	7
ROUGHEN	5
ROUGHHOUSE	3
ROUGHLY	3
ROUGHNECK	6
ROUGHNESS	3
ROULETTE	8
ROUND	0
ROUNDABOUT	8
ROUNDELAY	11
ROUNDHOUSE	5
ROUNDISH	4
ROUNDNESS	2
ROUNDTABLE	5
ROUNDUP	5
ROUSE	8
ROUSER	9
ROUSING	7
ROUST	7
ROUSTABOUT	9
ROUT	7
ROUTE	6
ROUTER	8
ROUTINE	4
ROUX	10
ROVE	7
ROVING	6
ROW	2
ROWBOAT	1
ROWDY	3
ROWEL	10
ROWER	4
ROWING	3
ROYAL	2
ROYALIST	8
ROYALTY	3
RUB	1
RUBBER	3
RUBBERNECK	6
RUBBERY	3
RUBBISH	6
RUBBISHY	5
RUBBLE	5
RUBDOWN	6
RUBICUND	9
RUBLE	8
RUBOUT	7
RUBRIC	8
RUBY	2
RUCKSACK	9
RUCKUS	4
RUDDER	5
RUDDERLESS	7
RUDDINESS	8
RUDDY	8
RUDE	2
RUDENESS	4
RUDIMENT	8
RUDIMENTARY	8
RUE	7
RUFF	2
RUFFIAN	8
RUFFLE	3
RUG	0
RUGBY	6
RUGGED	6
RUIN	2
RUINATION	7
RUINOUS	7
RULE	0
RULER	1
RULING	5
RUM	7
RUMBA	6
RUMBLE	3
RUMEN	8
RUMINANT	9
RUMINATE	10
RUMINATION	7
RUMMAGE	4
RUMMY	6
RUMOR	5
RUMORMONGER	11
RUMP	4
RUMPUS	6
RUMRUNNER	10
RUN	0
RUNABOUT	8
RUNAROUND	3
RUNAWAY	3
RUNDLE	9
RUNDOWN	3
RUNG	3
RUNIC	10
RUNNEL	8
RUNNER	0
RUNNY	1
RUNOFF	5
RUNT	3
RUNTY	5
RUNWAY	3
RUPEE	7
RUPIAH	9
RUPTURE	6
RURAL	3
RUSE	7
RUSH	2
RUSHER	5
RUSK	7
RUSSET	7
RUST	3
RUSTED	2
RUSTIC	5
RUSTICATE	11
RUSTICITY	10
RUSTLE	5
RUSTLER	6
RUSTPROOF	6
RUT	4
RUTABAGA	5
RUTHLESS	7
RUTHLESSNESS	8
RUTTING	9
RYE	4
SABBATICAL	10
SABER	2
SABLE	7
SABOTAGE	5
SABOTEUR	9
SAC	4
SACCHARIN	7
SACCHARINE	9
SACHET	7
SACK	1
SACKCLOTH	6
SACKER	6
SACRAL	9
SACRAMENT	6
SACRAMENTAL	7
SACRED	4
SACREDNESS	5
SACRIFICE	5
SACRIFICIAL	7
SACRILEGE	6
SACRILEGIOUS	6
SACRISTAN	9
SACRISTY	7
SACROILIAC	9
SACROSANCT	11
SACRUM	11
SAD	0
SADDEN	4
SADDLE	1
SADDLEBACK	6
SADDLEBAG	6
SADDLER	7
SADISM	10
SADIST	9
SADISTIC	8
SADNESS	0
SADOMASOCHISM	12
SADOMASOCHIST	12
SADOMASOCHISTIC	10
SAFARI	3
SAFE	0
SAFECRACKER	5
SAFEGUARD	6
SAFEKEEPING	3
SAFENESS	3
SAFETY	1
SAFETYPIN	2
SAFFLOWER	9
SAFFRON	10
SAG	2
SAGA	5
SAGACIOUS	11
SAGACITY	12
SAGE	6
SAGEBRUSH	6
SAGER	8
SAGGY	4
SAGUARO	12
SAIL	1
SAILBOAT	0
SAILCLOTH	6
SAILFISH	3
SAILOR	1
SAILORMAN	4
SAINT	2
SAINTED	5
SAINTHOOD	6
SAINTLY	5
SAKE	4
SALAAM	10
SALABLE	9
SALACIOUS	9
SALAD	1
SALAMANDER	2
SALAMI	2
SALARIED	8
SALARY	5
SALE	2
SALESGIRL	3
SALESLADY	4
SALESMAN	3
SALESMANSHIP	7
SALESPEOPLE	3
SALESPERSON	3
SALESWOMAN	3
SALICYLIC	11
SALIENT	11
SALINE	7
SALINITY	8
SALIVA	3
SALIVARY	6
SALIVATE	6
SALLOW	6
SALMON	3
SALMONELLA	10
SALON	5
SALOON	4
SALOONKEEPER	5
SALSA	5
SALT	0
SALTED	3
SALTINE	2
SALTPAN	7
SALTPETER	11
SALTSHAKER	0
SALTWATER	4
SALTY	0
SALUBRIOUS	10
SALUTARY	8
SALUTATION	6
SALUTATORIAN	9
SALUTE	2
SALVAGE	5
SALVAGEABLE	7
SALVATION	4
SALVE	4
SALVER	8
SALVO	9
SAMARIUM	8
SAMBA	8
SAME	1
SAMENESS	5
SAMOVAR	9
SAMPAN	12
SAMPLE	2
SAMPLER	5
SAMURAI	5
SANATORIUM	8
SANCTIFY	8
SANCTIMONIOUS	11
SANCTIMONY	10
SANCTION	8
SANCTITY	9
SANCTUARY	5
SANCTUM	8
SAND	0
SANDAL	0
SANDALWOOD	8
SANDBAG	3
SANDBANK	4
SANDBAR	5
SANDBLASTER	7
SANDBOX	0
SANDCASTLE	0
SANDGLASS	5
SANDHOG	9
SANDLOT	4
SANDMAN	2
SANDPAPER	1
SANDPIPER	6
SANDSTONE	5
SANDSTORM	4
SANDWICH	0
SANE	4
SANGFROID	11
SANGRIA	10
SANGUINE	12
SANITARIUM	6
SANITARY	6
SANITATION	6
SANITIZE	6
SANITIZER	6
SANITY	5
SAP	3
SAPHEAD	7
SAPIENCE	10
SAPIENS	7
SAPLING	4
SAPPER	7
SAPPHIRE	4
SAPPY	4
SAPSUCKER	8
SARAN	6
SARCASM	4
SARCASTIC	6
SARCOMA	12
SARCOPHAGUS	7
SARDINE	3
SARDONIC	10
SARI	8
SARONG	8
SARSAPARILLA	6
SARTORIAL	10
SASH	3
SASHAY	6
SASHIMI	12
SASSAFRAS	6
SASSY	3
SATANIC	4
SATCHEL	7
SATE	7
SATEEN	6
SATELLITE	7
SATI	11
SATIATE	12
SATIETY	8
SATIN	5
SATINWOOD	9
SATINY	7
SATIRE	8
SATIRIC	9
SATIRICAL	7
SATIRIST	9
SATIRIZE	9
SATISFACTION	5
SATISFACTORY	4
SATISFIED	5
SATISFY	5
SATISFYING	5
SATURATE	8
SATURATED	6
SATURATION	7
SATURDAY	0
SATYR	8
SATYRIASIS	11
SAUCE	0
SAUCEBOX	8
SAUCEPAN	3
SAUCER	3
SAUCINESS	7
SAUCY	6
SAUERBRATEN	12
SAUERKRAUT	4
SAUNA	5
SAUNTER	7
SAURIAN	11
SAUSAGE	1
SAUTERNE	12
SAUTERNES	11
SAVAGE	5
SAVAGERY	8
SAVANNAH	7
SAVANT	9
SAVE	0
SAVER	3
SAVINGS	4
SAVIOR	2
SAVOR	5
SAVORY	9
SAVVY	7
SAW	0
SAWBUCK	8
SAWDUST	2
SAWHORSE	5
SAWMILL	5
SAX	4
SAXOPHONE	4
SAXOPHONIST	4
SAY	0
SAYING	0
SAYONARA	5
SCAB	2
SCABBARD	9
SCABBY	4
SCABIES	7
SCABROUS	10
SCAFFOLD	7
SCAFFOLDING	6
SCALABLE	9
SCALAWAG	7
SCALD	5
SCALE	4
SCALELESS	7
SCALENE	7
SCALES	1
SCALLOP	6
SCALLYWAG	7
SCALP	2
SCALPEL	6
SCALPER	6
SCALY	3
SCAM	6
SCAMP	5
SCAMPER	3
SCAMPI	10
SCAN	5
SCANDAL	6
SCANDALIZE	6
SCANDALMONGER	12
SCANDALOUS	7
SCANDIUM	11
SCANNER	6
SCANSION	10
SCANT	7
SCANTY	9
SCAPEGOAT	7
SCAPEGRACE	7
SCAPULA	10
SCAR	1
SCARAB	6
SCARCE	6
SCARCELY	5
SCARCITY	7
SCARE	0
SCARECROW	1
SCARED	0
SCAREMONGER	11
SCARF	1
SCARIFY	8
SCARINESS	2
SCARLET	6
SCARPER	9
SCARY	0
SCAT	7
SCATHE	9
SCATHING	8
SCATOLOGICAL	12
SCATOLOGY	9
SCATTER	3
SCATTERBRAIN	5
SCATTERBRAINED	5
SCATTERGUN	9
SCATTERSHOT	10
SCAVENGE	6
SCAVENGER	4
SCENARIO	6
SCENARIST	9
SCENE	3
SCENERY	5
SCENESHIFTER	10
SCENIC	4
SCENT	1
SCENTED	3
SCEPTER	5
SCHEDULE	2
SCHEDULER	6
SCHEMATIC	9
SCHEME	5
SCHEMER	7
SCHERZO	10
SCHILLING	9
SCHISM	8
SCHIST	9
SCHIZOID	10
SCHIZOPHRENIA	8
SCHIZOPHRENIC	7
SCHLEMIEL	10
SCHLEP	8
SCHLIMAZEL	11
SCHLOCK	7
SCHLOCKY	10
SCHMALTZ	10
SCHMALTZY	10
SCHMOOZE	6
SCHMUCK	8
SCHNAPPS	11
SCHNAUZER	6
SCHNITZEL	7
SCHNOOK	8
SCHNOOKS	10
SCHNOZZLE	8
SCHOLAR	5
SCHOLARLY	5
SCHOLARSHIP	6
SCHOLASTIC	4
SCHOOL	0
SCHOOLBAG	1
SCHOOLBOOK	1
SCHOOLBOY	2
SCHOOLCHILD	1
SCHOOLDAYS	1
SCHOOLGIRL	2
SCHOOLHOUSE	2
SCHOOLING	1
SCHOOLMARM	8
SCHOOLMASTER	3
SCHOOLMATE	2
SCHOOLMISTRESS	9
SCHOOLROOM	1
SCHOOLTEACHER	0
SCHOOLWORK	0
SCHOOLYARD	1
SCHOONER	7
SCHOTTISCHE	12
SCHWA	11
SCIATIC	11
SCIATICA	11
SCIENCE	2
SCIENTIFIC	4
SCIENTIST	2
SCIENTOLOGIST	10
SCIENTOLOGY	10
SCIMITAR	10
SCINTILLA	9
SCINTILLATE	11
SCINTILLATING	11
SCINTILLATION	10
SCION	12
SCISSOR	0
SCISSORS	0
SCLERA	10
SCLERODERMA	11
SCLEROSIS	9
SCOFF	7
SCOLD	4
SCOLIOSIS	8
SCONCE	9
SCONE	5
SCOOP	0
SCOOPER	2
SCOOT	1
SCOOTER	2
SCOPE	5
SCOPOLAMINE	12
SCORCH	5
SCORCHER	4
SCORE	1
SCOREBOARD	2
SCORECARD	3
SCOREKEEPER	3
SCOREKEEPING	4
SCORELESS	3
SCORER	4
SCORN	5
SCORNFUL	6
SCORPION	3
SCOT	4
SCOTCH	7
SCOUNDREL	8
SCOUR	6
SCOURGE	9
SCOUT	2
SCOUTMASTER	4
SCOUTS	1
SCOW	8
SCOWL	5
SCRABBLE	4
SCRAGGY	8
SCRAM	4
SCRAMBLE	4
SCRAMBLED	1
SCRAMBLER	7
SCRAP	3
SCRAPBOOK	3
SCRAPE	1
SCRAPER	3
SCRAPHEAP	5
SCRAPPER	6
SCRAPPLE	7
SCRAPPY	4
SCRATCH	1
SCRATCHER	3
SCRATCHY	0
SCRAWL	7
SCRAWNY	4
SCREAM	0
SCREAMER	3
SCREECH	3
SCREECHY	4
SCREEN	1
SCREENER	8
SCREENING	5
SCREENLAND	12
SCREENPLAY	7
SCREENWRITER	8
SCREENWRITING	7
SCREW	2
SCREWBALL	4
SCREWDRIVER	1
SCREWY	6
SCRIBBLE	1
SCRIBBLER	5
SCRIBE	5
SCRIMMAGE	5
SCRIMP	5
SCRIP	8
SCRIPT	5
SCRIPTURAL	4
SCRIPTURE	2
SCRIPTWRITER	6
SCRIVENER	10
SCROD	9
SCROLL	5
SCROLLWORK	10
SCROTAL	9
SCROTUM	9
SCROUNGE	5
SCROUNGER	7
SCRUB	4
SCRUBBER	3
SCRUBBY	7
SCRUBWOMAN	6
SCRUFF	5
SCRUFFY	3
SCRUM	6
SCRUMPTIOUS	5
SCRUNCH	2
SCRUPLE	7
SCRUPULOSITY	12
SCRUPULOUS	9
SCRUTINIZE	10
SCRUTINY	8
SCUBA	3
SCUFF	4
SCUFFLE	5
SCULL	5
SCULLERY	9
SCULLION	10
SCULPT	4
SCULPTOR	5
SCULPTRESS	8
SCULPTURAL	6
SCULPTURE	2
SCUM	5
SCUMBAG	6
SCUMMY	5
SCUP	11
SCUPPER	10
SCUPPERNONG	11
SCURF	7
SCURRILOUS	10
SCURRY	4
SCURVY	6
SCUTTLE	6
SCUTTLEBUTT	6
SCYTHE	7
SEA	0
SEABED	6
SEABOARD	6
SEACOAST	3
SEADOG	6
SEAFARER	8
SEAFARING	7
SEAFLOOR	4
SEAFOOD	2
SEAFRONT	5
SEAGOING	7
SEAGULL	0
SEAHORSE	1
SEAL	0
SEALANT	8
SEALER	5
SEALSKIN	5
SEAM	3
SEAMAN	4
SEAMANSHIP	4
SEAMLESS	6
SEAMLESSNESS	8
SEAMSTRESS	5
SEAMY	10
SEAPLANE	6
SEAPORT	6
SEAQUAKE	7
SEAR	7
SEARCH	4
SEARCHER	3
SEARCHLIGHT	3
SEARING	7
SEASCAPE	6
SEASHELL	2
SEASHORE	1
SEASICK	4
SEASICKNESS	4
SEASIDE	2
SEASON	1
SEASONABLE	5
SEASONAL	3
SEASONED	4
SEASONING	2
SEAT	0
SEATBELT	1
SEATING	1
SEAWALL	8
SEAWARD	5
SEAWATER	2
SEAWAY	7
SEAWEED	2
SEAWORTHY	5
SEBACEOUS	8
SEBORRHEA	8
SEC	5
SECEDE	7
SECESSION	8
SECLUDE	5
SECLUDED	6
SECLUSION	5
SECOND	0
SECONDARY	4
SECONDHAND	4
SECRECY	4
SECRET	0
SECRETARIAL	6
SECRETARIAT	8
SECRETARY	3
SECRETARYSHIP	7
SECRETE	8
SECRETION	7
SECRETIVE	5
SECRETIVENESS	4
SECRETOR	8
SECT	8
SECTARIAN	9
SECTION	2
SECTIONAL	6
SECTOR	8
SECULAR	9
SECULARIST	10
SECURE	3
SECURITY	3
SEDAN	3
SEDATE	7
SEDATION	8
SEDATIVE	7
SEDENTARY	9
SEDGE	8
SEDIMENT	6
SEDIMENTARY	6
SEDIMENTATION	8
SEDITION	9
SEDUCE	7
SEDUCER	8
SEDUCIBLE	8
SEDUCTION	9
SEDUCTIVE	7
SEDUCTIVENESS	7
SEDUCTRESS	7
SEDULOUS	12
SEE	0
SEEABLE	5
SEED	0
SEEDINESS	7
SEEDLESS	2
SEEDLING	2
SEEDPOD	4
SEEDY	5
SEEK	2
SEEKER	3
SEEM	2
SEEMINGLY	5
SEEP	5
SEEPAGE	9
SEER	6
SEERSUCKER	9
SEESAW	0
SEETHE	8
SEGMENT	6
SEGMENTATION	7
SEGREGATE	6
SEGREGATION	6
SEGUE	9
SEISMIC	7
SEISMOGRAPH	6
SEISMOGRAPHIC	8
SEISMOLOGICAL	9
SEISMOLOGIST	8
SEISMOLOGY	8
SEISMOMETER	8
SEIZE	5
SEIZURE	5
SELDOM	3
SELECT	3
SELECTEE	10
SELECTION	2
SELECTIVE	5
SELECTIVITY	7
SELECTMAN	9
SELECTOR	7
SELENIUM	10
SELF	0
SELFISH	0
SELFISHNESS	2
SELFLESS	4
SELFLESSNESS	6
SELFNESS	7
SELL	2
SELLABLE	5
SELLER	2
SELLOUT	6
SELTZER	6
SELVEDGE	8
SEMANTIC	11
SEMANTICS	9
SEMAPHORE	9
SEMBLANCE	8
SEMEN	7
SEMESTER	7
SEMI	4
SEMIANNUAL	7
SEMIARID	10
SEMIAUTOMATIC	9
SEMIAUTOMATICS	8
SEMIBREVE	9
SEMICIRCLE	3
SEMICOLON	3
SEMICONDUCTOR	10
SEMICONSCIOUS	8
SEMIFINAL	6
SEMIFORMAL	8
SEMILITERATE	10
SEMINAL	8
SEMINAR	7
SEMINARIAN	8
SEMINARY	7
SEMIOTICS	12
SEMIPRECIOUS	8
SEMIPRIVATE	8
SEMIPRO	8
SEMIQUAVER	10
SEMISKILLED	10
SEMISOLID	6
SEMISWEET	5
SEMOLINA	9
SENATE	6
SENATOR	5
SENATORIAL	8
SEND	1
SENDER	2
SENDOFF	6
SENESCENCE	12
SENESCHAL	12
SENILE	6
SENILITY	6
SENIOR	3
SENIORITY	8
SENOR	7
SENORA	5
SENORITA	6
SENSATION	4
SENSATIONAL	4
SENSATIONALISM	8
SENSATIONALIST	8
SENSATIONALISTIC	9
SENSATIONALIZE	9
SENSE	2
SENSELESS	5
SENSELESSNESS	5
SENSIBILITY	6
SENSIBLE	4
SENSITIVE	3
SENSITIVITY	4
SENSOR	7
SENSORIAL	9
SENSORY	6
SENSUAL	7
SENSUALITY	9
SENSUOUS	7
SENSUOUSNESS	9
SENTENCE	1
SENTENCING	7
SENTENTIOUS	11
SENTIENCE	9
SENTIENT	7
SENTIMENT	7
SENTIMENTAL	7
SENTIMENTALIST	8
SENTIMENTALITY	7
SENTIMENTALIZE	7
SENTINEL	8
SENTRY	6
SEPARABLE	6
SEPARATE	2
SEPARATENESS	5
SEPARATION	4
SEPARATIST	7
SEPARATOR	4
SEPIA	9
SEPPUKU	7
SEPSIS	11
SEPTET	10
SEPTIC	6
SEPTICEMIA	12
SEPTUM	10
SEPTUPLET	9
SEPULCHER	10
SEPULTURE	12
SEQUEL	5
SEQUENCE	5
SEQUENCER	8
SEQUENCING	8
SEQUENT	9
SEQUENTIAL	6
SEQUESTER	10
SEQUESTRATION	12
SEQUIN	4
SEQUINED	4
SEQUITUR	12
SER	9
SERAGLIO	12
SERAPE	12
SERENADE	6
SERENDIPITOUS	9
SERENDIPITY	8
SERENE	6
SERENITY	6
SERF	5
SERFDOM	8
SERGEANT	4
SERIAL	5
SERIALIZATION	9
SERIALIZE	9
SERIES	4
SERIF	8
SERIOUS	2
SERIOUSNESS	3
SERMON	2
SEROLOGICAL	10
SEROTONIN	12
SERPENT	3
SERPENTINE	8
SERRATED	6
SERRATION	7
SERUM	5
SERVANT	3
SERVE	2
SERVER	5
SERVICE	3
SERVICEABLE	9
SERVICEMAN	4
SERVILE	10
SERVITOR	12
SERVITUDE	7
SERVO	8
SERVOMECHANISM	12
SESAME	2
SESQUIPEDALIAN	11
SESSILE	10
SESSION	5
SET	1
SETBACK	5
SETTEE	9
SETTER	5
SETTLE	3
SETTLEMENT	4
SETTLER	5
SETUP	4
SEVEN	0
SEVENTH	2
SEVER	4
SEVERAL	2
SEVERANCE	9
SEVERE	4
SEVERITY	6
SEW	1
SEWAGE	3
SEWER	2
SEWERAGE	6
SEWING	1
SEWINGMACHINE	1
SEX	5
SEXAGENARIAN	10
SEXINESS	7
SEXISM	9
SEXIST	6
SEXLESS	10
SEXOLOGY	11
SEXPLOITATION	12
SEXPOT	9
SEXTANT	9
SEXTET	7
SEXTUPLET	8
SEXUAL	6
SEXUALITY	7
SEXY	6
SHABBY	6
SHACK	1
SHACKLE	7
SHADE	1
SHADED	1
SHADING	4
SHADOW	0
SHADOWY	2
SHADY	6
SHAFT	5
SHAG	6
SHAKE	0
SHAKEDOWN	7
SHAKER	3
SHAKEUP	4
SHAKY	3
SHALE	7
SHALL	3
SHALLOT	10
SHALLOW	2
SHALLOWNESS	5
SHALLOWS	6
SHAM	7
SHAMAN	7
SHAMANIC	11
SHAMANISM	9
SHAMANISTIC	9
SHAMBLE	6
SHAME	2
SHAMEFUL	3
SHAMELESS	5
SHAMELESSNESS	6
SHAMPOO	0
SHAMROCK	5
SHANK	7
SHANTY	8
SHANTYTOWN	9
SHAPE	0
SHAPELESS	5
SHAPELY	8
SHAPER	4
SHARD	5
SHARE	0
SHARECROPPER	10
SHAREHOLDER	9
SHARER	3
SHARK	0
SHARKSKIN	4
SHARP	1
SHARPEN	1
SHARPENER	1
SHARPIE	5
SHARPNESS	4
SHARPSHOOTER	6
SHARPSHOOTING	8
SHATTER	4
SHATTERING	3
SHATTERPROOF	5
SHAVE	1
SHAVEN	3
SHAVER	3
SHAWL	5
SHE	0
SHEAF	6
SHEAR	4
SHEARS	4
SHEARWATER	10
SHEATH	6
SHEATHE	9
SHEAVE	8
SHEBANG	5
SHED	2
SHEDDER	5
SHEEN	5
SHEEP	0
SHEEPDOG	2
SHEEPFOLD	9
SHEEPHERDER	4
SHEEPISH	7
SHEEPSHANK	9
SHEEPSKIN	5
SHEER	5
SHEET	0
SHEETING	6
SHEETROCK	8
SHEIK	8
SHEKEL	6
SHEKELS	10
SHELF	1
SHELL	0
SHELLACKING	8
SHELLFIRE	8
SHELLFISH	4
SHELLSHOCK	8
SHELTER	4
SHELVE	1
SHENANIGAN	6
SHEPHERD	2
SHEPHERDESS	4
SHERBET	2
SHERIFF	1
SHERRY	9
SHIATSU	12
SHIELD	2
SHIFT	4
SHIFTER	6
SHIFTLESS	7
SHIFTY	7
SHIITAKE	8
SHILL	7
SHILLELAGH	12
SHILLING	6
SHIM	7
SHIMMER	5
SHIMMERING	5
SHIMMERY	4
SHIMMY	5
SHIN	3
SHINBONE	4
SHINDIG	6
SHINE	1
SHINER	3
SHINGLE	4
SHINGLES	4
SHINING	2
SHINNY	3
SHINPLASTER	6
SHINY	0
SHIP	0
SHIPBOARD	5
SHIPBUILDER	3
SHIPBUILDING	4
SHIPLOAD	4
SHIPMATE	4
SHIPMENT	5
SHIPPER	5
SHIPPING	4
SHIPSHAPE	4
SHIPWRECK	5
SHIPWRIGHT	7
SHIPYARD	5
SHIRAZ	12
SHIRE	6
SHIRK	8
SHIRKER	9
SHIRT	0
SHIRTFRONT	5
SHIRTLESS	2
SHIRTSLEEVE	1
SHIRTTAIL	4
SHIT	2
SHITFACED	8
SHITHEAD	7
SHITLOAD	7
SHITTY	5
SHIVER	3
SHIVERY	6
SHOAL	8
SHOAT	8
SHOCK	3
SHOCKER	7
SHOCKING	3
SHOCKPROOF	7
SHOCKWAVE	6
SHODDY	7
SHOE	0
SHOEHORN	3
SHOELACE	0
SHOEMAKER	3
SHOESHINE	2
SHOESTRING	1
SHOETREE	6
SHOGUN	6
SHOOT	1
SHOOTER	3
SHOOTOUT	4
SHOP	1
SHOPKEEPER	3
SHOPKEEPING	6
SHOPLIFT	3
SHOPLIFTER	4
SHOPLIFTING	4
SHOPPER	2
SHOPPING	0
SHOPTALK	8
SHOPWORN	6
SHORE	2
SHORELINE	2
SHORT	0
SHORTAGE	5
SHORTBREAD	4
SHORTCAKE	2
SHORTCHANGE	7
SHORTCOMING	4
SHORTCUT	2
SHORTEN	2
SHORTFALL	8
SHORTHAND	6
SHORTHORN	9
SHORTLIST	8
SHORTNESS	3
SHORTS	0
SHORTSIGHTED	6
SHORTSIGHTEDNESS	8
SHORTSTOP	3
SHORTWAVE	9
SHOT	1
SHOTGUN	3
SHOULDER	0
SHOUT	0
SHOUTER	2
SHOVE	2
SHOVEL	1
SHOVELFUL	2
SHOW	1
SHOWBIZ	4
SHOWBOAT	7
SHOWBOATING	8
SHOWCASE	5
SHOWCASING	7
SHOWDOWN	3
SHOWER	0
SHOWERHEAD	3
SHOWGIRL	7
SHOWGROUND	7
SHOWMAN	5
SHOWMANSHIP	7
SHOWOFF	2
SHOWPIECE	8
SHOWPLACE	6
SHOWROOM	6
SHOWSTOPPER	7
SHOWY	5
SHRAPNEL	7
SHRED	4
SHREDDER	4
SHREW	7
SHREWD	6
SHREWDNESS	7
SHREWISH	8
SHRIEK	4
SHRIFT	7
SHRILL	6
SHRIMP	2
SHRIMPER	8
SHRINE	5
SHRINK	2
SHRINKAGE	6
SHRIVEL	5
SHRIVEN	9
SHROUD	7
SHROVE	9
SHRUB	3
SHRUBBERY	4
SHRUG	3
SHRUNKEN	4
SHTICK	10
SHUCK	5
SHUDDER	5
SHUFFLE	4
SHUFFLEBOARD	6
SHUFFLER	5
SHUFFLING	3
SHUN	6
SHUNT	9
SHUSH	1
SHUT	0
SHUTDOWN	4
SHUTEYE	3
SHUTOFF	3
SHUTOUT	4
SHUTTER	3
SHUTTERBUG	7
SHUTTERED	5
SHUTTLE	3
SHY	0
SHYNESS	3
SHYSTER	8
SIBILANCE	11
SIBILANT	9
SIBLING	3
SICK	0
SICKBAY	6
SICKBED	5
SICKEN	3
SICKENING	2
SICKLE	6
SICKLY	2
SICKNESS	1
SICKOUT	7
SICKROOM	4
SIDE	0
SIDEARM	7
SIDEBAND	7
SIDEBAR	8
SIDEBOARD	5
SIDEBURN	5
SIDEBURNS	3
SIDECAR	5
SIDEKICK	5
SIDELINE	3
SIDELONG	9
SIDEMAN	5
SIDEPIECE	5
SIDERITE	10
SIDESADDLE	5
SIDESHOW	5
SIDESPLITTING	6
SIDESTEP	5
SIDESTROKE	4
SIDESWIPE	8
SIDETRACK	6
SIDEWALK	0
SIDEWALL	6
SIDEWAY	2
SIDEWINDER	6
SIDING	4
SIEGE	7
SIENNA	6
SIESTA	7
SIEVE	7
SIFT	5
SIFTER	6
SIGH	2
SIGHT	0
SIGHTING	5
SIGHTLESS	4
SIGHTSEE	2
SIGHTSEEING	6
SIGHTSEER	6
SIGIL	10
SIGMA	9
SIGMOID	8
SIGN	0
SIGNAGE	7
SIGNAL	2
SIGNALMAN	4
SIGNATORY	10
SIGNATURE	4
SIGNBOARD	5
SIGNER	3
SIGNET	8
SIGNIFICANCE	5
SIGNIFICANT	5
SIGNIFIER	8
SIGNIFY	7
SIGNOR	8
SIGNORA	11
SIGNPOST	3
SILENCE	0
SILENCER	7
SILENT	0
SILHOUETTE	4
SILICA	11
SILICATE	9
SILICON	8
SILICONE	9
SILK	2
SILKEN	6
SILKSCREEN	8
SILKWORM	3
SILKY	4
SILL	2
SILLINESS	1
SILLY	0
SILO	5
SILT	7
SILVER	1
SILVERBACK	7
SILVERFISH	7
SILVERSMITH	6
SILVERWARE	1
SILVERY	4
SIMIAN	9
SIMILAR	2
SIMILARITY	4
SIMILE	7
SIMMER	5
SIMMERING	5
SIMONIZE	9
SIMPATICO	12
SIMPER	7
SIMPERING	9
SIMPLE	2
SIMPLEMINDED	7
SIMPLETON	6
SIMPLICITY	5
SIMPLIFICATION	7
SIMPLIFY	4
SIMPLISTIC	6
SIMPLY	3
SIMULACRUM	11
SIMULATE	7
SIMULATED	6
SIMULATION	6
SIMULATOR	5
SIMULTANEOUS	7
SIN	2
SINCE	2
SINCERE	4
SINCERELY	5
SINCERITY	4
SINE	9
SINEW	8
SINEWY	7
SINFUL	4
SINFULNESS	4
SING	0
SINGE	7
SINGER	0
SINGLE	2
SINGLENESS	5
SINGSONG	3
SINGULAR	5
SINGULARITY	10
SINISTER	6
SINK	0
SINKER	2
SINKHOLE	7
SINLESS	5
SINNER	2
SINUOSITY	10
SINUS	5
SINUSITIS	9
SIP	0
SIPHON	7
SIPPER	3
SIR	1
SIRE	5
SIREN	2
SIRLOIN	6
SIROCCO	12
SISAL	7
SISSIFIED	6
SISSY	2
SISTER	0
SISTERHOOD	5
SISTERLY	3
SIT	0
SITAR	8
SITCOM	5
SITE	4
SITTER	1
SITUATE	8
SITUATION	4
SITUATIONAL	7
SIX	0
SIXPENCE	6
SIXTEEN	0
SIXTH	0
SIXTY	1
SIZABLE	5
SIZE	0
SIZZLE	3
SKATE	0
SKATEBOARD	2
SKATEBOARDER	5
SKATER	2
SKEDADDLE	3
SKEET	8
SKEIN	6
SKELETAL	4
SKELETON	2
SKEPTIC	6
SKEPTICAL	6
SKEPTICISM	7
SKETCH	4
SKETCHBOOK	3
SKETCHER	5
SKETCHPAD	4
SKETCHY	7
SKEW	6
SKEWER	4
SKI	2
SKID	3
SKIDOO	3
SKIER	4
SKIFF	8
SKIING	3
SKILFUL	5
SKILL	2
SKILLED	4
SKILLET	3
SKIM	4
SKIMMER	6
SKIMP	6
SKIMPY	6
SKIN	0
SKINCARE	4
SKINFLINT	10
SKINHEAD	8
SKINLESS	5
SKINNY	0
SKINTIGHT	6
SKIP	0
SKIPJACK	5
SKIRL	12
SKIRMISH	7
SKIRT	1
SKIT	4
SKITTER	6
SKITTISH	5
SKITTLE	2
SKIVE	8
SKIVVY	6
SKULK	8
SKULL	1
SKULLCAP	9
SKULLDUGGERY	9
SKUNK	0
SKY	0
SKYCAP	7
SKYDIVE	4
SKYDIVER	4
SKYHOOK	8
SKYLARK	5
SKYLIGHT	4
SKYLINE	6
SKYROCKET	4
SKYSCRAPER	3
SKYWRITER	7
SKYWRITING	5
SLAB	4
SLACK	5
SLACKEN	7
SLACKNESS	5
SLADE	5
SLAG	7
SLAGHEAP	11
SLAKE	7
SLALOM	9
SLAM	2
SLAMMER	5
SLANDER	9
SLANDERER	9
SLANDEROUS	8
SLANG	6
SLANT	2
SLAP	0
SLAPDASH	7
SLAPHAPPY	7
SLAPPER	5
SLAPSTICK	7
SLASH	2
SLAT	7
SLATE	4
SLATHER	6
SLATTERN	9
SLAUGHTER	5
SLAUGHTERER	7
SLAUGHTERHOUSE	6
SLAVE	3
SLAVEHOLDER	8
SLAVER	5
SLAVERY	3
SLAVISH	8
SLAW	3
SLAY	4
SLAYER	7
SLEAZE	6
SLEAZEBAG	7
SLEAZY	7
SLED	0
SLEDGE	5
SLEDGEHAMMER	5
SLEEK	6
SLEEP	0
SLEEPER	2
SLEEPINESS	1
SLEEPLESS	3
SLEEPLESSNESS	5
SLEEPOVER	1
SLEEPWALK	2
SLEEPWALKER	4
SLEEPWEAR	2
SLEEPY	0
SLEEPYHEAD	0
SLEET	7
SLEETY	5
SLEEVE	0
SLEEVELESS	2
SLEIGH	1
SLEIGHT	8
SLENDER	5
SLEUTH	6
SLEUTHHOUND	8
SLEW	5
SLICE	1
SLICER	4
SLICK	4
SLICKER	4
SLIDE	0
SLIDER	5
SLIDESHOW	2
SLIGHT	5
SLIGHTLY	3
SLIGHTNESS	7
SLIM	2
SLIME	2
SLIMY	1
SLING	4
SLINGER	8
SLINGSHOT	2
SLINK	4
SLINKY	2
SLIP	1
SLIPCOVER	5
SLIPKNOT	6
SLIPPAGE	7
SLIPPER	0
SLIPPERY	2
SLIPSHOD	11
SLIPSTREAM	8
SLIPUP	5
SLIPWAY	5
SLIT	5
SLITHER	3
SLITHERY	5
SLIVER	2
SLOB	2
SLOBBER	3
SLOBBERY	5
SLOG	8
SLOGAN	6
SLOGANEER	8
SLOOP	6
SLOP	3
SLOPE	4
SLOPING	6
SLOPPINESS	2
SLOPPY	1
SLOSH	4
SLOT	2
SLOTH	3
SLOTHFUL	8
SLOTHFULNESS	8
SLOTMACHINE	7
SLOUCH	4
SLOUCHY	3
SLOUGH	10
SLOVENLY	8
SLOW	0
SLOWDOWN	2
SLOWLY	1
SLOWNESS	3
SLOWPOKE	0
SLUDGE	4
SLUG	1
SLUGABED	10
SLUGFEST	7
SLUGGER	3
SLUGGISH	4
SLUICE	9
SLUM	7
SLUMBER	4
SLUMBEROUS	9
SLUMLORD	10
SLUMMY	5
SLUMP	6
SLUR	6
SLURP	2
SLURRY	8
SLUSH	2
SLUSHY	2
SLUT	8
SLUTTY	7
SLY	4
SMACK	1
SMACKER	5
SMALL	0
SMALLISH	3
SMALLNESS	1
SMALLPOX	6
SMALLTIME	5
SMARMY	8
SMART	1
SMARTASS	3
SMARTEN	4
SMARTNESS	2
SMARTY	1
SMASH	0
SMASHER	4
SMASHUP	4
SMATTERING	8
SMEAR	4
SMEARCASE	6
SMELL	0
SMELLER	3
SMELLY	0
SMELT	9
SMELTER	9
SMELTING	10
SMIDGE	4
SMIDGEN	7
SMILE	0
SMILEY	1
SMIRK	3
SMITE	7
SMITHEREENS	3
SMOCK	1
SMOG	5
SMOGGY	6
SMOKE	0
SMOKEHOUSE	6
SMOKELESS	7
SMOKER	1
SMOKESCREEN	6
SMOKESTACK	4
SMOKING	2
SMOKY	2
SMOOCH	2
SMOOCHES	2
SMOOTH	1
SMOOTHBORE	9
SMOOTHIE	4
SMOOTHNESS	3
SMORGASBORD	4
SMOTHER	2
SMOTHERY	7
SMUDGE	1
SMUDGY	4
SMUG	4
SMUGGLE	5
SMUGGLER	5
SMUGNESS	6
SMUT	8
SMUTTY	8
SNACK	0
SNAFFLE	10
SNAFU	7
SNAFUS	9
SNAG	5
SNAGGLETOOTH	5
SNAIL	1
SNAKE	0
SNAKEBITE	2
SNAKELIKE	2
SNAKEROOT	7
SNAKESKIN	4
SNAKY	4
SNAP	1
SNAPDRAGON	6
SNAPPER	3
SNAPPISH	8
SNAPPISHNESS	7
SNAPPY	4
SNAPSHOT	5
SNARE	6
SNARKY	12
SNARL	4
SNATCH	3
SNATCHER	5
SNAZZY	5
SNEAK	1
SNEAKER	1
SNEAKINESS	3
SNEAKY	2
SNEER	4
SNEEZE	0
SNEEZER	2
SNICK	11
SNICKER	4
SNIDE	5
SNIFF	1
SNIFFER	4
SNIFFLE	2
SNIFTER	8
SNIGGER	8
SNIP	2
SNIPE	7
SNIPER	6
SNIPPET	8
SNIPPETY	5
SNIPPY	6
SNIT	6
SNITCH	6
SNITCHER	5
SNIVEL	7
SNOB	4
SNOBBERY	6
SNOBBISH	4
SNOBBY	5
SNOOD	6
SNOOKER	6
SNOOP	3
SNOOPER	4
SNOOPY	0
SNOOT	7
SNOOTY	4
SNOOZE	2
SNOOZER	5
SNORE	1
SNORER	3
SNORKEL	4
SNORKELER	5
SNORT	2
SNOT	0
SNOTTY	2
SNOUT	2
SNOW	0
SNOWBALL	0
SNOWBERRY	5
SNOWBIRD	5
SNOWBOARD	6
SNOWBOARDER	6
SNOWBOARDING	6
SNOWBOUND	6
SNOWCAP	5
SNOWDRIFT	6
SNOWDROP	2
SNOWFALL	1
SNOWFLAKE	0
SNOWMAN	0
SNOWMOBILE	4
SNOWPLOW	3
SNOWSHOE	3
SNOWSTORM	1
SNOWSUIT	1
SNOWY	0
SNUB	7
SNUFF	7
SNUFFBOX	7
SNUG	1
SNUGGLE	0
SOAK	2
SOAP	0
SOAPBOX	3
SOAPSTONE	12
SOAPWORT	10
SOAPY	1
SOAR	5
SOAVE	8
SOB	4
SOBER	6
SOBERING	8
SOBERNESS	6
SOBRIETY	8
SOBRIQUET	12
SOC	8
SOCCER	1
SOCIABILITY	9
SOCIABLE	5
SOCIAL	5
SOCIALISM	9
SOCIALIST	9
SOCIALISTIC	9
SOCIALITE	8
SOCIALIZATION	8
SOCIALIZE	5
SOCIETAL	7
SOCIETY	4
SOCIOECONOMIC	11
SOCIOLOGICAL	9
SOCIOLOGIST	7
SOCIOLOGY	8
SOCIOPATH	8
SOCIOPATHIC	10
SOCIOPOLITICAL	11
SOCK	0
SOCKET	3
SOCKLESS	2
SOD	6
SODA	0
SODBUSTER	10
SODDEN	10
SODIUM	5
SODOMITE	8
SODOMIZE	9
SODOMY	10
SOEVER	9
SOFA	0
SOFT	0
SOFTBALL	1
SOFTEN	2
SOFTENER	4
SOFTHEADED	6
SOFTHEARTED	4
SOFTIE	4
SOFTNESS	0
SOFTWARE	7
SOFTWOOD	7
SOGGY	1
SOIL	1
SOIREE	8
SOJOURN	8
SOJOURNER	10
SOLACE	8
SOLAR	4
SOLARIUM	7
SOLDER	8
SOLDIER	2
SOLDIERLY	6
SOLDIERY	7
SOLE	2
SOLEMN	8
SOLEMNITY	7
SOLEMNIZE	9
SOLENOID	11
SOLICIT	7
SOLICITATION	9
SOLICITOR	8
SOLICITOUS	8
SOLICITUDE	11
SOLID	3
SOLIDARITY	8
SOLIDIFY	6
SOLIDITY	6
SOLILOQUY	8
SOLIPSISM	11
SOLIPSISTIC	12
SOLITAIRE	4
SOLITARY	4
SOLITUDE	7
SOLO	2
SOLOIST	5
SOLSTICE	6
SOLUBLE	7
SOLUTE	7
SOLUTION	4
SOLVABLE	5
SOLVE	2
SOLVENCY	9
SOLVENT	8
SOLVER	5
SOMATIC	10
SOMBER	7
SOMBRERO	4
SOME	0
SOMEBODY	0
SOMEDAY	1
SOMEHOW	3
SOMEONE	0
SOMEPLACE	1
SOMERSAULT	1
SOMETHING	0
SOMETIME	2
SOMETIMES	1
SOMEWAY	2
SOMEWHERE	1
SOMMELIER	10
SOMNAMBULANT	10
SOMNAMBULISM	12
SOMNAMBULISTIC	12
SOMNOLENT	8
SON	0
SONAR	6
SONATA	10
SONG	0
SONGBIRD	2
SONGBOOK	1
SONGSTER	7
SONGSTRESS	7
SONGWRITER	3
SONGWRITING	4
SONIC	6
SONNET	7
SONOGRAM	6
SONOROUS	10
SOON	0
SOOT	2
SOOTH	4
SOOTHE	3
SOOTHING	3
SOOTHSAYER	9
SOOTHSAYING	9
SOOTY	6
SOP	8
SOPHISTIC	9
SOPHISTICATE	9
SOPHISTICATED	6
SOPHISTICATION	5
SOPHISTRY	11
SOPHOMORE	6
SOPHOMORIC	8
SOPORIFIC	10
SOPPING	5
SOPPY	5
SOPRANO	6
SORBET	7
SORCERER	6
SORCERESS	5
SORCERY	5
SORDID	9
SORDIDNESS	9
SORE	1
SOREHEAD	6
SORENESS	3
SORGHUM	9
SORORITY	9
SORREL	9
SORROW	3
SORROWFUL	5
SORROWING	7
SORRY	0
SORT	2
SORTER	6
SORTIE	8
SOT	9
SOUBISE	11
SOUBRETTE	12
SOUFFLE	7
SOUGH	9
SOUK	10
SOUL	1
SOULFUL	6
SOULFULNESS	6
SOULLESS	6
SOUND	0
SOUNDER	6
SOUNDINGS	6
SOUNDNESS	7
SOUNDPROOF	6
SOUNDTRACK	4
SOUP	0
SOUPCON	10
SOUPY	2
SOUR	0
SOURBALL	4
SOURCE	4
SOURDOUGH	5
SOURPUSS	4
SOUSAPHONE	10
SOUSE	11
SOUTH	1
SOUTHBOUND	5
SOUTHEAST	4
SOUTHEASTERLY	8
SOUTHEASTERN	5
SOUTHERLY	9
SOUTHERN	3
SOUTHERNER	5
SOUTHERNMOST	6
SOUTHPAW	6
SOUTHWEST	4
SOUTHWESTER	5
SOUTHWESTERLY	6
SOUTHWESTERN	3
SOUVENIR	3
SOVEREIGN	8
SOVEREIGNTY	9
SOVIET	5
SOW	5
SOWBELLY	10
SOY	9
SOYA	10
SOYBEAN	7
SPA	6
SPACE	1
SPACECRAFT	2
SPACEMAN	3
SPACEPORT	8
SPACER	5
SPACESHIP	0
SPACESUIT	2
SPACING	4
SPACIOUS	4
SPACKLE	5
SPADE	3
SPADES	3
SPADEWORK	10
SPAGHETTI	0
SPALL	9
SPAM	9
SPAN	7
SPANDEX	5
SPANGLE	6
SPANGLED	4
SPANIEL	3
SPANK	0
SPANKER	6
SPANKING	0
SPANNER	8
SPAR	6
SPARE	3
SPARERIB	5
SPARERIBS	5
SPARK	3
SPARKER	3
SPARKLE	1
SPARKLER	1
SPARKLING	3
SPARKLY	0
SPARKPLUG	5
SPARROW	2
SPARROWGRASS	10
SPARSE	7
SPASM	4
SPASMODIC	8
SPASTIC	7
SPAT	4
SPATE	8
SPATIAL	8
SPATTER	5
SPATULA	2
SPAWN	6
SPAY	7
SPEAK	0
SPEAKEASY	6
SPEAKER	1
SPEAKERPHONE	5
SPEAR	2
SPEARFISH	7
SPEARHEAD	7
SPEARMINT	2
SPEC	7
SPECIAL	0
SPECIALIST	5
SPECIALIZATION	6
SPECIALIZE	6
SPECIALNESS	4
SPECIALTY	4
SPECIE	6
SPECIES	3
SPECIFIC	4
SPECIFICATION	7
SPECIFICITY	7
SPECIFY	4
SPECIMEN	7
SPECIOUS	11
SPECIOUSNESS	12
SPECK	3
SPECKLED	4
SPECS	8
SPECTACLE	4
SPECTACULAR	4
SPECTATOR	6
SPECTER	9
SPECTRAL	8
SPECTROGRAM	8
SPECTROGRAPH	9
SPECTROGRAPHIC	12
SPECTROMETER	10
SPECTROMETRY	11
SPECTROSCOPE	10
SPECTROSCOPIC	11
SPECTROSCOPY	12
SPECTRUM	7
SPECULATE	6
SPECULATION	8
SPECULATIVE	8
SPECULATOR	7
SPECULUM	9
SPEECH	1
SPEECHIFY	9
SPEECHLESS	4
SPEECHMAKER	6
SPEECHMAKING	5
SPEECHWRITER	6
SPEED	0
SPEEDBALL	7
SPEEDBOAT	2
SPEEDER	5
SPEEDOMETER	4
SPEEDSTER	4
SPEEDWAY	4
SPEEDY	2
SPELL	0
SPELLBINDER	5
SPELLBINDING	7
SPELLBOUND	5
SPELLCHECK	6
SPELLER	2
SPELLING	1
SPELUNKING	7
SPEND	1
SPENDABLE	5
SPENDER	4
SPENDTHRIFT	8
SPERM	6
SPERMACETI	12
SPERMATOGENESIS	12
SPERMICIDAL	10
SPEW	4
SPHENOID	11
SPHERE	3
SPHERICAL	7
SPHEROIDAL	8
SPHINCTER	9
SPHINX	5
SPHYGMOMANOMETER	12
SPIC	7
SPICE	2
SPICES	2
SPICK	8
SPICY	0
SPIDER	0
SPIDERWEB	0
SPIDERY	5
SPIEL	8
SPIFF	9
SPIFFY	4
SPIGOT	5
SPIKE	3
SPIKY	3
SPILL	0
SPILLAGE	6
SPILLOVER	9
SPILLWAY	6
SPIN	0
SPINACH	0
SPINAL	5
SPINDLE	6
SPINDLING	8
SPINDLY	6
SPINE	2
SPINELESS	6
SPINELESSNESS	7
SPINET	10
SPINNAKER	8
SPINNER	5
SPINNEY	7
SPINNINGWHEEL	3
SPINOUT	6
SPINSTER	8
SPINSTERHOOD	8
SPINSTERISH	10
SPINY	5
SPIRAL	4
SPIRE	7
SPIRIT	2
SPIRITED	4
SPIRITLESS	7
SPIRITS	4
SPIRITUAL	4
SPIRITUALISM	6
SPIRITUALIST	8
SPIRITUALISTIC	8
SPIRITUALITY	4
SPIRITUALIZE	6
SPIRITUOUS	8
SPIT	0
SPITBALL	3
SPITE	7
SPITEFUL	6
SPITEFULNESS	6
SPITFIRE	7
SPITTLE	5
SPITTOON	6
SPLASH	0
SPLASHDOWN	6
SPLASHY	1
SPLAT	1
SPLATTER	3
SPLAY	11
SPLEEN	6
SPLEENY	9
SPLENDID	2
SPLENDIFEROUS	10
SPLENDOR	6
SPLENETIC	12
SPLENIC	11
SPLICE	8
SPLICER	10
SPLINT	4
SPLINTER	0
SPLIT	1
SPLITTER	5
SPLOTCH	3
SPLOTCHY	5
SPLURGE	6
SPLUTTER	8
SPOIL	1
SPOILER	5
SPOILS	4
SPOILSPORT	3
SPOKE	1
SPOKESMAN	4
SPOKESPERSON	6
SPOKESWOMAN	7
SPOLIATION	10
SPONGE	0
SPONGER	10
SPONGIFORM	10
SPONGY	4
SPONSOR	6
SPONSORSHIP	8
SPONTANEITY	8
SPONTANEOUS	5
SPOOF	5
SPOOK	2
SPOOKY	1
SPOOL	3
SPOON	0
SPOONBILL	11
SPOONFUL	0
SPOOR	8
SPORADIC	7
SPORE	6
SPORRAN	12
SPORT	1
SPORTING	4
SPORTIVE	8
SPORTSCAST	4
SPORTSCASTER	5
SPORTSMAN	6
SPORTSMANLIKE	5
SPORTSMANSHIP	4
SPORTSWEAR	5
SPORTSWOMAN	4
SPORTSWRITER	7
SPORTY	2
SPOT	0
SPOTLESS	2
SPOTLIGHT	3
SPOTTER	7
SPOTTY	2
SPOUSAL	8
SPOUSE	5
SPOUT	3
SPRAIN	4
SPRAWL	5
SPRAWLING	7
SPRAY	1
SPRAYER	3
SPREAD	1
SPREADER	4
SPREADSHEET	10
SPREE	5
SPRIG	5
SPRING	1
SPRINGBOARD	6
SPRINGBOK	10
SPRINGTIME	1
SPRINGY	4
SPRINKLE	1
SPRINKLER	1
SPRINT	4
SPRINTER	5
SPRIT	3
SPRITE	4
SPRITSAIL	12
SPROCKET	8
SPROUT	4
SPRUCE	6
SPRY	7
SPUD	4
SPUMONI	9
SPUNK	6
SPUNKY	3
SPUR	4
SPURGE	10
SPURIOUS	10
SPURN	7
SPURT	5
SPUTTER	5
SPUTUM	10
SPY	3
SPYGLASS	6
SPYWARE	9
SQUAB	8
SQUABBLE	5
SQUAD	5
SQUADRON	9
SQUALID	9
SQUALL	7
SQUALOR	9
SQUANDER	6
SQUARE	0
SQUASH	2
SQUASHY	5
SQUAT	3
SQUATTER	6
SQUATTY	6
SQUAW	3
SQUAWK	4
SQUAWKER	6
SQUEAK	1
SQUEAKER	4
SQUEAKY	0
SQUEAL	2
SQUEALER	5
SQUEAMISH	5
SQUEEGEE	5
SQUEEZE	0
SQUEEZEBOX	6
SQUEEZER	3
SQUELCH	7
SQUELCHING	10
SQUELCHY	10
SQUIB	9
SQUID	2
SQUIGGLE	3
SQUIGGLY	2
SQUINT	3
SQUINTY	6
SQUIRE	6
SQUIRM	4
SQUIRMY	3
SQUIRREL	0
SQUIRT	2
SQUISH	1
SQUISHIER	3
SQUISHY	1
STAB	1
STABBER	4
STABILE	6
STABILITY	6
STABILIZATION	7
STABILIZE	6
STABILIZER	9
STABLE	4
STABLEMAN	5
STACCATO	5
STACK	1
STADIUM	2
STAFF	5
STAFFER	8
STAFFING	6
STAG	7
STAGE	1
STAGECOACH	4
STAGECRAFT	10
STAGEHAND	6
STAGEY	8
STAGGER	5
STAGNANT	7
STAGNATE	7
STAGNATION	8
STAGY	7
STAID	6
STAIN	0
STAINABLE	5
STAINLESS	6
STAIR	0
STAIRCASE	2
STAIRS	0
STAIRWAY	0
STAIRWELL	4
STAKE	3
STAKEOUT	6
STALAGMITE	7
STALE	3
STALEMATE	6
STALK	3
STALKER	6
STALL	3
STALLION	4
STALWART	9
STAMEN	6
STAMINA	6
STAMMER	5
STAMP	1
STAMPEDE	5
STANCE	5
STANCH	9
STANCHION	12
STAND	0
STANDARD	4
STANDARDIZATION	8
STANDARDIZE	6
STANDARDIZED	5
STANDBY	6
STANDEE	9
STANDOFF	5
STANDOFFISH	7
STANDOUT	6
STANDPIPE	9
STANDPOINT	7
STANDSTILL	5
STANDUP	2
STANZA	6
STAPH	9
STAPHYLOCOCCUS	10
STAPLE	2
STAPLER	1
STAR	0
STARBOARD	9
STARCH	6
STARCHY	6
STARDOM	5
STARDUST	4
STARE	3
STARFISH	1
STARGAZE	5
STARGAZER	6
STARK	7
STARLESS	4
STARLET	6
STARLIGHT	2
STARLING	8
STARLIT	5
STARRY	3
STARSHIP	4
START	0
STARTER	2
STARTLE	4
STARTLING	5
STARTUP	6
STARVATION	4
STARVE	3
STARVELING	9
STARVING	1
STASH	5
STASIS	8
STAT	8
STATE	1
STATECRAFT	10
STATEHOOD	7
STATEHOUSE	7
STATELESS	9
STATELY	7
STATEMENT	4
STATEROOM	7
STATESIDE	7
STATESMAN	8
STATESMANLIKE	9
STATESMANSHIP	6
STATEWIDE	5
STATIC	4
STATION	2
STATIONARY	2
STATIONERY	3
STATIONMASTER	5
STATISTIC	6
STATISTICAL	10
STATISTICIAN	8
STATISTICS	7
STATUARY	7
STATUE	3
STATUESQUE	9
STATUETTE	9
STATURE	6
STATUS	7
STATUTE	5
STATUTORY	10
STAUNCH	6
STAVE	8
STAY	0
STAYSAIL	10
STEAD	6
STEADFAST	9
STEADFASTNESS	8
STEADINESS	4
STEADY	2
STEADYING	6
STEAK	2
STEAKHOUSE	6
STEAL	1
STEALER	3
STEALTH	6
STEALTHY	6
STEAM	1
STEAMBOAT	3
STEAMER	4
STEAMING	5
STEAMROLL	6
STEAMROLLER	3
STEAMSHIP	2
STEAMY	4
STEED	6
STEEL	3
STEELHEAD	6
STEELMAKING	5
STEELWORKER	5
STEELY	8
STEEP	3
STEEPLE	2
STEEPLECHASE	8
STEEPLECHASER	8
STEEPLEJACK	8
STEER	1
STEERAGE	8
STEERAGEWAY	9
STEERING	3
STEERINGWHEEL	0
STEERSMAN	8
STEGOSAURUS	4
STEIN	9
STELE	9
STELLAR	7
STEM	2
STEMWARE	7
STENCH	4
STENCIL	2
STENO	9
STENOGRAPHER	9
STENOGRAPHIC	9
STENOGRAPHY	9
STENOTYPE	8
STENT	7
STEP	0
STEPBROTHER	3
STEPCHILD	3
STEPDAUGHTER	4
STEPFATHER	3
STEPLADDER	2
STEPMOTHER	1
STEPPARENT	4
STEPPE	7
STEPPER	4
STEPPINGSTONE	7
STEPS	0
STEPSISTER	3
STEPSON	3
STEPSTOOL	3
STEREO	1
STEREOCHEMISTRY	10
STEREOISOMERISM	9
STEREOMICROSCOPE	10
STEREOPHONIC	9
STEREOPTICON	10
STEREOSCOPIC	7
STEREOSCOPY	12
STEREOTYPE	6
STEREOTYPED	8
STEREOTYPICAL	8
STERILE	6
STERILITY	9
STERILIZATION	7
STERILIZE	7
STERILIZER	6
STERLING	6
STERN	4
STERNAL	11
STERNNESS	5
STERNUM	8
STEROID	9
STEROIDS	8
STETHOSCOPE	4
STEVEDORE	9
STEW	2
STEWARD	7
STEWARDESS	4
STEWARDSHIP	9
STEWPOT	4
STICK	0
STICKBALL	4
STICKER	0
STICKINESS	2
STICKLER	7
STICKMAN	2
STICKPIN	6
STICKUP	4
STICKY	0
STIFF	3
STIFFEN	5
STIFFENER	6
STIFFNESS	6
STIFLE	5
STIGMA	11
STIGMATIC	10
STIGMATISM	8
STILE	6
STILETTO	7
STILL	0
STILLBORN	8
STILLNESS	3
STILLY	8
STILT	5
STIMULANT	7
STIMULATE	5
STIMULATING	7
STIMULATION	4
STIMULATOR	7
STIMULATORY	8
STIMULUS	10
STING	1
STINGER	3
STINGINESS	4
STINGING	2
STINGY	3
STINK	0
STINKBUG	4
STINKER	0
STINKPOT	5
STINKWEED	5
STINKY	0
STINT	8
STIPEND	12
STIPPLE	10
STIPULATE	7
STIPULATION	9
STIR	1
STIRRER	4
STIRRUP	5
STITCH	2
STITCHING	4
STOAT	9
STOCK	4
STOCKADE	7
STOCKBROKER	6
STOCKER	6
STOCKHOLDER	8
STOCKING	2
STOCKINGS	0
STOCKPILE	6
STOCKPOT	6
STOCKROOM	5
STOCKTAKING	8
STOCKY	5
STOCKYARD	6
STODGY	9
STOGIE	7
STOIC	9
STOICAL	11
STOICISM	9
STOKE	7
STOKEHOLD	10
STOLE	1
STOLID	11
STOLIDITY	12
STOMA	11
STOMACH	0
STOMACHACHE	0
STOMACHER	9
STOMP	1
STOMPER	3
STONE	0
STONECUTTER	5
STONEFISH	8
STONEMASON	5
STONEMASONRY	9
STONEWALL	5
STONEWARE	7
STONEWORK	7
STONY	4
STOOGE	4
STOOL	1
STOOLIE	8
STOOP	5
STOP	0
STOPGAP	10
STOPLIGHT	1
STOPOVER	6
STOPPAGE	6
STOPPER	3
STOPWATCH	3
STORABLE	5
STORAGE	3
STORE	0
STOREFRONT	4
STOREHOUSE	4
STOREKEEPER	3
STOREKEEPING	5
STOREROOM	3
STOREWIDE	7
STORIED	7
STORK	3
STORM	0
STORMINESS	6
STORMY	1
STORY	0
STORYBOARD	7
STORYBOOK	0
STORYLINE	5
STORYTELLER	1
STORYTELLING	0
STORYWRITER	2
STOUP	6
STOUT	5
STOUTHEARTED	7
STOUTNESS	5
STOVE	0
STOVEPIPE	5
STOW	5
STOWAWAY	5
STRABISMUS	11
STRADDLE	4
STRAFE	9
STRAGGLE	6
STRAGGLER	6
STRAIGHT	2
STRAIGHTEDGE	6
STRAIGHTEN	3
STRAIGHTFORWARD	5
STRAIGHTFORWARDNESS	6
STRAIGHTJACKET	5
STRAIGHTNESS	4
STRAIN	4
STRAINER	5
STRAIT	6
STRAITJACKET	6
STRAITLACED	7
STRAND	3
STRANGE	1
STRANGENESS	4
STRANGER	0
STRANGLE	3
STRANGLEHOLD	6
STRANGULATION	5
STRAP	1
STRAPLESS	7
STRAPPING	4
STRATAGEM	8
STRATEGIC	6
STRATEGIST	6
STRATEGIZE	8
STRATEGY	4
STRATIFICATION	9
STRATOSPHERE	7
STRATOSPHERIC	10
STRATUM	10
STRATUS	8
STRAW	0
STRAWBERRY	0
STRAY	3
STREAK	3
STREAKER	6
STREAKY	4
STREAM	1
STREAMER	2
STREAMLET	8
STREAMLINE	9
STREAMLINED	8
STREAMLINER	9
STREET	0
STREETCAR	5
STREETLAMP	2
STREETLIGHT	1
STREETWALKER	8
STREETWALKING	7
STREETWISE	8
STRENGTH	1
STRENGTHEN	5
STRENUOUS	7
STREP	6
STREPTOCOCCAL	10
STREPTOKINASE	12
STREPTOMYCIN	12
STRESS	5
STRESSFUL	5
STRESSOR	7
STRETCH	0
STRETCHER	4
STRETCHY	1
STREW	5
STRIA	12
STRIATED	9
STRIATION	9
STRIATUM	11
STRICKEN	6
STRICT	3
STRICTNESS	4
STRICTURE	9
STRIDE	4
STRIDENT	9
STRIDER	8
STRIFE	7
STRIKE	3
STRIKEBREAKER	9
STRIKEOUT	2
STRIKER	4
STRING	0
STRINGED	4
STRINGENCY	10
STRINGENT	9
STRINGER	6
STRINGS	1
STRINGY	3
STRIP	3
STRIPE	0
STRIPED	0
STRIPER	4
STRIPLING	8
STRIPPER	6
STRIPTEASE	10
STRIPY	5
STRIVE	4
STROBE	6
STROBOSCOPE	10
STROBOSCOPIC	11
STROGANOFF	4
STROKE	4
STROLL	3
STROLLER	3
STRONG	0
STRONGBOX	7
STRONGHOLD	5
STRONGMAN	5
STRONGPOINT	7
STRONTIUM	11
STROP	8
STROPHIC	11
STROPPY	11
STRUCTURAL	6
STRUCTURE	4
STRUDEL	6
STRUGGLE	5
STRUM	4
STRUMPET	9
STRUT	4
STRYCHNINE	10
STUB	4
STUBBLE	4
STUBBLY	7
STUBBORN	2
STUBBORNNESS	3
STUBBY	5
STUCCO	7
STUD	6
STUDENT	1
STUDIO	5
STUDIOUS	6
STUDIOUSNESS	6
STUDY	2
STUFF	0
STUFFER	6
STUFFINESS	3
STUFFY	2
STULTIFICATION	12
STUMBLE	3
STUMBLEBUM	8
STUMP	3
STUMPER	5
STUN	5
STUNNER	6
STUNNING	5
STUNT	4
STUNTED	6
STUNTMAN	3
STUPEFY	7
STUPENDOUS	5
STUPID	0
STUPIDITY	2
STUPOR	8
STURDY	3
STURGEON	6
STUTTER	4
STUTTERER	5
STY	4
STYGIAN	10
STYLE	3
STYLING	3
STYLISH	3
STYLIST	4
STYLISTIC	7
STYLIZATION	8
STYLIZE	10
STYLIZED	7
STYLUS	8
STYPTIC	12
STYRENE	9
SUAVE	6
SUAVITY	8
SUB	2
SUBALTERN	11
SUBARACHNOID	11
SUBATOMIC	8
SUBBASEMENT	7
SUBCHAPTER	7
SUBCOMMITTEE	7
SUBCOMPACT	10
SUBCONSCIOUS	7
SUBCONTINENT	7
SUBCONTRACT	10
SUBCONTRACTOR	7
SUBCULTURE	10
SUBCUTANEOUS	9
SUBDIVIDE	8
SUBDIVISION	5
SUBDOMINANT	9
SUBDUE	6
SUBDURAL	12
SUBFLOOR	7
SUBFREEZING	6
SUBHEAD	7
SUBHUMAN	7
SUBJECT	2
SUBJECTION	8
SUBJECTIVE	7
SUBJECTIVITY	10
SUBJUGATE	9
SUBJUGATION	11
SUBJUNCTIVE	9
SUBLEASE	10
SUBLET	10
SUBLEVEL	9
SUBLIMATE	8
SUBLIMATION	9
SUBLIME	9
SUBLIMINAL	7
SUBLIMITY	10
SUBLINGUAL	10
SUBLUNAR	10
SUBMACHINE	7
SUBMARINE	3
SUBMARINER	6
SUBMERGE	4
SUBMERGENCE	10
SUBMERSE	6
SUBMERSIBLE	7
SUBMERSION	6
SUBMISSION	6
SUBMISSIVE	8
SUBMIT	4
SUBMITTER	6
SUBNET	10
SUBNORMAL	7
SUBORBITAL	10
SUBORDINATE	10
SUBORDINATION	8
SUBORN	6
SUBORNATION	8
SUBPAR	7
SUBPARAGRAPH	6
SUBPLOT	6
SUBPOENA	9
SUBROUTINE	9
SUBSCRIBE	5
SUBSCRIBER	5
SUBSCRIPTION	5
SUBSECTION	9
SUBSEQUENT	8
SUBSERVIENCE	9
SUBSERVIENT	9
SUBSET	7
SUBSIDE	5
SUBSIDIARY	10
SUBSIDING	7
SUBSIDIZE	9
SUBSIDIZED	10
SUBSIDY	7
SUBSIST	8
SUBSISTENCE	8
SUBSOIL	6
SUBSONIC	9
SUBSPACE	8
SUBSPECIALTY	9
SUBSTANCE	5
SUBSTANDARD	9
SUBSTANTIAL	6
SUBSTANTIATE	9
SUBSTANTIATION	8
SUBSTANTIVE	10
SUBSTATION	8
SUBSTITUTE	2
SUBSTITUTION	4
SUBSTRATE	11
SUBSTRATUM	9
SUBSTRUCTURE	9
SUBSURFACE	10
SUBSYSTEM	8
SUBTERFUGE	8
SUBTERRANEAN	8
SUBTEXT	9
SUBTITLE	5
SUBTLE	7
SUBTLENESS	6
SUBTLETY	8
SUBTOTAL	5
SUBTRACT	2
SUBTRACTION	1
SUBTYPE	8
SUBURB	5
SUBURBAN	7
SUBURBANITE	7
SUBURBANIZING	11
SUBURBIA	7
SUBVERSION	9
SUBVERSIVE	9
SUBVERT	8
SUBWAY	3
SUBZERO	7
SUCCEDANEUM	11
SUCCEED	3
SUCCESS	4
SUCCESSFUL	4
SUCCESSION	6
SUCCESSIVE	7
SUCCESSOR	7
SUCCINCT	9
SUCCOR	10
SUCCOTASH	5
SUCCUBUS	11
SUCCULENT	7
SUCCUMB	8
SUCH	1
SUCHLIKE	8
SUCK	1
SUCKER	1
SUCKERFISH	6
SUCKLE	5
SUCROSE	9
SUCTION	4
SUDDEN	2
SUDDENLY	2
SUDDENNESS	4
SUDS	2
SUDSY	3
SUE	6
SUEDE	6
SUET	6
SUFFER	4
SUFFERANCE	8
SUFFERER	4
SUFFERING	2
SUFFICE	7
SUFFICIENCY	7
SUFFICIENT	6
SUFFIX	4
SUFFOCATE	5
SUFFOCATION	5
SUFFRAGAN	12
SUFFRAGE	9
SUFFRAGETTE	9
SUFFRAGIST	10
SUGAR	0
SUGARCANE	3
SUGARCOAT	6
SUGARED	2
SUGARLESS	4
SUGARLOAF	5
SUGARPLUM	3
SUGARY	2
SUGGEST	4
SUGGESTIBILITY	8
SUGGESTIBLE	6
SUGGESTION	5
SUGGESTIVE	5
SUICIDAL	6
SUICIDE	5
SUIT	2
SUITABILITY	6
SUITABLE	5
SUITCASE	3
SUITE	4
SUITOR	7
SUKIYAKI	9
SULFA	9
SULFANILAMIDE	12
SULFATE	9
SULFIDE	8
SULFITE	10
SULFONAMIDE	11
SULFUR	9
SULFURIC	7
SULK	3
SULKY	4
SULLEN	7
SULLY	8
SULPHUR	6
SULPHURIC	8
SULPHUROUS	8
SULTAN	4
SULTANATE	11
SULTRY	7
SUM	2
SUMAC	6
SUMMARIZATION	7
SUMMARIZE	6
SUMMARY	3
SUMMATION	9
SUMMER	0
SUMMERHOUSE	5
SUMMERTIME	0
SUMMERY	5
SUMMIT	5
SUMMON	6
SUMMONS	7
SUMO	5
SUMP	9
SUMPTUOUS	9
SUMPTUOUSNESS	9
SUN	0
SUNBATH	5
SUNBATHE	3
SUNBATHER	4
SUNBEAM	1
SUNBELT	7
SUNBIRD	7
SUNBURN	2
SUNBURST	6
SUNDAE	0
SUNDAY	0
SUNDECK	4
SUNDER	10
SUNDIAL	4
SUNDOWN	1
SUNDOWNER	10
SUNDRESS	4
SUNDRIES	8
SUNDRY	8
SUNFISH	4
SUNFLOWER	1
SUNGLASS	0
SUNGLASSES	1
SUNKEN	4
SUNLAMP	7
SUNLESS	2
SUNLIGHT	0
SUNLIT	3
SUNNY	1
SUNRAY	3
SUNRISE	1
SUNROOF	6
SUNROOM	4
SUNSCREEN	0
SUNSET	1
SUNSHINE	0
SUNSHINY	1
SUNSPOT	7
SUNSTROKE	5
SUNTAN	1
SUNTANNED	3
SUNUP	3
SUP	7
SUPER	0
SUPERAGENCY	11
SUPERB	5
SUPERCARGO	8
SUPERCHARGED	5
SUPERCHARGER	8
SUPERCILIOUS	10
SUPERCOMPUTER	7
SUPERCONDUCTING	9
SUPERCONDUCTIVITY	9
SUPERCONDUCTOR	9
SUPERCRITICAL	8
SUPEREGO	10
SUPERFICIAL	8
SUPERFLUITY	11
SUPERFLUOUS	9
SUPERGLUE	2
SUPERHEAT	6
SUPERHEATED	5
SUPERHERO	0
SUPERHIGHWAY	6
SUPERHUMAN	3
SUPERIMPOSE	8
SUPERIMPOSITION	8
SUPERINTENDANT	5
SUPERINTENDENT	4
SUPERIOR	5
SUPERIORITY	6
SUPERLATIVE	8
SUPERMARKET	0
SUPERMODEL	5
SUPERMOM	5
SUPERNATURAL	6
SUPERNORMAL	7
SUPERNOVA	6
SUPEROXIDE	10
SUPERPOSITION	8
SUPERPOWER	3
SUPERSEDE	8
SUPERSENSITIVE	8
SUPERSENSORY	8
SUPERSESSION	9
SUPERSET	10
SUPERSIZE	4
SUPERSONIC	5
SUPERSTAR	5
SUPERSTITION	5
SUPERSTITIOUS	4
SUPERSTORE	6
SUPERSTRUCTURE	8
SUPERTANKER	7
SUPERVISE	6
SUPERVISION	4
SUPERVISOR	4
SUPERVISORY	6
SUPERWOMAN	3
SUPINE	11
SUPPER	1
SUPPERTIME	0
SUPPLANT	8
SUPPLE	7
SUPPLEMENT	6
SUPPLEMENTAL	8
SUPPLEMENTARY	7
SUPPLENESS	6
SUPPLICANT	7
SUPPLICATE	11
SUPPLICATION	7
SUPPLIER	5
SUPPLY	4
SUPPORT	4
SUPPORTABLE	6
SUPPORTER	4
SUPPORTIVE	5
SUPPOSE	3
SUPPOSED	4
SUPPOSITION	7
SUPPOSITORY	7
SUPPRESS	8
SUPPRESSANT	10
SUPPRESSER	7
SUPPRESSION	7
SUPPRESSIVE	8
SUPPRESSOR	8
SUPPURATE	12
SUPPURATION	12
SUPREMACIST	9
SUPREMACY	8
SUPREME	3
SURCEASE	9
SURCHARGE	8
SURD	8
SURE	0
SUREFIRE	7
SURETY	7
SURF	2
SURFACE	4
SURFACTANT	11
SURFEIT	8
SURFER	3
SURGE	5
SURGEON	4
SURGERY	3
SURGICAL	6
SURLINESS	9
SURLY	6
SURMISE	8
SURMOUNT	9
SURMOUNTABLE	8
SURNAME	7
SURPASS	6
SURPLICE	10
SURPLUS	6
SURPRISE	0
SURPRISED	2
SURPRISING	3
SURREAL	9
SURREALISM	9
SURREALIST	9
SURREALISTIC	9
SURRENDER	3
SURREPTITIOUS	9
SURROGACY	10
SURROGATE	10
SURROUND	3
SURROUNDINGS	2
SURTAX	11
SURVEILLANCE	6
SURVEY	6
SURVEYOR	7
SURVIVABILITY	7
SURVIVABLE	6
SURVIVAL	3
SURVIVALIST	8
SURVIVE	2
SURVIVOR	3
SURVIVORSHIP	8
SUSCEPTIBILITY	9
SUSCEPTIBLE	5
SUSHI	6
SUSPECT	4
SUSPEND	4
SUSPENDER	2
SUSPENSE	5
SUSPENSEFUL	6
SUSPENSION	5
SUSPENSOR	7
SUSPICION	5
SUSPICIOUS	3
SUSPICIOUSNESS	6
SUSTAIN	5
SUSTAINABILITY	8
SUSTAINABLE	8
SUSTAINER	6
SUSTENANCE	8
SUSURRATION	7
SUTURE	10
SVELTE	10
SWAB	4
SWADDLE	5
SWADDLING	6
SWAG	8
SWAGGER	7
SWALLOW	0
SWALLOWER	5
SWALLOWTAIL	8
SWAMI	6
SWAMP	3
SWAMPLAND	3
SWAMPY	3
SWAN	1
SWANK	5
SWANKY	7
SWAP	3
SWARD	6
SWARM	4
SWART	10
SWARTHY	8
SWASH	7
SWASHBUCKLER	6
SWASHBUCKLING	7
SWASTIKA	6
SWAT	2
SWATCH	6
SWATH	8
SWATHE	7
SWATTER	6
SWAY	5
SWAYBACK	9
SWEAR	2
SWEAT	2
SWEATBAND	5
SWEATBOX	7
SWEATER	0
SWEATHOUSE	7
SWEATPANTS	2
SWEATSHIRT	0
SWEATSHOP	6
SWEATY	1
SWEEP	0
SWEEPBACK	7
SWEEPER	3
SWEEPSTAKE	6
SWEET	0
SWEETCORN	2
SWEETEN	3
SWEETENER	5
SWEETHEART	1
SWEETIE	2
SWEETNESS	2
SWEETSHOP	3
SWELL	2
SWELLFISH	5
SWELLHEAD	7
SWELTER	7
SWERVE	4
SWIFT	3
SWIFTNESS	5
SWIG	5
SWILL	9
SWIM	0
SWIMMER	0
SWIMMING	0
SWIMMINGPOOL	0
SWIMMY	3
SWIMSUIT	1
SWIMWEAR	0
SWINDLE	6
SWINDLER	7
SWINE	6
SWING	0
SWINGER	9
SWINGMAN	7
SWINGY	4
SWINISH	6
SWIPE	5
SWIRL	2
SWISH	5
SWISHY	4
SWITCH	0
SWITCHBACK	7
SWITCHBLADE	5
SWITCHBOARD	4
SWITCHEROO	3
SWITCHOVER	6
SWIVEL	5
SWIZZLE	5
SWOON	7
SWOONY	8
SWOOP	1
SWOOSH	2
SWORD	0
SWORDFISH	4
SWORDPLAY	5
SWORDSMAN	5
SWORDSMANSHIP	6
SWORDSWOMAN	5
SYBARITE	12
SYCAMORE	6
SYCOPHANT	11
SYCOPHANTIC	12
SYLLABICATION	9
SYLLABLE	3
SYLLABUS	9
SYLLOGISM	10
SYLVAN	8
SYM	9
SYMBIOSIS	10
SYMBIOTIC	9
SYMBOL	2
SYMBOLIC	5
SYMBOLISM	6
SYMBOLIZE	5
SYMMETRIC	5
SYMMETRICAL	6
SYMMETRY	6
SYMPATHETIC	4
SYMPATHIZE	4
SYMPATHIZER	8
SYMPATHY	4
SYMPHONIC	8
SYMPHONY	3
SYMPOSIUM	10
SYMPTOM	4
SYMPTOMATIC	6
SYNAGOGUE	7
SYNAPSE	10
SYNAPTIC	12
SYNC	8
SYNCHROMESH	9
SYNCHRONICITY	9
SYNCHRONISTIC	10
SYNCHRONIZATION	8
SYNCHRONIZE	7
SYNCHRONIZER	9
SYNCHRONOUS	11
SYNCOPATE	8
SYNCOPATION	7
SYNCOPE	11
SYNDICATE	10
SYNDICATION	10
SYNDROME	7
SYNECDOCHE	10
SYNERGISTIC	11
SYNERGY	10
SYNOD	9
SYNONYM	3
SYNONYMOUS	7
SYNOPSIS	8
SYNOPTIC	9
SYNOVIAL	11
SYNTAX	10
SYNTHESIS	7
SYNTHESIZE	8
SYNTHESIZER	6
SYNTHETIC	6
SYPHILIS	10
SYPHILITIC	12
SYRINGE	6
SYRUP	0
SYRUPY	2
SYSTEM	5
SYSTEMATIC	7
SYSTEMIC	9
SYSTEMIZE	9
SYSTOLIC	12
TAB	4
TABERNACLE	6
TABLE	0
TABLEAU	8
TABLECLOTH	1
TABLESPOON	2
TABLESPOONFUL	3
TABLET	2
TABLETOP	0
TABLEWARE	3
TABLOID	6
TABOO	7
TABULA	9
TABULATE	8
TABULATION	10
TABULATOR	10
TACHOMETER	9
TACHYCARDIA	11
TACHYON	12
TACIT	7
TACITURN	10
TACK	2
TACKINESS	5
TACKLE	4
TACKLER	7
TACKY	4
TACO	3
TACONITE	6
TACT	5
TACTFUL	5
TACTIC	6
TACTICAL	7
TACTICIAN	10
TACTICS	4
TACTILE	11
TACTLESS	7
TAD	4
TADPOLE	1
TAFFETA	9
TAFFRAIL	12
TAFFY	2
TAG	0
TAGALONG	4
TAGGER	5
TAI	9
TAIL	0
TAILBACK	7
TAILBONE	4
TAILCOAT	7
TAILGATE	6
TAILGATER	8
TAILLESS	3
TAILLIGHT	4
TAILOR	5
TAILPIPE	4
TAILSPIN	4
TAILWIND	9
TAINT	5
TAKA	12
TAKE	0
TAKEAWAY	4
TAKEDOWN	7
TAKEOFF	2
TAKEOUT	3
TAKEOVER	5
TAKER	3
TALC	5
TALCUM	5
TALE	1
TALEBEARER	6
TALENT	2
TALENTED	3
TALENTLESS	5
TALISMAN	8
TALK	0
TALKATIVE	3
TALKATIVENESS	3
TALKER	1
TALKIE	5
TALKY	5
TALL	0
TALLBOY	7
TALLISH	4
TALLNESS	2
TALLOW	6
TALLY	5
TALON	6
TALUS	11
TAMALE	6
TAMARIND	10
TAMARISK	10
TAMBOURINE	2
TAME	3
TAMER	6
TAMP	11
TAMPER	6
TAMPERPROOF	9
TAMPON	7
TAN	2
TANAGER	9
TANBARK	7
TANDEM	7
TANG	4
TANGELO	9
TANGENT	7
TANGENTIAL	9
TANGERINE	3
TANGIBILITY	8
TANGIBLE	7
TANGINESS	5
TANGLE	1
TANGO	6
TANGY	4
TANK	2
TANKARD	8
TANKER	4
TANNERY	8
TANNIC	10
TANSY	7
TANTALIZE	8
TANTALIZER	9
TANTALUM	12
TANTAMOUNT	10
TANTRIC	11
TANTRUM	2
TAP	1
TAPE	0
TAPELINE	6
TAPEMEASURE	3
TAPER	6
TAPERECORDER	4
TAPESTRY	6
TAPEWORM	6
TAPIOCA	4
TAPIR	6
TAPPER	3
TAPROOM	10
TAPS	4
TAPSTER	11
TAR	2
TARANTELLA	6
TARANTULA	3
TARDINESS	4
TARDY	2
TARGET	3
TARIFF	9
TARLATAN	12
TARMAC	8
TARN	8
TARNISH	6
TARO	9
TAROT	7
TARP	4
TARPAULIN	5
TARPON	9
TARRAGON	9
TARRY	6
TART	3
TARTAN	7
TARTAR	5
TARTARIC	10
TASK	3
TASKMASTER	6
TASSEL	4
TASTE	0
TASTEFUL	4
TASTELESS	5
TASTELESSNESS	6
TASTER	2
TASTY	0
TAT	7
TATTERED	5
TATTERS	5
TATTLE	1
TATTLER	0
TATTLETALE	1
TATTOO	3
TATTOOIST	6
TATTY	7
TAU	11
TAUNT	3
TAUPE	8
TAUT	6
TAUTNESS	7
TAUTOLOGY	11
TAVERN	4
TAW	10
TAWDRY	9
TAWNY	7
TAX	4
TAXABLE	6
TAXATION	6
TAXI	3
TAXICAB	3
TAXIDERMIST	7
TAXIDERMY	7
TAXMAN	8
TAXONOMIC	10
TAXPAYER	5
TAXPAYING	5
TEA	0
TEABAG	2
TEACH	0
TEACHABLE	4
TEACHER	0
TEACHING	0
TEACUP	0
TEAHOUSE	5
TEAK	10
TEAKETTLE	2
TEAKWOOD	8
TEAL	4
TEAM	1
TEAMMATE	1
TEAMSTER	8
TEAMWORK	3
TEAPOT	1
TEAR	0
TEARDOWN	5
TEARDROP	1
TEARFUL	3
TEARGAS	6
TEARJERKER	6
TEAROOM	6
TEARY	1
TEASE	0
TEASEL	9
TEASER	4
TEASHOP	5
TEASPOON	0
TEASPOONFUL	2
TEAT	7
TEATIME	2
TECH	8
TECHIE	11
TECHNETIUM	12
TECHNICAL	6
TECHNICALITY	8
TECHNICIAN	4
TECHNIQUE	7
TECHNO	9
TECHNOCRACY	12
TECHNOCRAT	11
TECHNOLOGICAL	6
TECHNOLOGY	4
TECHNOPHOBE	12
TECTONIC	6
TEDIOUS	7
TEDIOUSNESS	7
TEDIUM	9
TEE	3
TEEM	8
TEEMING	5
TEEN	3
TEENAGE	2
TEENAGED	3
TEENAGER	2
TEENS	3
TEENSY	2
TEENY	0
TEENYBOPPER	6
TEEPEE	1
TEETER	2
TEETHE	3
TEETHING	3
TEETOTAL	10
TEETOTALER	9
TELECAST	8
TELECOMMUNICATION	9
TELECOMMUTER	12
TELECONFERENCE	10
TELEGRAM	6
TELEGRAPH	5
TELEGRAPHER	6
TELEGRAPHIC	7
TELEGRAPHY	7
TELEKINESIS	9
TELEKINETIC	6
TELEMARKETER	7
TELEMARKETING	9
TELEMETRIC	9
TELEMETRY	10
TELEPATH	6
TELEPATHIC	7
TELEPATHY	6
TELEPHONE	0
TELEPHONIC	7
TELEPHONIST	7
TELEPHOTO	8
TELEPORT	4
TELEPORTATION	5
TELEPROMPTER	9
TELESCOPE	2
TELESCOPIC	6
TELETHON	7
TELETYPE	9
TELEVANGELISM	9
TELEVANGELIST	7
TELEVISE	5
TELEVISED	3
TELEVISION	0
TELEX	9
TELL	0
TELLER	5
TELLTALE	7
TELLURIUM	11
TEM	6
TEMBLOR	11
TEMERITY	9
TEMP	6
TEMPER	1
TEMPERA	9
TEMPERAMENT	6
TEMPERAMENTAL	5
TEMPERANCE	9
TEMPERATE	7
TEMPERATURE	1
TEMPEST	8
TEMPESTUOUS	10
TEMPLAR	10
TEMPLATE	6
TEMPLE	4
TEMPO	5
TEMPORAL	11
TEMPORARILY	3
TEMPORARY	4
TEMPORE	9
TEMPORIZE	8
TEMPT	4
TEMPTATION	3
TEMPTER	7
TEMPTING	5
TEMPTRESS	7
TEMPURA	10
TEMPUS	12
TEN	0
TENABILITY	12
TENABLE	10
TENACIOUS	9
TENACITY	9
TENANCY	9
TENANT	5
TENANTLESS	8
TEND	5
TENDENCY	8
TENDENTIOUS	9
TENDER	2
TENDERFOOT	6
TENDERHEARTED	4
TENDERIZE	5
TENDERIZER	6
TENDERLOIN	4
TENDERNESS	4
TENDINITIS	8
TENDON	5
TENDONITIS	10
TENDRIL	9
TENEMENT	8
TENET	9
TENNIS	3
TENNISRACKET	2
TENON	11
TENOR	8
TENSE	4
TENSENESS	6
TENSILE	9
TENSION	5
TENSOR	8
TENT	0
TENTACLE	4
TENTATIVE	7
TENTERHOOKS	9
TENTH	0
TENTMAKER	3
TENUOUS	8
TENURE	11
TEPEE	1
TEPID	8
TEQUILA	9
TERABYTE	10
TERAHERTZ	11
TERBIUM	11
TERCENTENARY	9
TERGIVERSATION	9
TERIYAKI	6
TERM	3
TERMAGANT	12
TERMINAL	4
TERMINATE	6
TERMINATION	7
TERMINATOR	6
TERMINOLOGY	6
TERMINUS	10
TERMITE	3
TERN	10
TERPSICHOREAN	11
TERRACE	5
TERRACOTTA	9
TERRAIN	6
TERRARIUM	7
TERRAZZO	7
TERRESTRIAL	7
TERRIBLE	1
TERRIER	4
TERRIFIC	1
TERRIFIED	4
TERRIFY	3
TERRIFYING	3
TERRINE	8
TERRITORIAL	5
TERRITORIALISM	8
TERRITORIALITY	9
TERRITORY	4
TERROR	4
TERRORISM	8
TERRORIST	8
TERRORISTIC	10
TERRORIZE	5
TERRYCLOTH	7
TERSE	6
TERSENESS	9
TERTIARY	9
TEST	1
TESTAMENT	4
TESTATOR	10
TESTER	4
TESTICLE	7
TESTICULAR	8
TESTIFY	5
TESTIMONIAL	7
TESTIMONY	5
TESTINESS	8
TESTOSTERONE	7
TESTY	4
TETANUS	6
TETCHY	11
TETHER	6
TETHERBALL	4
TETRACYCLINE	10
TETRAMETER	9
TETRAZZINI	9
TEXT	3
TEXTBOOK	3
TEXTILE	5
TEXTURAL	9
TEXTURE	4
TEXTURED	5
THALAMUS	12
THALIDOMIDE	12
THALLIUM	10
THAN	0
THANE	8
THANK	0
THANKFUL	1
THANKFULNESS	3
THANKLESS	6
THANKS	0
THANKSGIVING	0
THAT	1
THATCH	6
THATCHED	6
THAW	3
THE	0
THEATER	2
THEATERGOER	8
THEATRIC	6
THEATRICAL	4
THEATRICALITY	8
THEATRICS	6
THEFT	3
THEIR	0
THEISTIC	8
THEM	0
THEMATIC	9
THEME	4
THEMSELVES	1
THEN	2
THENCE	6
THEOCRACY	8
THEOLOGIAN	10
THEOLOGICAL	8
THEOLOGY	8
THEOREM	7
THEORETIC	8
THEORETICAL	8
THEORIST	7
THEORIZE	9
THEORY	4
THEOSOPHICAL	11
THEOSOPHIST	11
THERAPEUTIC	7
THERAPIST	6
THERAPY	7
THERE	0
THEREABOUT	5
THEREAT	8
THEREFORE	5
THEREUNTO	8
THERMAL	6
THERMIONIC	12
THERMOCOUPLE	10
THERMODYNAMIC	9
THERMODYNAMICS	10
THERMOGRAPH	11
THERMOMETER	2
THERMONUCLEAR	10
THERMOPLASTIC	11
THERMOS	3
THERMOSETTING	9
THERMOSTAT	4
THERMOSTATIC	8
THESAURUS	4
THESE	1
THESIS	8
THESPIAN	8
THETA	10
THEW	12
THEY	0
THIAMINE	9
THICK	1
THICKEN	4
THICKENER	4
THICKET	3
THICKHEADED	6
THICKNESS	1
THIEF	2
THIEVE	4
THIEVERY	5
THIEVING	4
THIGH	1
THIGHBONE	4
THIMBLE	3
THIMBLEFUL	5
THIN	1
THING	0
THINGAMABOB	1
THINGAMAJIG	2
THINGY	1
THINK	0
THINKER	3
THINNESS	3
THIRD	0
THIRST	1
THIRSTY	0
THIRTY	1
THIRTYISH	5
THIS	0
THISTLE	6
THISTLEDOWN	10
THONG	7
THORACIC	10
THORAX	6
THORIUM	12
THORN	1
THORNY	3
THOROUGH	4
THOROUGHBRED	6
THOROUGHFARE	8
THOROUGHLY	5
THOROUGHNESS	5
THORP	11
THOSE	0
THOUGH	2
THOUGHT	1
THOUGHTFUL	4
THOUGHTFULNESS	4
THOUGHTLESS	5
THOUGHTLESSNESS	5
THOUSAND	2
THOUSANDFOLD	7
THRALL	8
THRASH	4
THRASHER	6
THREAD	2
THREADBARE	7
THREADLIKE	7
THREAT	2
THREATEN	4
THREE	0
THREEPENCE	6
THREESCORE	8
THREESOME	8
THRESH	9
THRESHER	8
THRESHING	7
THRESHOLD	7
THRICE	7
THRIFT	5
THRIFTINESS	7
THRIFTY	6
THRILL	3
THRILLER	3
THRILLING	3
THRIVE	4
THRIVING	5
THRO	8
THROAT	0
THROATY	5
THROB	5
THROBBING	4
THROES	9
THROMBOCYTOPENIA	12
THROMBOCYTOPENIC	12
THROMBOSIS	12
THROMBUS	10
THRONE	2
THRONG	8
THROTTLE	6
THROUGH	1
THROUGHPUT	11
THROVE	8
THROW	0
THROWAWAY	1
THROWBACK	9
THROWER	4
THRUM	8
THRUSH	11
THRUST	5
THRUSTER	6
THRUSTING	7
THUD	3
THUG	6
THUGGISH	8
THUMB	0
THUMBHOLE	4
THUMBNAIL	4
THUMBPRINT	2
THUMBSCREW	7
THUMBTACK	2
THUMP	3
THUMPER	2
THUNDER	0
THUNDERBOLT	2
THUNDERCLAP	4
THUNDERCLOUD	2
THUNDERHEAD	7
THUNDEROUS	5
THUNDERSHOWER	3
THUNDERSTORM	2
THUNDERSTRUCK	7
THUS	4
THWACK	7
THWART	8
THYME	7
THYMINE	10
THYMUS	10
THYROID	9
TIARA	2
TIBIA	7
TIC	3
TICK	1
TICKER	5
TICKET	0
TICKLE	0
TICKLER	2
TICKLISH	0
TICKLY	0
TIDAL	7
TIDBIT	4
TIDDLYWINKS	5
TIDE	2
TIDEWATER	6
TIDINESS	5
TIDINGS	5
TIDY	4
TIE	0
TIEBREAKER	3
TIEPIN	8
TIER	7
TIERCE	10
TIERED	6
TIFFIN	12
TIGER	0
TIGERISH	7
TIGHT	0
TIGHTEN	2
TIGHTFISTED	8
TIGHTLIPPED	7
TIGHTNESS	3
TIGHTROPE	3
TIGHTS	2
TIGHTWAD	5
TIGRESS	4
TILE	2
TILING	6
TILL	2
TILLER	6
TILT	4
TILTER	5
TIMBER	1
TIMBRE	5
TIMBREL	11
TIME	0
TIMECARD	9
TIMEKEEPER	5
TIMEKEEPING	5
TIMELESS	5
TIMELESSNESS	6
TIMELY	6
TIMEOUT	1
TIMEPIECE	4
TIMER	1
TIMES	2
TIMESAVER	5
TIMESHARE	9
TIMESTAMP	9
TIMETABLE	6
TIMID	5
TIMIDITY	6
TIMING	4
TIMPANI	6
TIMPANIST	8
TIN	2
TINCTURE	10
TINDER	7
TINDERBOX	7
TINE	5
TINFOIL	3
TING	5
TINGE	5
TINGLE	4
TINHORN	7
TINKER	3
TINKERER	6
TINKLE	1
TINKLING	3
TINNED	8
TINNITUS	10
TINNY	5
TINPLATE	6
TINSEL	2
TINSMITH	6
TINT	5
TINTING	5
TINTINNABULATION	10
TINTYPE	12
TINY	0
TIP	0
TIPOFF	6
TIPPER	5
TIPPET	7
TIPPLE	9
TIPPLER	6
TIPSINESS	10
TIPSTER	9
TIPSY	8
TIPTOE	1
TIPTOP	3
TIRADE	8
TIRE	1
TIRED	0
TIREDNESS	2
TIRELESS	6
TIRELESSNESS	5
TIRESOME	3
TIRING	3
TISSUE	0
TIT	5
TITAN	6
TITANIUM	9
TITHE	7
TITHING	7
TITILLATE	9
TITILLATION	9
TITLE	1
TITMOUSE	8
TITRATE	10
TITTER	8
TITTLE	7
TITULAR	9
TIZZY	7
TOAD	1
TOADSTOOL	4
TOADY	5
TOAST	0
TOASTER	2
TOASTY	3
TOBACCO	2
TOBACCONIST	10
TOBOGGAN	5
TOCCATA	11
TOCK	2
TOCSIN	10
TODAY	0
TODDLE	7
TODDLER	1
TODDY	10
TOE	0
TOED	3
TOEHOLD	7
TOELESS	4
TOENAIL	0
TOFFEE	1
TOFU	7
TOG	8
TOGA	6
TOGETHER	1
TOGETHERNESS	2
TOGGLE	8
TOIL	6
TOILE	8
TOILER	11
TOILET	0
TOILETPAPER	0
TOILETRY	5
TOILETTE	4
TOILSOME	9
TOKAY	9
TOKE	8
TOKEN	3
TOLERABLE	5
TOLERANCE	4
TOLERANT	6
TOLERATE	5
TOLL	3
TOLLBOOTH	4
TOLLGATE	6
TOLLHOUSE	7
TOLUENE	11
TOMAHAWK	3
TOMATO	0
TOMB	6
TOMBOY	1
TOMBSTONE	3
TOMCAT	3
TOME	8
TOMFOOL	5
TOMFOOLERY	6
TOMMYROT	8
TOMOGRAPHY	9
TOMORROW	0
TOMTIT	8
TON	2
TONAL	8
TONALITY	8
TONE	3
TONELESS	7
TONER	9
TONG	5
TONGS	3
TONGUE	0
TONIC	8
TONIGHT	0
TONNAGE	7
TONSIL	5
TONSILLECTOMY	7
TONSILLITIS	5
TONSORIAL	10
TONSURE	8
TONTINE	10
TOO	0
TOOL	0
TOOLBOX	2
TOOLKIT	3
TOOT	1
TOOTER	6
TOOTH	0
TOOTHACHE	2
TOOTHBRUSH	0
TOOTHLESS	1
TOOTHPASTE	0
TOOTHPICK	2
TOOTHSOME	4
TOOTHY	4
TOOTS	1
TOP	0
TOPAZ	6
TOPCOAT	5
TOPER	7
TOPFLIGHT	6
TOPGALLANT	7
TOPIARY	9
TOPIC	3
TOPICAL	7
TOPKNOT	8
TOPLESS	5
TOPMOST	5
TOPNOTCH	5
TOPOGRAPHIC	8
TOPOGRAPHICAL	9
TOPOGRAPHY	8
TOPPLE	2
TOPSAIL	6
TOPSIDE	5
TOPSOIL	5
TOPSPIN	6
TOQUE	8
TOR	12
TORCH	3
TORCHBEARER	6
TORCHLIGHT	4
TORCHY	7
TORMENT	4
TORMENTOR	5
TORNADO	1
TORPEDO	3
TORPID	8
TORPIDITY	8
TORPOR	11
TORQUE	8
TORRENT	8
TORRENTIAL	9
TORRID	8
TORSION	10
TORSO	4
TORT	12
TORTE	9
TORTELLINI	7
TORTILLA	3
TORTOISE	1
TORTOISESHELL	5
TORTUOUS	8
TORTURE	6
TORTURER	6
TORTUROUS	7
TORUS	9
TOSS	0
TOSSPOT	7
TOSSUP	6
TOSTADA	8
TOT	2
TOTAL	2
TOTALITARIAN	9
TOTALITARIANISM	10
TOTALITY	7
TOTE	6
TOTEM	3
TOTEMIC	7
TOTEMPOLE	4
TOTTER	2
TOUCAN	4
TOUCH	0
TOUCHDOWN	3
TOUCHHOLE	10
TOUCHLINE	6
TOUCHSTONE	10
TOUCHUP	4
TOUCHY	5
TOUGH	0
TOUGHEN	3
TOUGHIE	4
TOUGHNESS	4
TOUPEE	5
TOUR	2
TOURISM	5
TOURIST	4
TOURISTY	7
TOURNAMENT	3
TOURNEDOS	10
TOURNEY	6
TOURNIQUET	8
TOUT	8
TOW	4
TOWARD	1
TOWARDS	1
TOWEL	0
TOWER	1
TOWERING	5
TOWHEAD	7
TOWHEADED	6
TOWLINE	7
TOWN	0
TOWNHOUSE	8
TOWNIE	7
TOWNSFOLK	4
TOWNSHIP	7
TOWNSMAN	4
TOWNSPEOPLE	3
TOWNSWOMAN	5
TOWPATH	10
TOXEMIA	12
TOXIC	4
TOXICITY	9
TOXICOLOGICAL	11
TOXICOLOGIST	10
TOXICOLOGY	10
TOXIN	4
TOY	0
TOYMAKER	1
TRACE	2
TRACEABLE	5
TRACER	5
TRACERY	7
TRACHEA	7
TRACHEAL	10
TRACHEOTOMY	10
TRACHOMA	12
TRACK	2
TRACKER	5
TRACKLESS	6
TRACKSIDE	6
TRACKSUIT	6
TRACT	9
TRACTABLE	7
TRACTION	6
TRACTOR	1
TRADE	1
TRADECRAFT	8
TRADEMARK	5
TRADEOFF	5
TRADER	4
TRADESMAN	6
TRADING	1
TRADITION	3
TRADITIONAL	5
TRADITIONALISM	8
TRADITIONALIST	8
TRAFFIC	1
TRAFFICKER	9
TRAFFICKING	10
TRAGEDIAN	11
TRAGEDY	5
TRAGIC	3
TRAGICOMEDY	9
TRAIL	1
TRAILBLAZER	6
TRAILBREAKER	6
TRAILER	1
TRAIN	0
TRAINDRIVER	3
TRAINEE	7
TRAINER	5
TRAINING	4
TRAINLOAD	4
TRAINMAN	2
TRAIPSE	7
TRAIT	6
TRAITOR	4
TRAITOROUS	6
TRAJECTORY	7
TRAM	6
TRAMLINE	10
TRAMP	3
TRAMPLE	4
TRAMPOLINE	2
TRAMWAY	7
TRANCE	5
TRANCELIKE	8
TRANQUIL	8
TRANQUILIZE	7
TRANQUILIZED	6
TRANQUILIZER	7
TRANQUILIZERS	7
TRANSACT	7
TRANSACTION	6
TRANSACTIONAL	10
TRANSATLANTIC	7
TRANSAXLE	9
TRANSCEIVER	9
TRANSCEND	9
TRANSCENDENCE	10
TRANSCENDENT	8
TRANSCENDENTAL	9
TRANSCENDENTALISM	9
TRANSCENDENTALIST	12
TRANSCONTINENTAL	7
TRANSCRIBE	8
TRANSCRIBER	7
TRANSCRIPT	9
TRANSCRIPTION	7
TRANSDUCER	9
TRANSECT	7
TRANSEPT	10
TRANSFER	5
TRANSFERABLE	5
TRANSFERENCE	9
TRANSFERRAL	8
TRANSFIGURATION	8
TRANSFORM	3
TRANSFORMATION	6
TRANSFORMATIONAL	9
TRANSFORMATIVE	10
TRANSFORMER	5
TRANSFUSE	8
TRANSFUSION	7
TRANSGENDER	10
TRANSGENDERED	12
TRANSGENIC	9
TRANSGRESS	10
TRANSGRESSION	7
TRANSGRESSOR	8
TRANSIENCE	9
TRANSIENT	9
TRANSISTOR	8
TRANSIT	6
TRANSITION	5
TRANSITIONAL	7
TRANSITIVE	7
TRANSITORY	10
TRANSLATABLE	6
TRANSLATE	5
TRANSLATION	5
TRANSLATOR	4
TRANSLUCENCE	9
TRANSLUCENT	7
TRANSMIGRATION	9
TRANSMISSION	7
TRANSMIT	5
TRANSMITTABLE	7
TRANSMITTER	7
TRANSMOGRIFICATION	11
TRANSMUTATION	11
TRANSMUTE	9
TRANSNATIONAL	10
TRANSOCEANIC	8
TRANSOM	8
TRANSONIC	11
TRANSPACIFIC	8
TRANSPARENCY	6
TRANSPARENT	6
TRANSPERSONAL	8
TRANSPIRE	7
TRANSPLANT	5
TRANSPLANTATION	7
TRANSPONDER	10
TRANSPORT	5
TRANSPORTABLE	5
TRANSPORTATION	3
TRANSPORTER	6
TRANSPOSE	9
TRANSPOSITION	9
TRANSSEXUAL	9
TRANSSHIPMENT	10
TRANSUBSTANTIATE	11
TRANSUBSTANTIATION	10
TRANSVERSE	10
TRANSVESTITE	9
TRAP	1
TRAPDOOR	4
TRAPEZE	4
TRAPEZIUM	11
TRAPEZOID	7
TRAPEZOIDAL	9
TRAPPER	4
TRAPSHOOTING	9
TRASH	0
TRASHCAN	0
TRASHY	3
TRAUMA	5
TRAUMATIC	6
TRAUMATISM	8
TRAUMATIZE	7
TRAVAIL	10
TRAVEL	1
TRAVELER	2
TRAVELOGUE	10
TRAVERSE	10
TRAVERTINE	7
TRAVESTY	7
TRAVOIS	12
TRAWL	9
TRAWLER	8
TRAY	1
TREACHEROUS	7
TREACHERY	7
TREACLE	12
TREAD	4
TREADMILL	6
TREASON	6
TREASONABLE	8
TREASONOUS	8
TREASURE	1
TREASURED	3
TREASURER	5
TREASURY	6
TREAT	0
TREATABLE	5
TREATISE	8
TREATMENT	3
TREATY	5
TREBLE	5
TREBUCHET	10
TREE	0
TREED	7
TREELESS	4
TREELIKE	4
TREETOP	1
TREK	5
TREKKER	7
TRELLIS	6
TREMBLE	4
TREMBLER	8
TREMENDOUS	6
TREMOLO	8
TREMOR	6
TREMULOUS	10
TRENCH	5
TRENCHANT	11
TREND	6
TRENDINESS	7
TRENDSETTER	8
TRENDSETTING	7
TRENDY	6
TREPAN	12
TREPANATION	11
TREPHINATION	9
TREPIDATION	10
TRESPASS	4
TRESPASSER	3
TRESS	6
TRESSES	6
TRESTLE	9
TRIAD	7
TRIAGE	9
TRIAL	4
TRIANGLE	0
TRIANGULAR	3
TRIANGULATE	8
TRIANGULATION	10
TRIATHLON	8
TRIBAL	4
TRIBE	3
TRIBESMAN	5
TRIBESWOMAN	5
TRIBULATION	10
TRIBUNAL	9
TRIBUNE	7
TRIBUTARY	8
TRIBUTE	5
TRICE	8
TRICEPS	6
TRICERATOPS	0
TRICHINOSIS	12
TRICK	1
TRICKERY	5
TRICKLE	3
TRICKSTER	4
TRICKY	1
TRICOLOR	8
TRICUSPID	11
TRICYCLE	0
TRIDENT	7
TRIFLE	7
TRIFLING	7
TRIFOCALS	8
TRIG	9
TRIGGER	3
TRIGGERMAN	9
TRIGLYCERIDE	11
TRIGONOMETRY	8
TRILBY	11
TRILINGUAL	8
TRILL	4
TRILLION	4
TRILLIUM	12
TRILOGY	6
TRIM	2
TRIMESTER	7
TRIMETER	9
TRIMMER	4
TRINE	7
TRINKET	4
TRINOMIAL	9
TRIO	3
TRIODE	10
TRIP	0
TRIPE	8
TRIPLE	2
TRIPLET	3
TRIPLEX	8
TRIPLICATE	9
TRIPOD	4
TRIPTYCH	8
TRIPWIRE	8
TRIREME	7
TRISKAIDEKAPHOBIA	12
TRITE	8
TRITIUM	11
TRIUMPH	5
TRIUMPHAL	7
TRIUMPHANT	4
TRIUMVIRATE	11
TRIUNE	12
TRIVET	8
TRIVIA	3
TRIVIAL	7
TRIVIALITY	8
TRIVIALIZE	8
TROCHAIC	10
TROGLODYTIC	12
TROLL	1
TROLLEY	3
TROLLOP	10
TROMBONE	3
TROMP	7
TROOP	3
TROOPER	6
TROOPS	3
TROOPSHIP	7
TROPHY	1
TROPIC	5
TROPICAL	4
TROPICS	5
TROT	2
TROTH	9
TROUBADOUR	8
TROUBLE	0
TROUBLED	2
TROUBLEMAKER	3
TROUBLESHOOTER	8
TROUBLESOME	3
TROUBLOUS	8
TROUGH	3
TROUNCE	6
TROUPE	8
TROUPER	5
TROUSER	2
TROUSERS	3
TROUSSEAU	10
TROUT	4
TROVE	9
TROW	8
TROWEL	7
TRUANCY	9
TRUANT	7
TRUCE	4
TRUCK	0
TRUCKER	2
TRUCKLE	9
TRUCKLOAD	3
TRUCULENT	9
TRUDGE	8
TRUE	0
TRUEHEARTED	6
TRUFFLE	9
TRUISM	9
TRUMP	6
TRUMPERY	12
TRUMPET	1
TRUNCHEON	10
TRUNDLE	6
TRUNK	3
TRUSS	8
TRUST	2
TRUSTABLE	3
TRUSTEE	8
TRUSTEESHIP	11
TRUSTFUL	4
TRUSTWORTHINESS	5
TRUSTWORTHY	3
TRUSTY	1
TRUTH	0
TRUTHFUL	1
TRUTHFULNESS	3
TRY	0
TRYOUT	4
TRYPTOPHAN	12
TRYST	12
TSAR	7
TSETSE	6
TSUNAMI	8
TUB	0
TUBA	2
TUBBY	5
TUBE	1
TUBER	5
TUBERCLE	8
TUBERCULAR	9
TUBERCULIN	9
TUBERCULOSIS	7
TUBFUL	3
TUBING	6
TUBULAR	7
TUCK	1
TUFT	5
TUFTED	8
TUG	0
TUGBOAT	1
TUITION	6
TULIP	2
TULLE	7
TUMBLE	3
TUMBLER	5
TUMBLEWEED	3
TUMBREL	7
TUMESCENCE	12
TUMESCENT	8
TUMID	11
TUMMY	0
TUMOR	5
TUMULT	7
TUMULTUOUS	9
TUMULUS	11
TUNA	1
TUNDRA	7
TUNE	2
TUNEABLE	8
TUNELESS	6
TUNER	4
TUNESMITH	7
TUNGSTEN	10
TUNIC	6
TUNNEL	1
TUNNY	8
TURBAN	5
TURBID	11
TURBINE	6
TURBO	7
TURBOCHARGER	8
TURBOJET	6
TURBOPROP	11
TURBOT	9
TURBULENCE	6
TURBULENT	8
TURD	3
TUREEN	9
TURF	6
TURGID	11
TURKEY	0
TURMERIC	10
TURMOIL	8
TURN	0
TURNABOUT	9
TURNAROUND	6
TURNCOAT	7
TURNDOWN	5
TURNER	5
TURNIP	2
TURNKEY	9
TURNOFF	6
TURNOUT	6
TURNOVER	5
TURNPIKE	6
TURNSTILE	9
TURNTABLE	5
TURPENTINE	5
TURPITUDE	8
TURQUOISE	3
TURRET	7
TURRETED	8
TURTLE	0
TURTLEBACK	5
TURTLEDOVE	4
TURTLEHEAD	5
TURTLENECK	2
TUSH	3
TUSK	3
TUSKER	10
TUSSLE	6
TUT	6
TUTEE	6
TUTELAGE	9
TUTELARY	9
TUTOR	4
TUTORIAL	5
TUTORING	4
TUTU	2
TUX	5
TUXEDO	3
TWADDLE	6
TWAIN	7
TWANG	7
TWAT	10
TWEAK	6
TWEE	10
TWEED	7
TWEET	8
TWEETING	12
TWEEZE	4
TWEEZER	5
TWEEZERS	2
TWELFTH	2
TWELVE	0
TWELVEMONTH	6
TWERP	3
TWICE	1
TWIDDLE	5
TWIG	1
TWILIGHT	5
TWILIT	8
TWILL	6
TWIN	1
TWINE	4
TWINGE	7
TWINKLE	0
TWINKLY	2
TWIRL	0
TWIRLER	3
TWIST	1
TWISTER	3
TWISTY	2
TWIT	7
TWITCH	4
TWITCHY	4
TWITTER	12
TWO	0
TWOFER	11
TWOSOME	7
TYCOON	5
TYKE	4
TYMPANIC	8
TYPE	2
TYPECAST	9
TYPEFACE	8
TYPESET	6
TYPESETTER	7
TYPESETTING	8
TYPEWRITE	7
TYPEWRITER	2
TYPEWRITTEN	4
TYPHOID	9
TYPHOON	5
TYPHUS	8
TYPICAL	4
TYPIFY	10
TYPIST	4
TYPO	6
TYPOGRAPHICAL	7
TYRANNICAL	8
TYRANNOSAUR	1
TYRANNOSAURUS	2
TYRANNOUS	8
TYRANNY	7
TYRANT	6
TYROSINE	11
UBIQUITOUS	11
UBIQUITY	12
UDDER	2
UGLINESS	1
UGLY	0
UKULELE	6
ULCER	8
ULCERATE	11
ULCERATED	11
ULCERATION	10
ULCERATIVE	9
ULNA	9
ULSTER	9
ULTERIOR	8
ULTIMATE	5
ULTIMATELY	5
ULTIMATUM	6
ULTRA	4
ULTRAHIGH	8
ULTRALOW	6
ULTRAMODERN	9
ULTRANATIONALIST	11
ULTRASONIC	10
ULTRASOUND	7
ULTRAVIOLET	6
UMBER	9
UMBILICAL	7
UMBILICUS	10
UMBRAGE	9
UMBRELLA	1
UMLAUT	11
UMP	5
UMPIRE	3
UNABASHED	9
UNABATED	9
UNABLE	3
UNABRIDGED	9
UNACCEPTABILITY	5
UNACCEPTABLE	5
UNACCOMMODATING	7
UNACCOMPANIED	6
UNACCOMPLISHED	6
UNACCOUNTABLE	6
UNACCOUNTED	5
UNACCUSTOMED	6
UNACHIEVABLE	7
UNACKNOWLEDGED	8
UNACQUAINTED	6
UNADORNED	8
UNADULTERATED	10
UNADVISED	7
UNAESTHETIC	8
UNAFFECTED	6
UNAFFILIATED	9
UNAFFORDABLE	6
UNAFRAID	4
UNAIDED	6
UNALIENABLE	8
UNALIKE	5
UNALLOYED	12
UNALTERABLE	7
UNALTERED	5
UNAMBIGUOUS	10
UNANCHORED	6
UNANIMITY	7
UNANIMOUS	6
UNANNOUNCED	4
UNANSWERABLE	4
UNANSWERED	3
UNANTICIPATED	7
UNAPOLOGETIC	5
UNAPPEALING	5
UNAPPEASED	9
UNAPPETIZING	6
UNAPPRECIATED	4
UNAPPRECIATIVE	4
UNAPPROACHABLE	7
UNAPPROVED	5
UNAPT	10
UNARMED	5
UNASHAMED	5
UNASKED	5
UNASSAILABLE	10
UNASSIGNED	5
UNASSISTED	4
UNASSUMING	6
UNATTACHED	6
UNATTAINABLE	6
UNATTENDED	5
UNATTRACTIVE	3
UNATTRIBUTED	8
UNAUTHORIZED	5
UNAVAILABILITY	5
UNAVAILABLE	5
UNAVAILING	8
UNAVOIDABLE	3
UNAWARE	5
UNBAKED	4
UNBALANCE	3
UNBALANCED	6
UNBARRED	8
UNBEARABLE	5
UNBEATABLE	3
UNBEATEN	5
UNBEAUTIFUL	4
UNBECOMING	7
UNBEFITTING	9
UNBELIEF	5
UNBELIEVABLE	3
UNBELIEVER	4
UNBELIEVING	6
UNBEND	3
UNBENDING	6
UNBIASED	9
UNBIDDEN	9
UNBILLED	7
UNBIND	7
UNBLEACHED	7
UNBLEMISHED	7
UNBLENDED	5
UNBLESSED	4
UNBLINKING	5
UNBLOCK	4
UNBLOCKED	5
UNBOLT	5
UNBORN	5
UNBOUNDED	6
UNBOWED	7
UNBRAID	4
UNBREAKABLE	3
UNBRIDGEABLE	7
UNBRIDLED	6
UNBROKEN	3
UNBUCKLE	1
UNBUCKLED	1
UNBURDEN	8
UNBURIED	4
UNBURNED	3
UNBURY	5
UNBUTTON	0
UNBUTTONED	0
UNCALCULATED	5
UNCALLED	4
UNCANNY	8
UNCAP	3
UNCARING	3
UNCASE	6
UNCATCHABLE	3
UNCAUGHT	4
UNCEASING	6
UNCELEBRATED	7
UNCENSORED	7
UNCEREMONIOUS	10
UNCERTAIN	3
UNCERTAINTY	7
UNCHAIN	3
UNCHAINED	3
UNCHALLENGED	6
UNCHALLENGING	6
UNCHANGEABLE	6
UNCHANGED	3
UNCHANGING	4
UNCHARACTERISTIC	6
UNCHARITABLE	5
UNCHARTED	6
UNCHARTERED	8
UNCHASTE	9
UNCHECK	4
UNCHECKED	6
UNCHRISTIAN	5
UNCIRCUMCISED	8
UNCIVIL	7
UNCIVILIZED	6
UNCLAIMED	5
UNCLASP	5
UNCLASSIFIED	7
UNCLE	0
UNCLEAN	2
UNCLEANNESS	3
UNCLEAR	3
UNCLENCH	6
UNCLICK	5
UNCLIP	5
UNCLOAK	6
UNCLOG	3
UNCLOSE	5
UNCLOUDED	4
UNCLUTTERED	5
UNCOIL	5
UNCOLLECTED	5
UNCOMBED	2
UNCOMFORTABLE	2
UNCOMMITTED	7
UNCOMMON	4
UNCOMMUNICATIVE	7
UNCOMPLAINING	8
UNCOMPLETED	4
UNCOMPLICATED	7
UNCOMPLIMENTARY	7
UNCOMPOUNDED	9
UNCOMPREHENDING	8
UNCOMPROMISED	6
UNCOMPROMISING	8
UNCONCERN	4
UNCONCERNED	5
UNCONDITIONAL	5
UNCONDITIONED	8
UNCONFINED	8
UNCONFIRMED	6
UNCONFUSED	4
UNCONNECTED	4
UNCONQUERABLE	8
UNCONQUERED	5
UNCONSCIONABLE	9
UNCONSCIOUS	4
UNCONSCIOUSNESS	4
UNCONSECRATED	7
UNCONSTITUTIONAL	9
UNCONSTITUTIONALITY	7
UNCONSTRAINED	8
UNCONSUMMATED	10
UNCONTAINED	7
UNCONTAMINATED	7
UNCONTESTABLE	9
UNCONTESTED	6
UNCONTROLLABLE	5
UNCONTROLLED	5
UNCONTROVERSIAL	8
UNCONVENTIONAL	7
UNCONVENTIONALITY	8
UNCONVINCED	6
UNCONVINCING	6
UNCOOKED	3
UNCOOPERATIVE	4
UNCOORDINATED	4
UNCORK	6
UNCORRECTED	3
UNCORROBORATED	9
UNCORRUPTED	6
UNCOUNTABLE	6
UNCOUNTED	4
UNCOUPLE	8
UNCOUPLED	8
UNCOUTH	6
UNCOVER	2
UNCRATED	5
UNCREATED	6
UNCREATIVE	3
UNCRITICAL	7
UNCROSS	3
UNCROSSED	5
UNCROWNED	6
UNCRUSHABLE	6
UNCRUSHED	3
UNCTION	10
UNCTUOUS	11
UNCULTURED	7
UNCURIOUS	4
UNCURL	3
UNCUT	4
UNDAMAGED	4
UNDATED	5
UNDAUNTED	8
UNDEAD	5
UNDECEIVE	7
UNDECIDED	3
UNDECLARED	8
UNDECORATED	4
UNDEFEATABLE	5
UNDEFEATED	4
UNDEFENDED	6
UNDEFILED	11
UNDEFINED	6
UNDELIVERABLE	6
UNDELIVERED	5
UNDEMANDING	8
UNDEMOCRATIC	8
UNDEMONSTRATIVE	9
UNDENIABLE	6
UNDEPENDABLE	3
UNDER	1
UNDERACHIEVEMENT	6
UNDERACHIEVER	5
UNDERAGE	6
UNDERAPPRECIATED	5
UNDERARM	2
UNDERBELLY	6
UNDERBID	9
UNDERBRUSH	5
UNDERCAPITALIZATION	10
UNDERCARRIAGE	6
UNDERCHARGED	7
UNDERCLASS	6
UNDERCLASSMAN	8
UNDERCLOTHES	3
UNDERCLOTHING	2
UNDERCOAT	8
UNDERCOOKED	5
UNDERCOVER	5
UNDERCROFT	9
UNDERCURRENT	6
UNDERCUT	7
UNDERDEVELOP	6
UNDERDEVELOPED	6
UNDERDOG	5
UNDERDONE	5
UNDERDRESSED	5
UNDERESTIMATE	5
UNDEREXPOSE	7
UNDEREXPOSED	8
UNDERFED	7
UNDERFUNDED	7
UNDERGARMENT	5
UNDERGIRD	9
UNDERGO	6
UNDERGRAD	9
UNDERGRADUATE	7
UNDERGROUND	2
UNDERGROWTH	6
UNDERHANDED	6
UNDERINSURED	11
UNDERLAY	7
UNDERLIE	6
UNDERLINE	2
UNDERLING	7
UNDERLIP	5
UNDERLYING	7
UNDERMANNED	9
UNDERMINE	7
UNDERMOST	6
UNDERNOURISHED	7
UNDERNOURISHMENT	8
UNDERPANTS	0
UNDERPASS	4
UNDERPAY	6
UNDERPLAY	9
UNDERPOWERED	6
UNDERPREPARED	6
UNDERPRIVILEGED	5
UNDERRATE	8
UNDERRATED	7
UNDERSCORE	7
UNDERSEA	1
UNDERSECRETARY	10
UNDERSELL	9
UNDERSEXED	10
UNDERSHERIFF	10
UNDERSHIRT	1
UNDERSHOOT	8
UNDERSHORTS	1
UNDERSHOT	6
UNDERSIDE	5
UNDERSIGNED	8
UNDERSIZE	3
UNDERSIZED	4
UNDERSLUNG	9
UNDERSTAFFED	8
UNDERSTAND	1
UNDERSTANDABLE	3
UNDERSTANDING	3
UNDERSTATE	7
UNDERSTATEMENT	5
UNDERSTUDY	7
UNDERTAKE	6
UNDERTAKER	5
UNDERTAKING	5
UNDERTONE	7
UNDERTOW	8
UNDERUTILIZED	8
UNDERWEAR	0
UNDERWEIGHT	3
UNDERWHELMED	7
UNDERWORLD	4
UNDERWRITE	7
UNDERWRITER	10
UNDERWRITING	10
UNDESERVED	5
UNDESERVING	6
UNDESIRABLE	6
UNDESIRED	6
UNDETECTABLE	6
UNDETECTED	5
UNDETERMINED	7
UNDETERRED	6
UNDEVELOPED	5
UNDEVIATING	10
UNDIAGNOSED	7
UNDIGESTED	6
UNDIGNIFIED	8
UNDILUTED	6
UNDIMINISHED	7
UNDIMMED	6
UNDIPLOMATIC	9
UNDIRECTED	6
UNDISCIPLINED	6
UNDISCLOSED	6
UNDISCOVERED	3
UNDISGUISED	6
UNDISPUTABLE	6
UNDISPUTED	6
UNDISTINGUISHED	8
UNDISTORTED	7
UNDISTRACTED	5
UNDISTURBED	4
UNDIVIDABLE	7
UNDIVIDED	4
UNDO	3
UNDOABLE	6
UNDOCK	5
UNDOCUMENTED	8
UNDOING	3
UNDOMESTICATED	10
UNDOUBTED	6
UNDRAPED	8
UNDREAMED	5
UNDRESS	0
UNDRESSED	0
UNDRINKABLE	2
UNDUE	6
UNDULATING	10
UNDULATION	10
UNDULATORY	10
UNDYING	5
UNEARNED	5
UNEARTH	6
UNEARTHLY	7
UNEASE	3
UNEASINESS	4
UNEASY	4
UNEATABLE	3
UNEATEN	3
UNEDITED	6
UNEDUCABLE	12
UNEDUCATED	5
UNELECTABLE	9
UNELECTED	6
UNEMBARRASSED	7
UNEMOTIONAL	5
UNEMPLOYABLE	7
UNEMPLOYED	6
UNEMPLOYMENT	6
UNENCLOSED	7
UNENCUMBERED	9
UNENDING	4
UNENDURABLE	8
UNENFORCEABLE	7
UNENGAGED	7
UNENLIGHTENED	9
UNENLIGHTENING	8
UNENTHUSED	7
UNENVIABLE	8
UNEQUAL	4
UNEQUALED	6
UNEQUIPPED	7
UNEQUIVOCAL	10
UNERRING	9
UNESCORTED	8
UNESSENTIAL	5
UNETHICAL	9
UNEVEN	2
UNEVENTFUL	5
UNEXAMINED	6
UNEXAMPLED	8
UNEXCELLED	5
UNEXCEPTIONAL	6
UNEXCITING	4
UNEXCUSED	4
UNEXPECTED	5
UNEXPIRED	5
UNEXPLAINABLE	4
UNEXPLAINED	3
UNEXPLODED	5
UNEXPLOITED	9
UNEXPLORED	3
UNEXPOSED	7
UNEXPRESSED	6
UNEXPURGATED	7
UNFAILING	7
UNFAIR	1
UNFAIRNESS	2
UNFAITHFUL	5
UNFAITHFULNESS	6
UNFAMILIAR	4
UNFAMILIARITY	7
UNFASHIONABLE	5
UNFASTEN	3
UNFASTENED	3
UNFATHOMABLE	10
UNFATHOMED	8
UNFAZED	6
UNFEASIBLE	10
UNFED	4
UNFEELING	5
UNFELT	6
UNFEMININE	7
UNFERTILIZED	7
UNFETTERED	9
UNFILTERED	5
UNFINISHED	3
UNFIRED	5
UNFIT	6
UNFITNESS	7
UNFIX	5
UNFLAGGING	9
UNFLAPPABLE	8
UNFLATTERING	5
UNFLINCHING	6
UNFOCUSED	5
UNFOLD	3
UNFORCED	4
UNFORESEEABLE	7
UNFORESEEN	7
UNFORGETTABLE	4
UNFORGIVABLE	5
UNFORGIVING	5
UNFORMED	5
UNFORTUNATE	4
UNFORTUNATELY	3
UNFOUNDED	7
UNFREEZE	2
UNFREEZING	4
UNFRIENDLINESS	1
UNFRIENDLY	2
UNFROCKED	7
UNFROZE	3
UNFROZEN	1
UNFULFILLED	6
UNFULFILLING	6
UNFUNNY	4
UNFURL	7
UNFURNISHED	6
UNGAINLY	5
UNGALLANT	7
UNGENEROUS	6
UNGENTLEMANLY	5
UNGLUED	2
UNGODLINESS	4
UNGODLY	4
UNGOVERNABLE	7
UNGOVERNED	7
UNGRACEFUL	4
UNGRACIOUS	6
UNGRADED	6
UNGRAMMATICAL	7
UNGRATEFUL	4
UNGROUNDED	5
UNGUARDED	6
UNGUENT	8
UNGUIDED	6
UNHALLOWED	8
UNHAND	7
UNHANDSOME	5
UNHAPPINESS	2
UNHAPPY	0
UNHARMED	4
UNHARMONIOUS	8
UNHARNESSED	5
UNHEALTHY	2
UNHEARD	3
UNHEATED	4
UNHEEDED	7
UNHELPFUL	3
UNHINDERED	7
UNHINGE	6
UNHIP	7
UNHITCH	4
UNHITTABLE	6
UNHOLY	4
UNHOOK	2
UNHORSE	5
UNHURT	2
UNHYGIENIC	7
UNICELLULAR	7
UNICORN	0
UNICYCLE	2
UNICYCLIST	3
UNIDENTIFIABLE	6
UNIDENTIFIED	5
UNIDIRECTIONAL	9
UNIFICATION	9
UNIFIED	6
UNIFORM	1
UNIFORMED	3
UNIFORMITY	7
UNIFY	5
UNIFYING	7
UNILATERAL	9
UNIMAGINABLE	5
UNIMAGINATIVE	5
UNIMPAIRED	6
UNIMPEACHABLE	8
UNIMPEDED	9
UNIMPORTANCE	5
UNIMPORTANT	3
UNIMPRESSED	5
UNIMPRESSIVE	5
UNIMPROVED	5
UNINDICTED	10
UNINFECTED	5
UNINFORMED	7
UNINHABITABLE	7
UNINHABITED	4
UNINHIBITED	8
UNINITIATED	7
UNINJURED	4
UNINSPECTED	6
UNINSPIRED	6
UNINSPIRING	6
UNINSURED	8
UNINTELLIGENT	6
UNINTELLIGIBLE	9
UNINTENDED	6
UNINTENTIONAL	4
UNINTERESTED	4
UNINTERESTING	5
UNINTERRUPTED	4
UNINVITED	4
UNINVITING	5
UNINVOLVED	6
UNION	4
UNIONISM	10
UNIONIST	9
UNIONIZE	11
UNIQUE	4
UNIQUENESS	6
UNISEX	6
UNISON	6
UNIT	3
UNITARIAN	9
UNITE	3
UNITY	4
UNIVERSAL	5
UNIVERSALIST	9
UNIVERSE	4
UNIVERSITY	6
UNJUST	6
UNJUSTIFIED	6
UNKEMPT	8
UNKIND	2
UNKINDNESS	3
UNKNOWABLE	5
UNKNOWING	4
UNKNOWN	3
UNLACE	3
UNLADYLIKE	5
UNLAMENTED	9
UNLATCH	4
UNLAWFUL	6
UNLEADED	7
UNLEARN	6
UNLEASH	3
UNLEAVENED	8
UNLESS	2
UNLICENSED	6
UNLIGHTED	4
UNLIKABLE	4
UNLIKEABLE	3
UNLIKELIHOOD	6
UNLIKELY	4
UNLIMBER	8
UNLIMITED	4
UNLINK	7
UNLISTED	6
UNLIT	3
UNLIVABLE	5
UNLIVED	6
UNLOAD	3
UNLOCK	2
UNLOGGED	8
UNLOOKED	5
UNLOOSE	7
UNLOOSEN	4
UNLOVABLE	4
UNLOVED	2
UNLOVELY	5
UNLOVING	4
UNLUCKY	2
UNMADE	4
UNMAKE	6
UNMAN	8
UNMANAGEABLE	6
UNMANLINESS	7
UNMANLY	6
UNMANNED	6
UNMANNERED	5
UNMANNERLY	5
UNMAPPED	6
UNMARKED	3
UNMARKETABLE	7
UNMARRIED	4
UNMASK	4
UNMATCHED	5
UNMEET	7
UNMENTIONABLE	6
UNMENTIONABLES	8
UNMENTIONED	6
UNMERCIFUL	5
UNMET	7
UNMILITARY	7
UNMISSED	6
UNMISTAKABLE	5
UNMITIGATED	11
UNMIXED	3
UNMODIFIED	8
UNMOLESTED	8
UNMONITORED	7
UNMOOR	8
UNMOTIVATED	5
UNMOVING	3
UNMUSICAL	4
UNNAMABLE	6
UNNAMED	4
UNNATURAL	4
UNNECESSARY	5
UNNEEDED	6
UNNERVE	7
UNNOTICEABLE	5
UNNOTICED	5
UNNUMBERED	4
UNOBSERVED	6
UNOBSTRUCTED	6
UNOBTAINABLE	9
UNOBTRUSIVE	9
UNOBVIOUS	7
UNOCCUPIED	4
UNOFFICIAL	6
UNOPENED	2
UNOPPOSED	6
UNORGANIZED	5
UNORIGINAL	6
UNORIGINALITY	6
UNORNAMENTED	7
UNORTHODOX	7
UNPACK	3
UNPAID	4
UNPAINTED	3
UNPALATABLE	9
UNPARALLELED	7
UNPARDONABLE	9
UNPATRIOTIC	6
UNPATROLLED	6
UNPAVED	4
UNPEEL	2
UNPERCEPTIVE	9
UNPERTURBED	8
UNPICK	4
UNPIN	3
UNPLANNED	3
UNPLEASANT	4
UNPLEASANTNESS	4
UNPLEASING	4
UNPLUG	2
UNPLUGGED	0
UNPOLISHED	4
UNPOLLUTED	4
UNPOPULAR	3
UNPOPULARITY	6
UNPOPULATED	5
UNPRACTICAL	7
UNPRACTICED	7
UNPRECEDENTED	8
UNPREDICTABILITY	7
UNPREDICTABLE	3
UNPREJUDICED	6
UNPREMEDITATED	9
UNPREPARED	3
UNPREPAREDNESS	6
UNPREPOSSESSING	9
UNPRESERVED	6
UNPRETENDING	5
UNPRETENTIOUS	9
UNPRINCIPLED	8
UNPRINTABLE	7
UNPROCESSED	6
UNPRODUCED	6
UNPRODUCTIVE	6
UNPROFESSIONAL	6
UNPROFITABLE	6
UNPROGRESSIVE	8
UNPROMISING	7
UNPROMPTED	5
UNPRONOUNCEABLE	7
UNPROTECTED	4
UNPROVEN	5
UNPROVOKED	7
UNPUBLISHED	7
UNPUNCTUAL	8
UNPUNCTUALITY	5
UNPUNISHED	3
UNQUALIFIED	7
UNQUENCHABLE	6
UNQUESTIONABLE	6
UNQUESTIONED	6
UNQUESTIONING	5
UNQUIET	4
UNQUOTE	8
UNRANKED	6
UNRATED	4
UNRAVEL	5
UNRAVELED	3
UNREACHABLE	5
UNREAD	3
UNREADABLE	4
UNREAL	2
UNREALISTIC	5
UNREALITY	6
UNREALIZED	6
UNREASON	7
UNREASONABLE	4
UNREASONABLENESS	7
UNREASONED	6
UNREASONING	7
UNRECOGNIZABLE	7
UNRECOGNIZED	4
UNRECONSTRUCTED	11
UNRECORDED	7
UNRECOVERABLE	6
UNRECOVERED	5
UNREDEEMABLE	7
UNREDEEMED	9
UNREEL	5
UNREFINED	6
UNREFRIGERATED	5
UNREGISTERED	5
UNREGULATED	7
UNREHEARSED	6
UNREINFORCED	6
UNRELATED	5
UNRELEASED	6
UNRELENTING	8
UNRELIABILITY	5
UNRELIABLE	4
UNRELIEVED	6
UNRELIGIOUS	5
UNREMARKABLE	6
UNREMARKED	7
UNREMEMBERED	4
UNREMITTING	11
UNREMORSEFUL	6
UNREPAIRED	4
UNREPEATABLE	4
UNREPENTANT	7
UNREPORTED	6
UNREPRESENTED	6
UNREQUESTED	6
UNREQUITED	10
UNRESOLVED	5
UNRESPONSIVE	6
UNREST	6
UNRESTRAINED	8
UNRESTRICTED	7
UNRETURNED	4
UNREVEALED	6
UNREVEALING	7
UNREWARDED	5
UNREWARDING	6
UNRIDDLE	8
UNRIGHTEOUS	5
UNRIGHTEOUSNESS	8
UNRIPE	3
UNRIVALLED	8
UNROLL	2
UNROMANTIC	6
UNRUFFLED	4
UNRULY	5
UNSADDLE	5
UNSAFE	0
UNSALTED	2
UNSALVAGEABLE	9
UNSANCTIFIED	9
UNSANCTIONED	9
UNSANITARY	6
UNSATISFACTORY	4
UNSATISFIED	3
UNSATURATED	9
UNSAVED	4
UNSAVORY	9
UNSAY	7
UNSCATHED	6
UNSCENTED	4
UNSCHEDULED	5
UNSCHOOLED	5
UNSCIENTIFIC	7
UNSCRAMBLE	5
UNSCRAMBLED	6
UNSCREENED	6
UNSCREW	2
UNSCRIPTED	7
UNSCRUPULOUS	9
UNSEAL	4
UNSEARCHABLE	6
UNSEASONABLE	6
UNSEASONED	7
UNSEAT	5
UNSECURED	6
UNSEEING	5
UNSEEMLINESS	7
UNSEEN	5
UNSELFCONSCIOUS	7
UNSELFISH	4
UNSELFISHNESS	5
UNSENTIMENTAL	7
UNSERIOUS	4
UNSET	5
UNSETTLE	5
UNSETTLEMENT	7
UNSEX	8
UNSHACKLE	6
UNSHACKLED	5
UNSHAKABLE	7
UNSHAKEN	5
UNSHAVED	5
UNSHAVEN	5
UNSHEATHE	7
UNSHELLED	5
UNSHIELDED	6
UNSHOD	8
UNSHORN	8
UNSIGHTLY	6
UNSIGNED	5
UNSINKABLE	5
UNSKILLED	5
UNSKILLFUL	5
UNSLEEPING	3
UNSMILING	4
UNSNARL	7
UNSOCIABLE	7
UNSOCIAL	4
UNSOLD	4
UNSOLICITED	9
UNSOLVABLE	5
UNSOLVED	4
UNSOPHISTICATED	8
UNSOUGHT	7
UNSOUND	7
UNSOWN	7
UNSPARING	8
UNSPEAKABLE	5
UNSPECIFIC	7
UNSPECIFIED	6
UNSPENT	5
UNSPOILED	4
UNSPOKEN	4
UNSPONSORED	7
UNSPORTING	8
UNSPORTSMANLIKE	3
UNSPOTTED	3
UNSTABLE	5
UNSTAINED	4
UNSTATED	6
UNSTEADINESS	6
UNSTEADY	3
UNSTERILIZED	7
UNSTOP	4
UNSTOPPABLE	4
UNSTOPPED	4
UNSTRAPPED	4
UNSTRING	5
UNSTRUCTURED	8
UNSTUCK	2
UNSTUDIED	6
UNSUBSTANTIAL	8
UNSUBSTANTIATED	8
UNSUCCESSFUL	4
UNSUITABILITY	7
UNSUITABLE	6
UNSUITED	8
UNSULLIED	6
UNSUNG	8
UNSUPERVISED	4
UNSUPPORTABLE	7
UNSUPPORTED	5
UNSURE	3
UNSURPASSED	8
UNSUSPECTED	7
UNSUSPECTING	5
UNSUSTAINABLE	9
UNSWEETENED	3
UNSWERVING	7
UNSYMPATHETIC	6
UNTAINTED	6
UNTALENTED	4
UNTAMABLE	8
UNTAMED	5
UNTANGLE	2
UNTANGLED	2
UNTAPPED	8
UNTARNISHED	8
UNTAUGHT	8
UNTAXED	8
UNTELEVISED	5
UNTENABLE	10
UNTENDED	6
UNTESTED	5
UNTHANKFUL	1
UNTHAWED	6
UNTHINKABLE	5
UNTHINKING	4
UNTHREATENED	6
UNTHREATENING	5
UNTHRIFTY	7
UNTIDINESS	3
UNTIDY	4
UNTIE	0
UNTIL	1
UNTIMED	5
UNTIMELY	5
UNTIRING	7
UNTITLED	5
UNTOLD	4
UNTOUCHABLE	4
UNTOUCHED	3
UNTOWARD	8
UNTRACEABLE	7
UNTRACED	5
UNTRACKED	5
UNTRADITIONAL	6
UNTRAINED	4
UNTRAMMELED	7
UNTRANSLATABLE	7
UNTREATABLE	6
UNTREATED	5
UNTRIED	7
UNTROUBLED	5
UNTRUE	2
UNTRUSTING	5
UNTRUSTWORTHY	6
UNTRUTH	3
UNTRUTHFUL	2
UNTRUTHFULNESS	4
UNTURNED	5
UNTUTORED	6
UNTWINE	6
UNTWIST	2
UNUSABLE	3
UNUSED	3
UNUSUAL	4
UNUTTERABLE	8
UNUTTERED	8
UNVALUED	5
UNVANQUISHED	9
UNVARNISHED	7
UNVEIL	6
UNVENTED	9
UNVENTILATED	7
UNVERIFIABLE	9
UNVERIFIED	6
UNVIABLE	8
UNWANTED	1
UNWARNED	5
UNWARRANTABLE	10
UNWARRANTED	8
UNWARY	8
UNWASHED	3
UNWATCHABLE	5
UNWATCHED	4
UNWAVERING	8
UNWEARIED	7
UNWEAVE	6
UNWED	6
UNWEDDED	7
UNWELCOME	4
UNWELCOMED	4
UNWELCOMING	6
UNWELL	3
UNWHOLESOME	7
UNWIELDINESS	9
UNWIELDY	7
UNWILLING	4
UNWILLINGNESS	4
UNWIND	3
UNWINNABLE	6
UNWIRE	4
UNWISE	2
UNWISHED	4
UNWITTING	7
UNWORKABLE	5
UNWORLDLY	6
UNWORN	2
UNWORTHINESS	6
UNWORTHY	6
UNWRAP	0
UNWRAPPED	2
UNWRINKLED	4
UNWRITTEN	6
UNYIELDING	8
UNZIP	1
UPBEAT	7
UPBRINGING	4
UPCOMING	4
UPCOUNTRY	7
UPDATE	4
UPDRAFT	6
UPEND	6
UPGRADE	4
UPHEAVAL	8
UPHOLD	6
UPHOLSTERY	8
UPKEEP	6
UPLAND	6
UPLIFT	5
UPLIFTING	5
UPLINK	9
UPLOAD	8
UPON	1
UPPER	3
UPPERCLASSMAN	8
UPPERCUT	7
UPPERMOST	5
UPPITY	5
UPRIGHT	3
UPRISE	7
UPRISING	6
UPROAR	5
UPROARIOUS	7
UPROOT	5
UPROOTED	5
UPSCALE	6
UPSET	0
UPSHOT	8
UPSIDES	4
UPSILON	11
UPSLOPE	7
UPSTAGE	6
UPSTAIRS	0
UPSTANDING	6
UPSTART	6
UPSTROKE	5
UPSURGE	9
UPSWING	8
UPTAKE	7
UPTICK	10
UPTIGHT	5
UPTURNED	4
UPWARD	1
UPWARDS	2
UPWELLING	6
UPWIND	7
URANIUM	6
URBAN	5
URBANE	7
URBANITE	11
URBANIZATION	9
URCHIN	6
UREA	9
UREMIA	12
UREMIC	8
URETER	10
URETHANE	9
URETHRA	8
URETHRAL	10
URGE	4
URGENCY	5
URGENT	4
URIC	9
URINAL	3
URINALYSIS	10
URINARY	8
URINATE	3
URINATION	5
URINE	5
URN	5
UROLOGIC	11
UROLOGICAL	12
UROLOGIST	10
UROLOGY	11
URSINE	9
URTICARIA	12
USABLE	3
USAGE	6
USE	0
USEABLE	4
USEFUL	1
USEFULNESS	5
USELESS	2
USELESSNESS	3
USER	5
USHER	4
USHERETTE	8
USUAL	4
USURER	8
USURIOUS	12
USURP	10
USURPATION	9
USURPER	9
USURY	12
UTENSIL	3
UTERINE	9
UTERUS	8
UTILE	10
UTILITARIAN	11
UTILITY	6
UTILIZATION	7
UTILIZE	6
UTMOST	6
UTOPIAN	8
UTOPIANISM	9
UTTER	4
UTTERANCE	8
UTTERMOST	8
UVULA	7
UXORIOUS	12
VACANCY	3
VACANT	5
VACATE	5
VACATION	0
VACATIONER	4
VACATIONLAND	4
VACCINATE	6
VACCINATION	4
VACCINE	3
VACILLATE	10
VACILLATOR	10
VACUOLIZATION	11
VACUOUS	11
VACUUM	2
VACUUMCLEANER	1
VAGABOND	7
VAGARY	10
VAGINA	4
VAGINAL	7
VAGRANCY	8
VAGRANT	8
VAGUE	5
VAGUENESS	9
VAIL	5
VAIN	6
VAINGLORIOUS	9
VAINGLORY	11
VALANCE	9
VALE	7
VALEDICTION	10
VALEDICTORIAN	8
VALEDICTORY	9
VALENCY	9
VALERIAN	11
VALET	9
VALETUDINARIAN	12
VALIANT	6
VALID	4
VALIDATE	8
VALIDATION	7
VALIDITY	9
VALISE	9
VALIUM	9
VALLEY	3
VALOR	8
VALORIZE	10
VALOROUS	8
VALUABLE	4
VALUABLES	3
VALUATE	8
VALUATION	8
VALUE	2
VALUELESS	6
VALVE	6
VALVULAR	12
VAMOOSE	7
VAMP	10
VAMPIRE	2
VAMPIRISM	6
VAN	0
VANADIUM	10
VANDAL	6
VANDALISM	7
VANDALISTIC	7
VANDALIZE	5
VANE	6
VANGUARD	8
VANILLA	0
VANISH	4
VANISHING	3
VANITY	6
VANLOAD	5
VANQUISH	6
VANQUISHED	8
VANQUISHER	7
VANQUISHING	9
VANTAGE	7
VAPID	10
VAPIDITY	10
VAPOR	3
VAPORIZATION	7
VAPORIZE	6
VAPORIZER	6
VAPOROUS	8
VAPORWARE	8
VAQUERO	6
VARIABILITY	8
VARIABLE	5
VARIANCE	9
VARIANT	7
VARIATION	5
VARICOLORED	9
VARICOSE	7
VARIEGATED	8
VARIEGATION	10
VARIETAL	9
VARIETY	3
VARIOUS	5
VARLET	9
VARMINT	6
VARNISH	5
VARSITY	7
VARY	4
VARYING	5
VAS	8
VASCULAR	10
VASE	3
VASECTOMY	9
VASOCONSTRICTION	12
VASOCONSTRICTOR	11
VASODILATOR	12
VASOMOTOR	12
VASOPRESSIN	12
VASSAL	8
VAST	5
VASTNESS	7
VASTY	10
VAT	5
VATIC	12
VAULT	4
VAUNTED	8
VEAL	6
VECTOR	6
VEER	6
VEGAN	9
VEGANISM	9
VEGETABLE	0
VEGETAL	8
VEGETARIAN	4
VEGETARIANISM	7
VEGETATION	6
VEGETATIVE	8
VEGGIE	2
VEHEMENT	9
VEHICLE	2
VEHICULAR	6
VEIL	5
VEILED	6
VEIN	4
VELAR	12
VELCRO	6
VELLUM	11
VELOCIPEDE	10
VELOCITY	8
VELOUR	8
VELOURS	8
VELUM	11
VELVET	3
VELVETEEN	4
VELVETY	3
VENA	9
VENAL	9
VENALITY	9
VENATION	9
VEND	5
VENDEE	11
VENDETTA	8
VENDING	6
VENDINGMACHINE	2
VENDOR	5
VENEER	7
VENERABLE	10
VENERATE	12
VENERATION	11
VENEREAL	10
VENETIAN	8
VENGEANCE	6
VENGEFUL	7
VENISON	7
VENOM	3
VENOMOUS	4
VENOUS	9
VENT	5
VENTILATE	8
VENTILATING	7
VENTILATION	5
VENTILATOR	6
VENTRAL	9
VENTRICLE	9
VENTRICULAR	10
VENTRILOQUISM	7
VENTRILOQUIST	3
VENTURE	6
VENTURESOME	8
VENUE	7
VENUS	4
VERACITY	10
VERANDA	7
VERB	3
VERBAL	3
VERBALIZATION	6
VERBALIZE	6
VERBIAGE	10
VERBOSE	8
VERBOTEN	10
VERDANT	8
VERDICT	6
VERDIGRIS	11
VERGE	6
VERIFIABLE	8
VERIFICATION	6
VERIFY	5
VERISIMILITUDE	11
VERITABLE	8
VERITY	10
VERMICELLI	10
VERMIFORM	12
VERMILION	7
VERMIN	6
VERMOUTH	12
VERNACULAR	9
VERNAL	7
VERNIER	8
VERSATILE	7
VERSATILITY	9
VERSE	3
VERSIFY	7
VERSION	3
VERSUS	4
VERTEBRA	6
VERTEBRAL	7
VERTEBRATE	6
VERTEX	8
VERTICAL	5
VERTIGO	9
VERVE	5
VERY	0
VESICLE	9
VESPER	8
VESPERS	8
VESSEL	5
VEST	1
VESTAL	10
VESTIBULE	6
VESTIGE	8
VESTIGIAL	11
VESTMENT	9
VESTRY	9
VESTURE	11
VET	3
VETERAN	5
VETERINARIAN	4
VETERINARY	3
VETO	6
VEX	9
VEXATION	10
VEXATIOUS	9
VIABILITY	9
VIABLE	9
VIADUCT	8
VIAL	5
VIANDS	12
VIBE	6
VIBES	5
VIBRANT	6
VIBRAPHONE	8
VIBRATE	5
VIBRATION	5
VIBRATO	8
VIBRATOR	8
VIBRATORY	9
VICAR	8
VICARAGE	9
VICARIOUS	9
VICE	8
VICEGERENT	12
VICEROY	11
VICHYSSOISE	8
VICINITY	5
VICIOUS	5
VICIOUSNESS	7
VICISSITUDE	9
VICTIM	4
VICTIMIZATION	8
VICTIMIZE	7
VICTIMIZER	8
VICTIMLESS	8
VICTORIOUS	5
VICTORY	3
VICTUALS	6
VICUNA	12
VIDEO	3
VIDEOCASSETTE	2
VIDEOPHONE	8
VIDEOTAPE	4
VIE	8
VIEW	1
VIEWER	4
VIEWERSHIP	8
VIEWFINDER	5
VIEWING	2
VIEWPOINT	6
VIEWPORT	8
VIGIL	4
VIGILANCE	6
VIGILANT	8
VIGILANTE	7
VIGILANTISM	9
VIGOR	6
VIGOROUS	5
VILE	7
VILENESS	6
VILIFY	11
VILLA	6
VILLAGE	3
VILLAGER	3
VILLAIN	3
VILLAINESS	7
VILLAINOUS	7
VILLAINY	5
VILLANELLE	12
VILLOUS	10
VIM	8
VINAIGRETTE	7
VINDICATE	7
VINDICATION	9
VINDICATOR	9
VINDICTIVE	9
VINDICTIVENESS	9
VINE	2
VINEGAR	2
VINEGARY	5
VINEYARD	6
VINOUS	9
VINTAGE	7
VINYL	6
VIOL	10
VIOLABLE	9
VIOLATE	6
VIOLATION	6
VIOLATOR	6
VIOLENCE	1
VIOLENT	3
VIOLET	2
VIOLIN	2
VIOLINIST	4
VIOLONCELLO	8
VIPER	5
VIRAGO	10
VIRAL	9
VIREO	10
VIRGIN	6
VIRGINAL	7
VIRGINITY	7
VIRIDIAN	12
VIRILE	9
VIRILITY	11
VIROLOGIST	11
VIROLOGY	11
VIRTUAL	5
VIRTUALLY	7
VIRTUE	7
VIRTUOSITY	9
VIRTUOSO	8
VIRTUOUS	7
VIRULENT	11
VIRUS	5
VISA	7
VISAGE	8
VISCERA	10
VISCERAL	10
VISCOSE	8
VISCOSITY	8
VISCOUNT	11
VISCOUS	8
VISELIKE	8
VISIBILITY	6
VISIBLE	3
VISION	2
VISIONARY	7
VISIT	1
VISITANT	7
VISITATION	5
VISITOR	1
VISOR	3
VISTA	8
VISUAL	4
VISUALIZATION	6
VISUALIZE	5
VISUALIZER	8
VITA	10
VITAL	5
VITALISM	6
VITALITY	8
VITALS	7
VITAMIN	0
VITAMINS	1
VITIATE	11
VITIATION	12
VITREOUS	9
VITRIFY	12
VITRIOL	10
VITRIOLIC	10
VITRO	10
VITUPERATION	9
VIVA	7
VIVACE	10
VIVACIOUS	8
VIVACITY	8
VIVANT	6
VIVID	7
VIVIDNESS	6
VIVIFICATION	11
VIVISECTION	12
VIVISECTIONIST	11
VIXEN	6
VIZIER	11
VOC	10
VOCABULARY	2
VOCAL	3
VOCALIC	9
VOCALIST	6
VOCALIZATION	6
VOCALIZE	4
VOCATION	8
VOCATIONAL	8
VOCATIVE	9
VOCIFEROUS	10
VODKA	6
VOGUE	7
VOGUISH	10
VOICE	0
VOICELESS	6
VOICEMAIL	7
VOICEPRINT	9
VOID	6
VOILE	9
VOLATILE	8
VOLATILITY	10
VOLATILIZE	9
VOLCANIC	3
VOLCANISM	6
VOLCANO	2
VOLE	7
VOLITION	8
VOLLEY	5
VOLLEYBALL	2
VOLT	6
VOLTAGE	7
VOLTAIC	11
VOLTMETER	8
VOLUBILITY	10
VOLUBLE	9
VOLUME	1
VOLUMES	5
VOLUMINOUS	9
VOLUNTARY	4
VOLUNTEER	2
VOLUNTEERISM	6
VOLUPTUARY	11
VOLUPTUOUS	8
VOMIT	1
VOODOO	6
VORACIOUS	7
VORACIOUSNESS	8
VORTEX	8
VOTE	3
VOTER	3
VOTIVE	7
VOUCH	6
VOUCHER	5
VOUCHSAFE	9
VOW	4
VOWEL	2
VOYAGE	3
VOYEUR	10
VOYEURISM	9
VOYEURISTIC	9
VULCANIZATION	10
VULCANIZE	10
VULCANIZED	9
VULGAR	7
VULGARIAN	9
VULGARISM	8
VULGARITY	7
VULNERABILITY	5
VULNERABLE	7
VULTURE	4
VULVA	8
WACKINESS	3
WACKO	4
WACKY	3
WAD	4
WADDING	7
WADDLE	3
WADE	4
WADER	6
WAFER	2
WAFFLE	0
WAFT	7
WAG	0
WAGE	6
WAGER	5
WAGES	5
WAGGISH	11
WAGGLE	5
WAGON	0
WAGONLOAD	4
WAIF	8
WAIL	4
WAILER	6
WAIN	9
WAINSCOT	9
WAINSCOTING	10
WAINWRIGHT	10
WAIST	1
WAISTBAND	5
WAISTCOAT	7
WAISTLINE	4
WAIT	0
WAITER	3
WAITPERSON	3
WAITRESS	2
WAIVE	8
WAIVER	6
WAKE	1
WAKEFUL	4
WAKEFULNESS	6
WAKEN	3
WAKEUP	0
WALK	0
WALKABOUT	8
WALKAWAY	3
WALKMAN	5
WALKOUT	6
WALKUP	5
WALKWAY	3
WALL	0
WALLABY	7
WALLBOARD	4
WALLET	1
WALLEYE	8
WALLEYED	8
WALLFLOWER	7
WALLOP	5
WALLOPING	5
WALLOW	4
WALLPAPER	2
WALNUT	1
WALRUS	0
WALTZ	5
WAMPUM	7
WAND	1
WANDER	2
WANDERER	5
WANDERLUST	8
WANE	9
WANGLE	8
WANNABE	6
WANT	0
WANTON	9
WANTONNESS	8
WAR	3
WARBLE	6
WARBLER	7
WARD	6
WARDEN	6
WARDER	5
WARDROBE	3
WARDROOM	8
WARE	6
WAREHOUSE	4
WAREHOUSING	5
WARFARE	4
WARHEAD	6
WARHORSE	8
WARINESS	7
WARLESS	7
WARLIKE	3
WARLOCK	5
WARLORD	7
WARM	0
WARMHEARTED	4
WARMONGER	8
WARMOUTH	12
WARMTH	1
WARN	1
WARNING	1
WARP	4
WARPATH	5
WARPED	4
WARPLANE	3
WARRANT	6
WARRANTEE	8
WARRANTLESS	9
WARRANTY	6
WARRING	5
WARRIOR	3
WARSHIP	5
WART	2
WARTHOG	3
WARTIME	3
WARTY	4
WARY	5
WASABI	9
WASH	0
WASHABLE	3
WASHBASIN	4
WASHBOARD	4
WASHBOWL	2
WASHCLOTH	0
WASHDAY	5
WASHER	1
WASHERWOMAN	3
WASHHOUSE	6
WASHINGMACHINE	0
WASHOUT	6
WASHRAG	1
WASHROOM	1
WASHSTAND	6
WASHTUB	2
WASHWOMAN	6
WASHY	4
WASP	1
WASPISH	9
WASSAIL	9
WASTAGE	7
WASTE	2
WASTEBASKET	1
WASTEFUL	2
WASTEFULNESS	4
WASTELAND	7
WASTEPAPER	3
WASTER	3
WASTEWATER	7
WATCH	0
WATCHABLE	4
WATCHBAND	2
WATCHDOG	4
WATCHER	1
WATCHFUL	3
WATCHFULNESS	5
WATCHMAKER	3
WATCHMAN	6
WATCHTOWER	4
WATCHWORD	8
WATER	0
WATERBED	2
WATERBIRD	5
WATERCOLOR	3
WATERCOLORIST	6
WATERCRESS	8
WATERFALL	0
WATERFOWL	7
WATERFRONT	3
WATERHOLE	3
WATERINGCAN	2
WATERLINE	5
WATERLOGGED	7
WATERMARK	7
WATERMARKED	9
WATERMELON	0
WATERPROOF	4
WATERPROOFING	6
WATERSHED	7
WATERSPOUT	3
WATERTIGHT	8
WATERWAY	4
WATERWHEEL	5
WATERWORKS	3
WATERY	2
WATT	7
WATTAGE	4
WATTLE	6
WAVE	0
WAVEFORM	9
WAVELENGTH	7
WAVER	6
WAVY	1
WAX	1
WAXED	4
WAXEN	6
WAXWING	10
WAXWORK	7
WAXY	3
WAY	0
WAYBILL	9
WAYFARER	11
WAYFARING	9
WAYLAY	8
WAYSIDE	6
WAYWARD	6
WEAK	1
WEAKEN	3
WEAKLING	5
WEAKNESS	3
WEAL	10
WEALD	10
WEALTH	4
WEALTHY	3
WEAN	5
WEAPON	2
WEAPONLESS	6
WEAPONRY	6
WEAR	0
WEARABLE	5
WEARER	2
WEARINESS	7
WEARY	5
WEASEL	2
WEATHER	1
WEATHERCOCK	7
WEATHERMAN	2
WEATHERPROOF	6
WEATHERTIGHT	7
WEATHERWORN	6
WEAVE	5
WEB	0
WEBBED	4
WEBBING	5
WEBBY	5
WEBCAM	11
WEBCAST	12
WEBCASTING	11
WEBMASTER	11
WEBPAGE	7
WEBSITE	8
WED	2
WEDDED	5
WEDDING	1
WEDGE	4
WEDGIE	3
WEDLOCK	6
WEE	1
WEED	2
WEEDS	1
WEEDY	6
WEEK	0
WEEKDAY	2
WEEKEND	0
WEEKENDER	7
WEEKLONG	3
WEEKLY	2
WEEKNIGHT	2
WEENIE	1
WEENSY	4
WEENY	3
WEEP	4
WEEPER	6
WEEPING	2
WEEPY	3
WEFT	11
WEIGH	2
WEIGHT	2
WEIGHTLESS	4
WEIGHTLESSNESS	4
WEIGHTLIFT	4
WEIGHTLIFTER	3
WEIGHTLIFTING	5
WEIGHTY	6
WEIRD	1
WEIRDNESS	4
WEIRDO	3
WELCH	4
WELCOME	0
WELD	7
WELDER	4
WELDING	5
WELFARE	6
WELKIN	12
WELL	1
WELLBEING	7
WELLBORN	6
WELLHEAD	12
WELLMANNERED	3
WELLNESS	5
WELLSPRING	9
WELSH	8
WELT	4
WELTER	7
WELTERWEIGHT	6
WENCH	6
WEND	8
WEREWOLF	2
WESKIT	10
WEST	1
WESTBOUND	5
WESTERLY	7
WESTERN	2
WESTERNER	4
WESTERNIZATION	9
WESTERNMOST	5
WET	0
WETBACK	8
WETLAND	6
WETNESS	3
WETSUIT	4
WHACK	1
WHACKER	6
WHALE	0
WHALEBOAT	4
WHALEBONE	4
WHALER	7
WHALING	5
WHAM	2
WHAMMY	4
WHAP	4
WHARF	6
WHAT	0
WHATEVER	1
WHATNOT	5
WHEAT	2
WHEATEN	7
WHEATGRASS	8
WHEEDLE	6
WHEEL	0
WHEELBARROW	2
WHEELBASE	9
WHEELCHAIR	2
WHEELHOUSE	8
WHEELIE	1
WHEELMAN	8
WHEELWRIGHT	7
WHEEZE	4
WHEEZY	5
WHELK	8
WHELP	5
WHEN	0
WHENCE	9
WHENEVER	1
WHERE	0
WHEREABOUTS	4
WHEREAS	6
WHEREBY	6
WHEREFORE	8
WHEREVER	2
WHEREWITHAL	7
WHERRY	7
WHET	7
WHETHER	2
WHETSTONE	8
WHEY	5
WHICH	2
WHICHEVER	3
WHICKER	6
WHIFF	5
WHIFFLETREE	9
WHIG	6
WHILE	2
WHILST	6
WHIM	6
WHIMPER	3
WHIMSICAL	6
WHIMSICALITY	8
WHIMSY	5
WHINE	1
WHINER	2
WHINEY	3
WHINNY	2
WHINY	2
WHIP	2
WHIPLASH	7
WHIPPERSNAPPER	5
WHIPPET	8
WHIPPOORWILL	7
WHIR	5
WHIRL	2
WHIRLIGIG	7
WHIRLPOOL	4
WHIRLWIND	6
WHIRLY	4
WHIRLYBIRD	7
WHISH	4
WHISK	4
WHISKBROOM	6
WHISKER	0
WHISKERED	3
WHISKERS	0
WHISKEY	4
WHISPER	0
WHISPERER	3
WHISPERY	6
WHIST	10
WHISTLE	0
WHISTLING	1
WHIT	6
WHITE	0
WHITECAPS	7
WHITEFISH	5
WHITEN	2
WHITENESS	3
WHITEOUT	4
WHITETAIL	5
WHITEWALL	6
WHITEWASH	6
WHITHER	6
WHITHERSOEVER	10
WHITING	8
WHITISH	4
WHITTLE	6
WHITTLER	4
WHIZ	3
WHIZZER	6
WHO	0
WHODUNIT	7
WHOEVER	1
WHOLE	2
WHOLEGRAIN	8
WHOLEHEARTED	7
WHOLENESS	5
WHOLESALE	7
WHOLESALER	8
WHOLESOME	5
WHOLESOMENESS	5
WHOM	3
WHOOP	5
WHOOPEE	3
WHOP	4
WHOPPER	3
WHOPPING	3
WHORE	7
WHOREHOUSE	7
WHOREMASTER	11
WHOREMONGER	8
WHORESON	11
WHORISH	8
WHORL	8
WHOSO	10
WHY	0
WICK	3
WICKED	3
WICKEDNESS	4
WICKER	5
WICKET	9
WICKING	9
WIDE	1
WIDEN	2
WIDENESS	4
WIDESCREEN	9
WIDESPREAD	4
WIDGET	9
WIDOW	4
WIDOWED	5
WIDOWER	4
WIDOWHOOD	5
WIDTH	4
WIELD	6
WIELDER	8
WIENER	2
WIENIE	2
WIFE	1
WIFEHOOD	8
WIFELESS	6
WIFELY	6
WIG	1
WIGGLE	0
WIGGLER	2
WIGLESS	6
WIGMAKER	5
WIGWAG	7
WIGWAM	4
WIKI	12
WILD	1
WILDCARD	5
WILDCAT	2
WILDCATTER	11
WILDEBEEST	6
WILDERNESS	4
WILDFIRE	5
WILDFLOWER	1
WILDLIFE	1
WILDNESS	3
WILE	7
WILINESS	8
WILL	3
WILLIES	4
WILLING	4
WILLINGNESS	4
WILLOW	2
WILLOWY	6
WILLPOWER	6
WILT	3
WILY	6
WIMP	2
WIMPLE	10
WIMPY	4
WIN	0
WINCE	4
WINCH	7
WIND	0
WINDAGE	8
WINDBAG	6
WINDBLOWN	4
WINDBREAK	4
WINDBREAKER	2
WINDBURN	5
WINDCHEATER	11
WINDER	3
WINDFALL	8
WINDLASS	10
WINDLESS	4
WINDMILL	0
WINDOW	0
WINDOWLESS	4
WINDOWPANE	4
WINDOWSILL	0
WINDPIPE	4
WINDPROOF	4
WINDSCREEN	6
WINDSHIELD	3
WINDSOCK	7
WINDSTORM	3
WINDSURF	6
WINDSURFER	6
WINDSURFING	6
WINDSWEPT	6
WINDUP	3
WINDY	0
WINE	3
WINEGLASS	4
WINEGROWER	6
WINEMAKER	6
WINEMAKING	5
WINERY	6
WING	0
WINGDING	7
WINGED	4
WINGER	8
WINGLESS	3
WINGMAN	8
WINGSPAN	5
WINGSPREAD	4
WINGTIP	7
WINK	3
WINKER	3
WINLESS	7
WINNABLE	5
WINNER	1
WINNINGS	2
WINO	6
WINSOME	7
WINSOMENESS	10
WINTER	0
WINTERBERRY	7
WINTERGREEN	3
WINTERIZE	5
WINTERTIME	1
WINTERY	4
WINTRY	4
WIPE	0
WIPEOUT	2
WIPER	3
WIRE	0
WIREGRASS	9
WIREHAIR	7
WIRELESS	9
WIREMAN	8
WIRETAP	8
WIRING	4
WIRY	5
WISDOM	5
WISE	2
WISEACRE	6
WISECRACK	4
WISENHEIMER	7
WISH	0
WISHBONE	2
WISHER	2
WISHFUL	4
WISP	5
WISPY	5
WISTFUL	7
WISTFULNESS	8
WIT	6
WITCH	0
WITCHCRAFT	5
WITCHERY	5
WITCHING	7
WITCHY	3
WITH	0
WITHDRAW	5
WITHDRAWAL	5
WITHER	4
WITHERING	5
WITHHOLD	7
WITHHOLDER	8
WITHHOLDING	8
WITHIN	3
WITHOUT	2
WITHSTAND	5
WITHY	9
WITLESS	6
WITNESS	4
WITS	5
WITTICISM	9
WITTING	9
WITTY	5
WIZ	4
WIZARD	1
WIZARDRY	4
WIZENED	10
WOAD	10
WOBBLE	2
WOBBLY	1
WOE	6
WOEBEGONE	8
WOEFUL	5
WOK	7
WOLD	10
WOLF	0
WOLFHOUND	7
WOLFISH	7
WOLFSBANE	8
WOLVERINE	5
WOMAN	0
WOMANHOOD	6
WOMANISH	5
WOMANIZE	9
WOMANIZER	8
WOMANKIND	7
WOMANLIKE	5
WOMANLY	6
WOMB	4
WOMBAT	6
WOMENFOLK	5
WONDER	3
WONDERFUL	1
WONDERFULNESS	4
WONDERMENT	7
WONDROUS	6
WONK	7
WONKY	7
WONT	3
WONTON	8
WOO	6
WOOD	0
WOODBLOCK	4
WOODCARVER	4
WOODCARVING	3
WOODCHOPPER	3
WOODCHUCK	3
WOODCOCK	9
WOODCRAFT	4
WOODCUTTER	3
WOODCUTTING	3
WOODED	4
WOODEN	1
WOODENHEAD	9
WOODLAND	2
WOODPECKER	2
WOODPILE	2
WOODS	0
WOODSHED	3
WOODSHOP	5
WOODSMAN	5
WOODSY	4
WOODWIND	4
WOODWORK	5
WOODWORKER	4
WOODWORKING	4
WOODWORM	7
WOOER	8
WOOF	0
WOOFER	9
WOOL	3
WOOLEN	3
WOOLGATHERING	7
WOOZY	3
WOP	7
WORD	0
WORDAGE	8
WORDING	5
WORDLESS	5
WORDPLAY	6
WORDSMITH	6
WORDY	6
WORK	1
WORKABILITY	6
WORKABLE	5
WORKADAY	5
WORKAHOLIC	5
WORKBENCH	2
WORKBOOK	2
WORKBOX	4
WORKDAY	4
WORKER	2
WORKFARE	9
WORKFORCE	6
WORKHORSE	6
WORKHOUSE	7
WORKINGMAN	6
WORKINGS	3
WORKLOAD	5
WORKMAN	1
WORKMANSHIP	7
WORKOUT	4
WORKPLACE	5
WORKROOM	5
WORKSHEET	3
WORKSHOP	3
WORKSPACE	4
WORKSTATION	6
WORKUP	7
WORKWEEK	5
WORLD	0
WORLDLINESS	7
WORLDLY	6
WORLDVIEW	7
WORLDWIDE	4
WORM	0
WORMHOLE	7
WORMLESS	5
WORMWOOD	10
WORMY	2
WORRIED	2
WORRIER	2
WORRIMENT	11
WORRISOME	4
WORRY	2
WORRYING	2
WORRYWART	4
WORSEN	3
WORSENING	6
WORSHIP	2
WORSHIPFUL	5
WORSHIPPER	3
WORSTED	8
WORT	6
WORTH	2
WORTHINESS	6
WORTHLESS	4
WORTHLESSNESS	5
WORTHWHILE	6
WORTHY	5
WOULD	0
WOUND	3
WRACK	8
WRAITH	8
WRANGLE	5
WRANGLER	5
WRAP	2
WRAPAROUND	7
WRAPPER	1
WRATH	5
WRATHFUL	6
WREAK	4
WREAKER	5
WREATH	2
WREATHE	4
WRECK	3
WRECKAGE	3
WRECKER	6
WREN	4
WRENCH	3
WREST	8
WRESTLE	0
WRESTLER	2
WRESTLING	2
WRETCH	5
WRETCHED	5
WRETCHEDNESS	8
WRIGGLE	1
WRING	3
WRINGER	4
WRINKLE	2
WRINKLED	2
WRINKLY	3
WRIST	1
WRISTBAND	3
WRISTLET	8
WRISTWATCH	2
WRIT	10
WRITE	0
WRITEABLE	4
WRITER	2
WRITHE	6
WRITING	0
WRONG	0
WRONGDOER	4
WRONGDOING	5
WRONGFUL	4
WRONGNESS	4
WROTH	8
WRY	8
WUNDERKIND	8
WYVERN	9
XENON	10
XENOPHOBE	12
XENOPHOBIA	11
XENOPHOBIC	9
XYLEM	9
XYLOPHONE	2
XYLOPHONIST	7
YACHT	5
YACHTING	7
YACHTSMAN	6
YAHOO	7
YAK	3
YAKITORI	12
YAM	3
YAMMER	8
YAMMERER	9
YANK	2
YAP	3
YAPPY	4
YARD	0
YARDAGE	6
YARDARM	10
YARDMAN	6
YARDMASTER	8
YARDSTICK	2
YARE	8
YARMULKE	9
YARN	2
YAW	8
YAWL	6
YAWN	0
YAWNER	3
YAWP	8
YEA	1
YEAR	0
YEARBOOK	5
YEARLING	6
YEARLONG	5
YEARN	7
YEAST	5
YELL	0
YELLER	3
YELLOW	0
YELLOWING	5
YELLOWNESS	2
YELLOWTAIL	6
YELLOWY	4
YELP	3
YEN	8
YENTA	12
YEOMAN	8
YERBA	12
YES	0
YESHIVA	9
YESTER	8
YESTERDAY	0
YESTERYEAR	6
YET	2
YETI	6
YEW	6
YIELD	3
YODEL	3
YOGA	8
YOGIC	10
YOGURT	0
YOKE	3
YOKEL	7
YOLK	1
YOND	8
YONDER	4
YONI	12
YORE	7
YOU	0
YOUNG	0
YOUNGBERRY	9
YOUNGISH	4
YOUNGSTER	1
YOUNKER	12
YOUR	0
YOURS	0
YOURSELF	0
YOUTH	2
YOUTHFUL	4
YOWL	8
YOYO	1
YUCCA	8
YUCKY	0
YULE	5
YULETIDE	5
YUMMY	0
YUPPIE	8
YURT	12
ZABAGLIONE	11
ZAFTIG	5
ZAIBATSU	12
ZANY	6
ZAP	2
ZAPPER	3
ZEAL	8
ZEALOT	7
ZEALOTRY	8
ZEALOUS	8
ZEALOUSNESS	9
ZEBRA	0
ZEE	9
ZEITGEIST	8
ZENITH	8
ZEPHYR	9
ZERO	0
ZEST	6
ZESTY	4
ZETA	9
ZIGGURAT	9
ZIGZAG	1
ZILCH	4
ZILLION	4
ZILLIONTH	4
ZINC	7
ZINFANDEL	12
ZING	5
ZINGER	5
ZIP	0
ZIPPER	0
ZIPPERED	2
ZIPPY	2
ZIRCON	7
ZIRCONIUM	10
ZIT	6
ZITHER	12
ZITI	7
ZLOTY	11
ZODIAC	5
ZODIACAL	10
ZOMBIE	3
ZONE	4
ZONING	7
ZOO	0
ZOOLOGICAL	7
ZOOLOGIST	6
ZOOLOGY	5
ZOOM	4
ZOON	7
ZUCCHINI	2
ZWIEBACK	11
ZYGOTE	10
